Temp_1,Temp_2,Temp_3,Temp_4,Temp_5,Temp_6
16.612,16.938,16.728,16.331,16.234,15.969
15.9307152538938,16.43669350934,16.3760790000623,16.1542539267288,16.1206920980237,15.9164266561088
15.4525695449019,16.0437809789182,16.0540184937979,15.9088408858087,15.9596763736713,15.8203780920817
15.0579027134564,15.6916089720656,15.766461210249,15.6778550973892,15.7834475013081,15.6895376390795
14.9347206672058,15.4933268357596,15.5467396639574,15.4738875718052,15.6131779769757,15.5686590609348
15.6500137859533,15.7578250377758,15.5862270921291,15.3932284159876,15.5030093917555,15.446235013511
17.1431670579804,16.6040293834852,16.0260982560181,15.6033145653209,15.5556316706406,15.4252029564753
18.5262827198235,17.6070274026216,16.7257642031195,16.0232464847081,15.7969996507513,15.5511458974491
19.2254745927698,18.3220280912767,17.3546978613333,16.510884159966,16.1474259356103,15.7888672067512
19.1716414205138,18.5449021024879,17.6938238035682,16.8719116498918,16.4711977575249,16.0570060074164
18.6973852828032,18.4158065737157,17.7764613914249,17.0521686119235,16.6875495545976,16.2764947866642
18.0472515247326,18.0784625259606,17.6321798441656,17.0729489558229,16.7951078209593,16.417215200886
17.4561844050531,17.6668011754222,17.3945161425219,16.9566633319022,16.7881061222856,16.4756787356949
17.06306646974,17.3594131212211,17.1566105659188,16.8072941675914,16.7075040498728,16.4481428123678
16.7865616193653,17.1064388955058,16.9454836064746,16.6571899903908,16.6105404518118,16.3929502762174
16.6151589915494,16.9267132772774,16.7862923058818,16.5180038954942,16.5028851428793,16.3205595611815
16.626207675067,16.8632624270195,16.6749511790561,16.418660043277,16.4189992609004,16.2451459815544
16.9051190527036,16.9720381634814,16.6953312319705,16.3879907537158,16.36188260202,16.2088373093368
17.1057824330676,17.1047035908019,16.7858677025268,16.4185918513718,16.3578065451251,16.1554279678186
17.8652711484947,17.4981447746344,16.990897868794,16.5268049892061,16.4096439533911,16.191349146708
18.9948851297248,18.3075475677879,17.5194869979414,16.8365057715687,16.5739597228403,16.2935798053707
18.93458538882,18.5029497092982,17.8127400758962,17.1134946070093,16.7997870081715,16.4558544489096
18.7952437001914,18.4975192229126,17.9144859743264,17.2567205693611,16.973154293813,16.6034362401875
18.3164452519153,18.2990709764658,17.8552290313063,17.2921776876193,17.0478697733732,16.7124627074057
17.7021837120316,17.9097231466436,17.6386660412272,17.2198167665956,17.0488245329706,16.7311230218907
17.1369819374784,17.5066673131307,17.3684265841455,17.0591623275999,16.9720286374675,16.7211816412043
16.7073250423264,17.1426580813943,17.0888707386145,16.8537554821884,16.8417382519442,16.6486792323148
16.3764062711764,16.8542814059631,16.8338184894201,16.6527118715985,16.6909349945114,16.5429849253662
16.3428233333498,16.7022459762666,16.6667701644537,16.4883564773,16.5447808468096,16.4306911316563
16.9110008208299,16.9523523052173,16.7092641478899,16.4507153235036,16.4793422078931,16.3487286038177
17.9037375820055,17.5298928391154,17.0167016341015,16.581504943839,16.5029037391667,16.3409040744163
19.3553194647755,18.4862962262111,17.6424783101493,16.9333262527159,16.6895256250046,16.4137377249182
20.1136199147018,19.2409355335382,18.2586758126919,17.4016612615415,17.004858658159,16.6195543817079
20.0274358670556,19.4327986432787,18.5894050324389,17.7345884840932,17.3040410320651,16.8628304737432
19.6514417136012,19.324141320527,18.6652733712332,17.9022753429355,17.5130841144459,17.070231412956
19.1230077983434,19.0465038375749,18.5543671757288,17.9359914692692,17.6099853546778,17.1980114768255
18.3269623936885,18.5568641305082,18.2792862983355,17.8189612590186,17.5997295620877,17.2317238186161
17.5517501966471,17.9952972423607,17.8975719760555,17.5972397494674,17.4908290348419,17.2109237408496
16.8666192869849,17.4542241702458,17.4907847842769,17.3080228247534,17.3094100610163,17.1051835360627
16.2498476104577,16.9422251865671,17.080890935948,16.9939502145128,17.0836728946647,16.9431958090676
15.8931982534307,16.5585295673888,16.7180320779231,16.6985398047946,16.843100550127,16.7683042019675
16.3540022800131,16.663404301626,16.6191507332798,16.5226409011116,16.6526991697823,16.5985423832357
17.3663627817291,17.2237608090118,16.8766677483073,16.5743724692328,16.6036108777128,16.4858278609119
18.7565416783722,18.1194353461197,17.4252637594794,16.8613159941664,16.7208199692267,16.5204773926332
19.5727226245526,18.8755985005846,18.026525956778,17.2833136584796,16.9810430760201,16.674673290125
19.197612045603,18.8747598021282,18.2385695619597,17.5441186532214,17.2253824618004,16.8687351013264
18.7395097378463,18.6491031735745,18.1870975146483,17.5899775901494,17.3514835016204,17.0051524020772
18.1191580417144,18.2854505130408,17.9975230193395,17.5546231335171,17.3667067660377,17.058631146159
17.3398418760599,17.7762338428666,17.6811377001037,17.3813138169549,17.2997404801889,17.042791638162
16.5406964366756,17.1916662097718,17.2650792465169,17.1102694368515,17.1352892163539,16.9652923977167
15.8635839181998,16.6408286253549,16.8350063454951,16.7921572581152,16.9164082447418,16.8094593852343
15.2476404549334,16.106883927123,16.3827524008607,16.4448861446096,16.6481793503928,16.612474512909
14.9765612440212,15.7510235178589,16.0265023636252,16.1216168443219,16.3761098865363,16.3941484108947
15.6459560568636,15.9716222012539,15.9937329473694,15.9579120107987,16.1982978364388,16.2065112954053
17.0398352607081,16.7695452019443,16.3793878717993,16.0998312651507,16.1723380130014,16.1012638368807
18.9247816426413,18.0253797773757,17.1624939313197,16.5279867669354,16.3635593919529,16.1822674011659
19.9968420071976,19.0358752487446,17.9872128320197,17.1196006541403,16.7458551650945,16.4135785067088
19.7610118106621,19.1988734285801,18.3684258138928,17.5218100998307,17.1127158705012,16.7043246028858
19.3900711715987,19.0921284967491,18.4269873871497,17.716656510171,17.3453087829421,16.9299785745687
18.7471440280517,18.7487191340742,18.3162506502205,17.7401481546982,17.4541396567782,17.0751979419056
17.9574865378215,18.2316589576235,18.021336502747,17.6069341747623,17.4387694244881,17.1028621393346
17.1658279466042,17.6651172695235,17.6291553168586,17.3761180955716,17.313190668801,17.0759764934567
16.5475564968217,17.1516491962533,17.2166539969948,17.0843316729972,17.1321260054649,16.9637887191719
16.1292285596359,16.7543139334555,16.877526524487,16.8123464498194,16.9169808186661,16.806636906401
15.9896485317372,16.5349781402538,16.6166530732682,16.5682835096135,16.7095904506545,16.6437995239082
16.7103463761491,16.8323646611036,16.666910597944,16.4735278056168,16.5784963481225,16.5099955631697
18.0432701181195,17.6193213387175,17.0892328361641,16.6665867003475,16.6133370357645,16.4697986299587
19.854766663394,18.856736654461,17.8723637810508,17.1158374474637,16.8483303779279,16.5874205571044
20.9128122076297,19.8638026353463,18.7242760364722,17.7279301241028,17.2607452591843,16.8439538862148
20.6925739421989,20.0180183760233,19.088320642821,18.1475378470163,17.649831200531,17.1639368449922
20.3388165451676,19.929723264801,19.1759398996633,18.3495854395324,17.8945716568028,17.4132668165407
19.8361301845475,19.6662624838036,19.0972543992774,18.4059892607063,18.0275874800579,17.577081618896
19.3000697740394,19.3246151985246,18.9069872557512,18.3471720261178,18.0560607167158,17.6555043543171
18.7025997941493,18.9032984430207,18.655015974457,18.1974994523435,18.0061813341792,17.6635984135099
18.2511855325737,18.5242699964232,18.3548449747468,18.0150296274137,17.8948548040581,17.6095662181478
17.9539077754866,18.2633246623128,18.1237042801585,17.8257806181453,17.7647243392082,17.5303692539602
17.8661631342229,18.1184822227167,17.9560451546055,17.6832533098097,17.6406127491566,17.4337884152096
18.0894922046401,18.1799957508249,17.9218711534688,17.597461653758,17.5556442043924,17.3585624739012
18.2850469604858,18.2945683181036,17.9749975671272,17.5866013517247,17.5502010477085,17.3112083079785
18.5859190083786,18.4804403327591,18.0830319544707,17.6598989376334,17.5480619963955,17.2884261075385
18.7999923646907,18.6519527164693,18.215122539801,17.7301069127079,17.5832570496293,17.3426272912548
19.1691723322703,18.9567916135748,18.4155806934193,17.8689019112636,17.6633731576925,17.3754415609001
19.1853901218116,19.071982966135,18.5643745470936,18.0151596089723,17.7825793969647,17.4715596541796
18.9480323549419,18.9242869861681,18.525414939554,18.0199086870145,17.8444912162936,17.5302819946932
18.8062089868977,18.8323857957142,18.4758192048669,18.0214819853335,17.8713485743357,17.5416903380266
18.5486173834057,18.6514567333916,18.3721745186712,17.9664095632765,17.8281084084042,17.5336249610005
18.3506147350322,18.5131309784884,18.2646734076118,17.8923807232437,17.7923811450477,17.540208172613
18.2401968322175,18.3963688924776,18.1654389463668,17.8224218569037,17.7375417351841,17.5002310656136
18.1860817220199,18.3300211339239,18.095233469581,17.7582113711453,17.6836719350103,17.4676550679846
18.2019477865641,18.3188267949306,18.0514366909616,17.7104209691662,17.6582155559615,17.4280944901876
18.3670258622628,18.3870213879991,18.0872756592304,17.7089053328984,17.6226115202395,17.401418907308
19.0073924162375,18.771245173793,18.3174517541946,17.829911048535,17.6927801265174,17.4323762744814
19.3425935033692,19.1089268708104,18.6140514686934,18.0416653998679,17.8212641032803,17.523452319937
19.462170091652,19.2865684879992,18.7968487873449,18.2298595104697,17.9787019176437,17.6456847274358
19.3925408077062,19.3039511197747,18.8740345043583,18.3308215210978,18.0969940481419,17.7579266507618
19.4361874159909,19.4171242391642,18.9917868536848,18.433297621751,18.1970067605168,17.8533689564311
19.589376291682,19.5884427788918,19.1604838872912,18.5962487646621,18.3413892975364,17.966457207484
19.2203210556424,19.3293649649644,19.0174432974294,18.5554931901329,18.3693278251738,18.039215731667
18.7755480244202,19.0227081989988,18.8100531096408,18.4385992368641,18.3053650803821,18.0100383216312
18.4254620748625,18.7215921042505,18.5819052637102,18.2711789830589,18.1958968116956,17.9485610197533
18.3242225507143,18.5756035112535,18.4127522462492,18.1300570280769,18.0885827160565,17.8773685006643
18.576929615465,18.6879119714739,18.4162178752378,18.0752839356253,18.0017195914428,17.8011062487672
19.4976822594656,19.2641235035721,18.7226379251485,18.2011201203807,18.0410228160896,17.7849772981508
20.386851237771,19.9674260473666,19.215648090513,18.5198530405258,18.2237337846761,17.878718908511
20.4212781032096,20.1559673504699,19.4994671166951,18.7763804856634,18.4253841851433,18.0374976048813
20.2207243308419,20.0794280955727,19.5507921576751,18.8835576118398,18.5637231120337,18.1632942680673
20.0289348904189,19.9780632875011,19.4914546783402,18.9044159737868,18.6159259717549,18.244713995082
19.509830243942,19.6480323417405,19.3260716296472,18.8464375570239,18.6167821379781,18.2929264814444
19.0878065391493,19.3059431017282,19.0891879182144,18.7023411195412,18.564049209368,18.2695300720177
18.874003858254,19.0974476272893,18.9013950914695,18.5685216124246,18.4694903544975,18.2100963070446
18.6923497092234,18.9270845482041,18.7449984625854,18.4438263808775,18.3750984578617,18.1409716213219
18.4139542308915,18.7134761196718,18.5805677828445,18.2973745641458,18.2709726172796,18.0571194623962
18.2015425019064,18.5073453822508,18.3970270711289,18.1506870117465,18.1538964768973,17.970531641061
18.1601274762761,18.4173377587546,18.2803639447758,18.0415785259421,18.0434351835392,17.8754283059528
18.074205863603,18.3284117936886,18.1925555863046,17.9445694160707,17.9591381932024,17.7961656851273
18.2201672773736,18.3627076739205,18.1662895448107,17.8885139430978,17.8728775085527,17.731747365938
18.6363966965873,18.6258129038539,18.296111634787,17.9356418107783,17.8734963719197,17.7113693204805
18.7725968592844,18.7736392201158,18.4407712875811,18.0204378145392,17.9213607732099,17.721968874187
18.6393308017468,18.749861380653,18.4635239274801,18.0821068472328,17.9729514028914,17.7236411978089
18.3924948213422,18.5916548299016,18.3745638477616,18.0302149481077,17.973145228613,17.7221975628584
18.1297474826998,18.3960015895999,18.2408501963001,17.9485464599165,17.9033135755478,17.7235685384328
17.9017177983201,18.196828672824,18.0798178009089,17.8393505178647,17.8377750469534,17.6676897958508
17.6779987030726,18.0120750524656,17.9259993880067,17.7129815420254,17.7407249531547,17.5955826318385
17.4656176477555,17.8249556153423,17.7733580535012,17.588393275291,17.6397400213942,17.5133950998099
17.345068019711,17.6988019468705,17.6323311221072,17.4560871480556,17.520629009136,17.424849403985
17.4047639011674,17.6899142578146,17.552893226938,17.3717872108432,17.4504002695565,17.337170875914
17.5817649251149,17.756697549059,17.5887073086698,17.3230976350287,17.3806527688899,17.2792276155203
17.7179500530068,17.8552580627382,17.6436810013136,17.3606097316702,17.3615597493546,17.2296603811691
17.8156243336012,17.9228337958331,17.6890935987916,17.3932714377377,17.3583432344608,17.2199637270896
17.9197675113894,17.9997358593694,17.7546929677752,17.4273300971171,17.4010515506253,17.2226291639212
17.9140237047955,18.0312633838135,17.7974542744367,17.4639483011577,17.4285859706988,17.2218951473717
17.7536230791891,17.9493751495601,17.7473104398204,17.4534146685491,17.4254705009787,17.2254670928866
17.5062333910294,17.7812982045538,17.6417398791198,17.392687463613,17.3965150272496,17.226110021918
17.2533931364277,17.5813427714353,17.5022021321476,17.2878680755642,17.322788941374,17.1959182813818
16.9677770642569,17.3685069495265,17.3280195226695,17.1694137156072,17.2345407569546,17.1238068661391
16.8330748583365,17.2242909207214,17.1877740336299,17.0324006325493,17.1283871127593,17.0375011225518
16.7520562286137,17.1147763152159,17.0687136449043,16.9275181107639,17.0307534043663,16.9503410247221
17.0656311289668,17.2376384460984,17.072993131049,16.8875726117593,16.9739042447616,16.8762284661609
17.7059916425972,17.6209286457629,17.2954018138416,16.9772550085487,16.9866778946879,16.8451388995529
18.6493935281741,18.246686193342,17.7038548938268,17.2190601580564,17.1086090684598,16.9263101829661
19.2763550710094,18.8171421640798,18.1866360284598,17.5527385023911,17.3408622770673,17.0691155198442
19.4195282881482,19.0854210532727,18.479356636468,17.8473634853932,17.5718126933463,17.2640885845591
19.250323395789,19.0900805927424,18.606477447696,18.0073255323318,17.7563332370707,17.4200896920908
18.9996627547611,18.9687081183757,18.579677477773,18.0783526920948,17.852745611455,17.5365568385766
18.6872648525755,18.7885935933851,18.4754288674227,18.0511309791202,17.8657303703695,17.59847559965
18.3801884506247,18.5617467188442,18.3304461970232,17.9658820323102,17.8573245159212,17.5986701935425
18.1727247889299,18.3804187012894,18.1900223228107,17.8675550651556,17.7974225490783,17.587223760474
18.0236869466054,18.2432986053015,18.068670308026,17.7691391444845,17.723855415572,17.5242188757975
18.012878417,18.1871871203692,17.9859220287812,17.6989818839083,17.6684378082121,17.4811622606598
18.2162540446256,18.2633431918674,18.0071925109219,17.6827846488576,17.6140418972062,17.447168197472
18.756992889612,18.5766460280383,18.1719832346342,17.7531237267179,17.6474896557736,17.4396877609358
19.8015082702086,19.251097379191,18.5870859748782,17.9860445887005,17.7848686985028,17.5181913789071
20.7324993474073,19.9907538947727,19.1530583090014,18.3794562238726,18.0404399572622,17.6761571499753
20.7328135139438,20.2697609562731,19.5153687187809,18.7266439557424,18.3265273392392,17.9005085571273
20.331669162497,20.1419502227038,19.5768572993641,18.8962616137249,18.5326943624493,18.0980758693486
19.9336983551512,19.9238765293099,19.4971307336331,18.9102690379435,18.6149904222939,18.2294965762958
19.4737721840103,19.6064020290019,19.3074607343116,18.8408963490865,18.616624950152,18.2904345941133
19.0756322021935,19.2951073770379,19.0700470760345,18.6956198979315,18.5655333760233,18.2671956443646
18.7755435785156,19.0414191596654,18.8627956793091,18.5411873420032,18.4563916114348,18.199619579635
18.4844415443814,18.7922360874497,18.65492304248,18.3773221105634,18.3353604925464,18.1210657492529
18.1781671681314,18.5345520629355,18.4426261546786,18.2079105597612,18.2109191249173,18.0182923039222
17.9416166874711,18.3084280996178,18.2438700032083,18.0300399902962,18.0687869767119,17.9113530261465
18.0287456571284,18.257889508583,18.1298848022948,17.9137987220238,17.9523234160894,17.8056731874683
18.1765841107962,18.3273303695238,18.1459513902883,17.8792783951786,17.877330155012,17.7306800325296
18.0275435098972,18.2608927572339,18.1070893212521,17.8332931947629,17.8413043252592,17.6766935376822
17.7262871684627,18.0618686027782,17.9801716130281,17.7577100713177,17.7718071605206,17.6272762945859
17.4668898538266,17.8494979348383,17.8040168990871,17.6215804396002,17.6761741971834,17.5625269494943
17.2707078325699,17.6752055148454,17.6421870362821,17.4866934598261,17.5671719131394,17.4636936398333
17.0541007538314,17.4872381074901,17.4849806777759,17.3490627495139,17.4594402468358,17.3657712342803
16.8832202371918,17.3220153450003,17.3264989974029,17.2126736009686,17.3302077722263,17.2692881583969
16.6818176685287,17.1422461919538,17.1688829166911,17.0771311367167,17.2148818906221,17.1629084740228
16.4202390589577,16.9375620412784,17.0013532636766,16.9316387371173,17.0862527685522,17.0514991928301
16.2365446135189,16.7463779221666,16.8179732050624,16.7763072794364,16.9507969345525,16.9374867735342
16.4121490163077,16.762906414719,16.7438062797209,16.6605198475583,16.8312613109939,16.8270937098094
17.1047361273642,17.1154850645394,16.9029973239443,16.6894479801844,16.7912323057387,16.7563128348508
18.2614268196198,17.8689179346796,17.3614717443979,16.9415994018799,16.9036639501906,16.7830562022499
18.9002636546658,18.477355921166,17.8800942559697,17.3120881512931,17.1297958639373,16.9174076344613
18.7488584734577,18.5771817257822,18.1033646634663,17.5719717638896,17.3746529697293,17.1015594941914
18.2910361876147,18.3933102309103,18.0842033558844,17.6497819538877,17.4854425040322,17.2409523426811
17.6353509594755,17.9963989380397,17.8717178458426,17.5570664642266,17.4884397878073,17.2931090434416
17.034836975716,17.5453208741565,17.5456445808042,17.3668001152345,17.3988856080403,17.2450286022707
16.5521626180686,17.1364182617431,17.2203919323897,17.1248789823809,17.2325990873418,17.1341048833132
16.1575145563564,16.7874823913824,16.9155772141392,16.8771233994485,17.0483009654502,16.9927648910491
15.8587211210303,16.49415225662,16.6469772836197,16.6547097856524,16.8449143767913,16.8394606610105
15.6866529398121,16.2805912590458,16.422661364604,16.4438807746307,16.6655360951267,16.6810588457525
16.083263930711,16.3836011303143,16.382663588841,16.3284390144661,16.5195622652944,16.5490612914951
17.0332516098039,16.9299767233582,16.6522276617534,16.4145646098656,16.4990617301766,16.4643644365153
18.3692408683756,17.806068838841,17.213816404673,16.7330147970263,16.6601654752021,16.5268936689617
19.2383632093727,18.6084909388959,17.8580862522015,17.1894367189524,16.9545330332901,16.7148286424502
19.3085821879107,18.8972406335508,18.2348299999841,17.5529141985209,17.2593031639549,16.9492614274707
19.1686456539289,18.9348219005531,18.3852863059211,17.7701648678491,17.4973653273587,17.1530160124927
18.7420113842352,18.7486324909941,18.3513311312013,17.8406305847692,17.6125587093609,17.2997936501567
18.1761102345196,18.3926143290672,18.1652747284219,17.7751171015962,17.6203166483271,17.3505329203313
17.6327193771132,18.0003378370212,17.8997771868297,17.6253366454841,17.573784550398,17.3438733693143
17.2064553588569,17.6451717370579,17.6175895552525,17.4210651836916,17.4406755420636,17.2822023949448
16.8333800864285,17.3325177061354,17.3547055923036,17.2153883796625,17.2895587988328,17.1745507521619
16.6112868908745,17.0830169970549,17.1196755285876,17.0160206486808,17.1348161975637,17.0494930040304
16.9940053593354,17.1941013265611,17.073889383442,16.9041993206105,17.0034848841882,16.9350608831452
18.0140496157092,17.7646117673174,17.3765804470811,17.0276198830897,17.0127935848579,16.9024186283437
19.326835508393,18.6689178471139,17.9669498562633,17.3699997111567,17.2017127555403,16.9724922852753
20.2266164801593,19.4758639499932,18.6203646383041,17.849175001453,17.5143447750844,17.1850185376132
20.3640769586939,19.7958848877479,19.0204426507586,18.2368950165613,17.8537489705475,17.4497893864783
20.2428281347983,19.8706947470639,19.2072045400403,18.466281691885,18.1032414904015,17.6867556481842
19.9216810222897,19.7401695514095,19.2199756202917,18.5849565329738,18.2613506290825,17.8559477424723
19.4654952455763,19.4880028067029,19.1065925683749,18.5696349734645,18.3042067459873,17.9540561800233
19.0865517602192,19.2117912090003,18.9248992794624,18.4785959116363,18.30265172346,17.9750798167072
18.8617323704255,19.0077586504588,18.763048810102,18.3703715232495,18.2433303647659,17.9740788533057
18.758330159805,18.89599929246,18.6378742931919,18.2807495595514,18.1771549791305,17.9257478261546
18.7450392344069,18.8742107343747,18.6027919508401,18.2197943785435,18.1249080986678,17.905582607243
18.898657900455,18.9050193731282,18.6042684451893,18.2032201493244,18.1116667867249,17.8545848755518
19.1043954865391,19.0353499916578,18.6605620634322,18.235859654565,18.1144043221874,17.8511536921356
19.4882585509806,19.2730740302869,18.8098617833796,18.3200104966672,18.1541698364342,17.9020837064038
20.2640829116023,19.784772410693,19.1493795145727,18.5276314375378,18.2806804645566,17.9692663867817
20.5164015753368,20.1190069025364,19.4515985833533,18.770765823863,18.4663271264556,18.0979091305905
20.3893473481855,20.1531754856042,19.5891680859364,18.9291915336895,18.6247714050068,18.2376930315216
19.895584645873,19.9057449777317,19.5134527721164,18.9653833055814,18.700178992728,18.3396737672709
19.2237984009171,19.4718242935861,19.2541955731178,18.8454991108154,18.6776683488269,18.3534481225044
18.5832492780068,18.9946228265019,18.9150077880213,18.6328008011341,18.5654674405591,18.3231294777716
18.0825278527167,18.5629048227493,18.5690514923836,18.3831622315664,18.3941136646329,18.2096704262706
17.693693448975,18.2049458070345,18.2561285994221,18.1307327702171,18.2080191960514,18.0715612628859
17.4844723680284,17.9596081779339,18.018102642113,17.9106996717939,18.0076297840805,17.9078356107507
17.9116745002086,18.1017713129942,17.9882445371519,17.7925816100381,17.8764977299385,17.7742928694106
18.8350600990812,18.6569308954913,18.2411644520556,17.8860603833323,17.864011095799,17.7133346694504
20.236124595221,19.5914805897722,18.8339001837038,18.2143015727432,18.0128546325164,17.7722586107389
21.1637027836946,20.4030544932362,19.4812531996831,18.6787474459217,18.3201546007832,17.9606898619257
20.9933520037704,20.5600257986068,19.7989426678153,19.0151680176168,18.6184498323299,18.2030787335954
20.5821834608413,20.3967333317133,19.83258248656,19.1478229827408,18.803845546056,18.3914278280502
19.8718666773971,19.9873500953262,19.6420129517743,19.1220499616703,18.8735374185984,18.4939984055304
19.0182815251016,19.4004640995572,19.2734443163114,18.9404365452605,18.8007600659461,18.5024275787294
18.1853347039664,18.7756592168467,18.8235607742096,18.6361825926604,18.6226153821898,18.4073008045267
17.5618148295551,18.2288398932144,18.3695031222947,18.2975042773328,18.3873019652485,18.2503757153392
17.0987229060671,17.7797600216088,17.980580270268,17.971663386567,18.1340175780746,18.0534810207689
16.8435584486518,17.4732079423043,17.6607142429702,17.6824040799592,17.8853078394524,17.8463184014891
17.2569926931669,17.588279312297,17.5897736412803,17.5160626192462,17.6897093454506,17.6627580780081
18.2837720787933,18.1796795679616,17.8651589793042,17.5880494119328,17.6394395888247,17.57833582956
19.7967178547756,19.1835670574151,18.47606493331,17.9166510524722,17.7810527260048,17.6129499325054
20.8465846909941,20.1050184888628,19.1927254911743,18.4064110804417,18.0968212389491,17.785841690785
20.8159023520833,20.3352960055269,19.5697345820268,18.7965161177737,18.4217079452195,18.0375972600063
20.5627856787815,20.2992254041232,19.6790569267107,18.9849078955166,18.6441881504277,18.2479274850009
20.0387562086921,20.0313829886458,19.593630815083,19.0293875479508,18.7416309319272,18.3840652670366
19.389461621141,19.6025584343615,19.3590418784638,18.9280480768414,18.7384175808143,18.4185053996327
18.7485140477894,19.1282791457757,19.035360303308,18.7384814600414,18.6645222252782,18.3951696278368
18.2366071536453,18.7036897992143,18.6909710892793,18.4965757046644,18.499717780393,18.3070674951355
17.8634332244601,18.3525564883552,18.3960174702887,18.2561378272859,18.3248688355097,18.1782245764575
17.7130456967625,18.1380118873416,18.1648006759027,18.0449680247286,18.1467127366808,18.0431068999857
18.1382570075419,18.302813431846,18.1474147627906,17.9496140588942,18.0159340199428,17.9166057025227
19.1692226073923,18.9226937124366,18.4583718670955,18.0617852167282,18.0156621661246,17.8624203409563
20.7152389047909,19.98835111553,19.1230027137243,18.445010032669,18.2201217920291,17.9548782246947
21.2498717317272,20.5962523643742,19.712359801893,18.8965990020795,18.5322525826389,18.1575122929056
21.1802759650845,20.7381288935335,19.9716062182819,19.1953458955996,18.809009090901,18.3923541356749
20.9015631686453,20.6596830779709,20.0511356004917,19.3550042467541,18.9921249617608,18.5732685142865
20.4543476961246,20.4112172825202,19.9612719954948,19.3884743137496,19.0898395350331,18.7006434360965
19.8890661265977,20.0443501599405,19.7474186790895,19.2848282792998,19.0845766659118,18.728995675598
19.3132365826539,19.616799712087,19.4613107218965,19.1234088186151,18.9967747470735,18.7174400640171
18.805031656057,19.2046301488855,19.1512502917527,18.8992621501104,18.860163434572,18.6381319949294
18.4004234007019,18.858117904966,18.8542761475912,18.6674566535068,18.691127846793,18.5147997998785
18.1526687818374,18.5890944429608,18.5987691503864,18.4517826652144,18.5240788061835,18.3827585955922
18.5457637832812,18.7114042939919,18.5564435534217,18.329599988134,18.3815173962143,18.2573967748864
19.3350786728229,19.2016155522216,18.7876201187577,18.4189427882057,18.3718020054739,18.2177006272078
20.167357954731,19.8013506845703,19.1830998461125,18.643040188432,18.4811615499235,18.2450215221412
20.9000148625021,20.3994030061753,19.6576775379173,18.9621496190579,18.6895610884517,18.3725396410099
20.7559517336507,20.4862456467769,19.8576209908076,19.2012424084486,18.8925510034621,18.5356524492467
20.3839022958117,20.3100984621676,19.8440261931824,19.2778638680017,19.0216139790132,18.6640004843597
19.8734990514472,20.0013335852454,19.7001476597465,19.239887971805,19.0564473432656,18.7260711816613
19.2908419169648,19.5900668198944,19.4284127660626,19.09094854696,18.9867108104649,18.7209306228526
18.6704678861884,19.1227210578953,19.105643403035,18.8750622825862,18.8543065709168,18.6495632009543
18.1401524116971,18.6733269228101,18.7461983854909,18.6088478012151,18.6698036516886,18.5228884862939
17.8008766206612,18.3427157681398,18.4427594490505,18.3577577793386,18.4675103292012,18.3680910766618
17.6650579663633,18.1381951415321,18.2079921736794,18.1381738567071,18.2812006711926,18.2054680820259
18.1630712946393,18.3506519439702,18.2137320077818,18.0464945788099,18.1370099649071,18.0728850045676
19.0297690004233,18.8950990816182,18.4995339455914,18.1539491293895,18.140655460156,18.0279767155156
19.9551927127194,19.592738177372,18.9672705112332,18.4238336681861,18.284376590389,18.0635771894407
20.2476422550971,19.9393721340201,19.3162416097398,18.7117402592519,18.4794532192883,18.1988133245148
20.1041107064361,19.9430125031906,19.4423732926713,18.8615144009347,18.6417527258382,18.3345638669606
19.8750172791838,19.865293534647,19.4405776932643,18.950081514714,18.7343876555602,18.4436569735468
19.5607016438387,19.6490140815659,19.3405448372075,18.9100829759479,18.7413941391552,18.4763657124163
19.19061565715,19.3992406801618,19.1853701510395,18.8297789462319,18.7337154748054,18.4755111338635
18.7354353095529,19.075499040879,18.9621678941669,18.6932360354757,18.6568544833502,18.4508808710237
18.2771611754142,18.7115635568229,18.6956928965795,18.505432031719,18.5375498467763,18.3728697686265
17.8421632136336,18.3628669937592,18.413461783409,18.2923999570991,18.3761771736945,18.2640232268679
17.5108390430318,18.0430687572436,18.1316921927058,18.0675557915192,18.1987461175783,18.1233600125016
17.8097396247268,18.1019336516312,18.0494503690795,17.9308067412181,18.0474610827554,17.9878709802976
18.5596820201219,18.5238769507025,18.2463215300439,17.969030501742,17.997359890529,17.9079547622303
19.7783551808972,19.3083281666408,18.7127273147253,18.2182425412939,18.1159165117329,17.9361010886028
20.6420750822808,20.0542859909574,19.3049155495445,18.6289556653306,18.3630471728978,18.0886164089265
20.5213855609074,20.2082064562834,19.5864893456603,18.9237065540015,18.6364495089141,18.2923512176861
20.2010407466606,20.1116268753542,19.6112545746417,19.0592714176345,18.7954126853062,18.4567907656994
19.6697535948611,19.8039955557479,19.4924564560767,19.0422064933139,18.863921993915,18.5354663236871
18.9783175064901,19.3280542968284,19.2026035016228,18.8862696562278,18.7997264758667,18.5398120995231
18.2786445438544,18.7972187449289,18.8418810269153,18.6443515150525,18.6613871363713,18.4767749305851
17.7515669278718,18.3446456523211,18.4644480915802,18.3706740968622,18.4619387481819,18.3397448725132
17.3278569666619,17.95153086903,18.1226045997285,18.0981719111055,18.2481094140371,18.1824764612376
17.0804961481328,17.6928544284829,17.8378641203482,17.8287818177238,18.0360477818373,17.9965968361617
17.4792387231516,17.8014485054932,17.7932047118637,17.6973439009459,17.8570179079849,17.8382307523758
18.4674217488374,18.3662236227804,18.046960442024,17.7769269731254,17.8226475397664,17.7701019726658
20.0393753872878,19.4153288156153,18.6741862872437,18.1055397788731,17.9873243582356,17.8089686786617
21.198121524154,20.3818914887454,19.4415651521069,18.6360953008369,18.3137555664247,18.0013472974202
21.2203492289294,20.6758217098987,19.8512558548862,19.0426513214067,18.6599437849819,18.2678738443157
21.0920481192278,20.7167264746969,20.0170670754204,19.2776731643944,18.9008027133717,18.4939012884868
20.7565719045397,20.5970073381422,20.0409377035046,19.4006230315454,19.0650457092711,18.6632211015456
20.2080189321995,20.2714375065454,19.8944684883762,19.3662131103422,19.1220609943508,18.759099188421
19.605318481583,19.8449409346924,19.6302036120026,19.2340588054295,19.0798543462555,18.7866758412038
19.0389362695492,19.4043936808086,19.3170796377925,19.0389336001216,18.9698847640935,18.7287295514525
18.5943429000787,19.027950538078,19.0156072276105,18.8123857384857,18.8198646530575,18.6279239377892
18.3977342141817,18.8017084874645,18.7746825305,18.6064738628398,18.655697336156,18.508078987158
18.8992367279198,19.0033765909157,18.7749587563308,18.5187255655878,18.5488042665532,18.4094095336438
19.9451051876022,19.6519905510799,19.1288327534912,18.6674014246329,18.573392480747,18.3740188132371
21.1007062803931,20.4788967911668,19.6624553377673,18.9949232117052,18.7364486892718,18.4635908769328
22.1614480432366,21.3380875677822,20.3168583931086,19.4469365030175,19.0428340486864,18.6437493550213
22.2306749505893,21.6402061713313,20.7157060986189,19.8228829468091,19.3658567188841,18.9041975605964
21.9754549833243,21.5850842897817,20.8338952962994,20.032441361902,19.5970299395859,19.1233741822968
21.6100313959069,21.380341445169,20.7899070973043,20.0927941967606,19.7231044366979,19.2796865255479
21.2059136630111,21.152939593352,20.6790631723978,20.0795323618323,19.7846350663458,19.357427901066
20.7786418594786,20.8519265062615,20.4987445763771,19.9972573205946,19.7559279083757,19.4125984079331
20.4447594279441,20.5859377295612,20.3029512808031,19.8748293729975,19.7097375860937,19.3790558392265
20.1088848202867,20.3209804474934,20.1085838096437,19.7360191709432,19.6178861684747,19.3254124443237
19.9907657533983,20.1790279692915,19.9526200966237,19.6064891340831,19.5131845634843,19.261588105217
20.0866301668356,20.1636486110158,19.9113565179261,19.5277948246215,19.4419641023835,19.1999823346837
20.6495976386549,20.4729537642181,20.0129524938896,19.5577537522433,19.4247708436763,19.1559217577084
21.7618957857609,21.1788762030132,20.4303261360909,19.7767848789456,19.5279672246517,19.2069167137094
22.5557656407932,21.850019338215,20.9593706278155,20.1324169027766,19.7583145315049,19.3580905034106
22.3559622033525,21.941390727973,21.1912264900275,20.4033294307804,19.9968193905341,19.5476270072575
21.9025199567254,21.7253315253084,21.1625572170552,20.4675738044136,20.1327463086981,19.6892470569487
21.3586639406329,21.397437985305,21.0040331969536,20.4438248741391,20.1818093220433,19.7827039072185
20.7624644518369,20.9787170477153,20.7323764965344,20.301511619199,20.1101621063413,19.7744204659969
20.2822176818706,20.5850053038324,20.4394225644249,20.1043090027298,19.9952692067238,19.7079736742992
19.8021267563068,20.2104093253265,20.144650073697,19.8849833721153,19.8390339155887,19.6101001879778
19.3313145950685,19.8197768549573,19.826771062156,19.6509977054543,19.6569098579479,19.4786251437494
18.9945057070482,19.4849364755509,19.5201242422528,19.3971088538042,19.4672376383523,19.3291719021666
19.1841312846655,19.480009862905,19.4147503805279,19.2310988962694,19.2929482009025,19.1733442020889
19.4132992981608,19.5904379211729,19.4202982648539,19.170574197937,19.1983640150794,19.0634556382915
20.0397083263656,19.9350794382561,19.5789892370628,19.2166368326439,19.1759051183224,19.0319230617559
20.4819752443018,20.3136762448438,19.8581678908285,19.3896422183673,19.2604772469735,19.0479154785142
20.2276530545441,20.2418312200561,19.9233391003188,19.4654139303815,19.350436150403,19.0911710553121
