datetime,datetime_start,datetime_end,flux_mccallum_mm_day,flux_hatch_amplitude_mm_day,flux_keery_mm_day,flux_luce_mm_day,A_shallow,A_deep,r2_shallow,r2_deep,delta_phi,quality_flag,par
2025-12-22 16:00:00,2025-12-21 16:00:00,2025-12-23 15:30:00,-1326.1305939706185,,-883.4019674196189,-49926768390.4291,7.33346450232375e-09,0.37902083215385013,4.547806131682819e-09,0.9106883259466001,4.436884736190039,1,sup_int
2025-12-23 04:00:00,2025-12-22 04:00:00,2025-12-24 03:30:00,586.4628241442914,163.77542076970406,379.022949862509,812.7252663120496,2.758422451082466,0.4376906028309279,0.939815509046311,0.9613063154512935,3.8756511001644407,0,sup_int
2025-12-23 16:00:00,2025-12-22 16:00:00,2025-12-24 15:30:00,605.7853140694718,168.30362478069515,362.6924652958121,807.8719460380364,2.734304450083309,0.44760115093997704,0.9311284402632367,0.9331999526215649,3.660521302273207,0,sup_int
2025-12-24 04:00:00,2025-12-23 04:00:00,2025-12-25 03:30:00,590.047716274684,162.46828832755443,378.9770915664632,814.1173420282933,2.7300810228193932,0.42925932649398674,0.9376658578666179,0.9199410771790845,3.8658360553453766,0,sup_int
2025-12-24 16:00:00,2025-12-23 16:00:00,2025-12-25 15:30:00,642.3778845815596,164.09443470150214,350.88435976803356,812.3849071980667,2.549914215628791,0.40550414396879436,0.8714018637436324,0.8697404052272857,3.453473355024023,0,sup_int
2025-12-25 04:00:00,2025-12-24 04:00:00,2025-12-26 03:30:00,1323.8808004112675,,1775.1084725081923,,2.8193418293299666,1.5839337484849747e-09,0.8653587297605033,6.623191994847843e-10,5.47293190845481,1,sup_int
2025-12-25 16:00:00,2025-12-24 16:00:00,2025-12-26 15:30:00,644.9120079011706,163.48477528767899,350.5357435160772,813.0351497417938,2.56270091592425,0.4058125508409951,0.8775779145771123,0.4965744114959405,3.4439736388502937,0,sup_int
2025-12-26 04:00:00,2025-12-25 04:00:00,2025-12-27 03:30:00,610.3150935362429,145.75619719763299,392.7372996538887,831.537424647723,2.596073680596789,0.3613736433566309,0.888884811374411,0.6042809691930194,3.9515545198236284,0,sup_int
2025-12-26 16:00:00,2025-12-25 16:00:00,2025-12-27 15:30:00,1346.348433440548,,1554.4681826123347,,2.58120592324184,5.606121677992348e-09,0.909474870901857,2.353799466447981e-08,3.497354463249703,1,sup_int
2025-12-27 04:00:00,2025-12-26 04:00:00,2025-12-28 03:30:00,610.1205502756959,154.94227710448243,379.26080875556846,822.0513449473056,2.4510687380328755,0.36525820178183954,0.9256230524504467,0.8584427125232975,3.8164655915645005,0,sup_int
2025-12-27 16:00:00,2025-12-26 16:00:00,2025-12-28 15:30:00,650.3029056528221,145.57299691789788,372.7108283390368,831.7242820582723,2.500741229991543,0.3476196332852953,0.9057404307068952,0.7768458036778583,3.648117896797869,0,sup_int
2025-12-28 04:00:00,2025-12-27 04:00:00,2025-12-29 03:30:00,583.8176283547009,154.4419896418513,394.1734186207336,822.5737101237206,2.7619402801235196,0.4100907584673441,0.9338122902369972,0.6850517973302286,4.037747353655232,0,sup_int
2025-12-28 16:00:00,2025-12-27 16:00:00,2025-12-29 15:30:00,669.8607486784842,152.80689691499734,353.5967702617023,824.2764433036303,2.6802122450715857,0.3932315566896613,0.9228684770527186,0.6475086583856933,3.413814131236896,0,sup_int
2025-12-29 04:00:00,2025-12-28 04:00:00,2025-12-30 03:30:00,607.0123137753349,144.31141545715562,396.71749660320023,833.0085033890606,2.8370311331962497,0.3905945730772493,0.9259807054066792,0.7120168743096015,4.000584933343833,0,sup_int
2025-12-29 16:00:00,2025-12-28 16:00:00,2025-12-30 15:30:00,-1365.6175444019746,,-1301.033693748357,-777555824347.7074,4.817342080798426e-10,0.38775685835851564,-2.6619950688200333e-10,0.7652132804631202,0.8836191160209332,1,sup_int
2025-12-30 04:00:00,2025-12-29 04:00:00,2025-12-31 03:30:00,620.8517051244905,140.92651958419506,394.4519052406977,836.4318970654015,2.886462513725784,0.38717091261797104,0.9155861898147026,0.7872419550048503,3.9403370405783136,0,sup_int
2025-12-30 16:00:00,2025-12-29 16:00:00,2025-12-31 15:30:00,668.3713623137041,143.90679923685298,366.569262834582,833.4194348092038,2.869209919186174,0.3938043188114603,0.9161957738373874,0.8217105744603239,3.542784453448877,0,sup_int
2025-12-31 04:00:00,2025-12-30 04:00:00,2026-01-01 03:30:00,652.4603836383656,136.15835744361547,385.4574040258843,841.1978962631895,2.879058529695983,0.3719733263792223,0.9159116148795776,0.8961083515721516,3.767203199591469,0,sup_int
2025-12-31 16:00:00,2025-12-30 16:00:00,2026-01-01 15:30:00,671.9444057504776,137.00675198970134,374.7988090355281,840.3548029418278,2.895059802544459,0.3765673846668779,0.9216663397494275,0.9675337430762831,3.6131790773286943,0,sup_int
2026-01-01 04:00:00,2025-12-31 04:00:00,2026-01-02 03:30:00,666.9737162135368,133.0296099619412,383.03149483993826,844.2883312668398,2.924045569294101,0.368431058315111,0.9231362618832928,0.9638498122422006,3.7055414854541295,0,sup_int
2026-01-01 16:00:00,2025-12-31 16:00:00,2026-01-02 15:30:00,673.3877486581731,132.37609693328912,380.92501271057387,844.9300718769312,2.938748386537023,0.36833133881463415,0.9170043671303036,0.9445950558170475,3.668484463509029,0,sup_int
2026-01-02 04:00:00,2026-01-01 04:00:00,2026-01-03 03:30:00,683.6284122340732,129.29196307604215,380.66231705708213,847.9408243358515,2.9175524035259297,0.3565815709822902,0.9119744020091056,0.9348854150379109,3.639341237351199,0,sup_int
2026-01-02 16:00:00,2026-01-01 16:00:00,2026-01-03 15:30:00,-1334.057374394951,,-1029.5798146506686,-464196905442.98364,8.07584665807326e-10,0.38807058721447557,4.1057712785175227e-10,0.833552125714524,4.461932235930093,1,sup_int
2026-01-03 04:00:00,2026-01-02 04:00:00,2026-01-04 03:30:00,680.3061464592366,138.1042921449456,369.33201012201147,839.2609413896236,2.9282119146703796,0.3841953363057131,0.919219840794654,0.7416386910308519,3.539394859783659,0,sup_int
2026-01-03 16:00:00,2026-01-02 16:00:00,2026-01-04 15:30:00,-238.64867823181342,,209.5371953694468,-942.9763717528472,1.0933993710438017e-08,2.160732653910813e-08,5.780315781578338e-09,8.166188880665004e-08,3.841467073084889,1,sup_int
2026-01-04 04:00:00,2026-01-03 04:00:00,2026-01-05 03:30:00,654.3687127751202,137.25137897496083,382.88485180062753,840.1113056103635,3.045366622140575,0.3968857878599917,0.9294990974682877,0.9456400223151777,3.737071540825057,0,sup_int
2026-01-04 16:00:00,2026-01-03 16:00:00,2026-01-05 15:30:00,686.6695661890378,134.708725728235,371.3025995772407,842.6334680001864,2.892348750905573,0.3693921255490464,0.9269672325692536,0.8655162742809297,3.542146679403359,0,sup_int
2026-01-05 04:00:00,2026-01-04 04:00:00,2026-01-06 03:30:00,672.4740771576111,126.6312259534967,390.03208720192623,850.5141375914703,2.926933463354177,0.3499311475203731,0.9194884851422295,0.8556884755188008,3.758622458429647,0,sup_int
2026-01-05 16:00:00,2026-01-04 16:00:00,2026-01-06 15:30:00,672.6508320382428,132.0683501301377,381.73494252835735,845.2318191854861,2.8810723923518786,0.3602025039200099,0.9014350529901908,0.9292084709150995,3.678204762948103,0,sup_int
2026-01-06 04:00:00,2026-01-05 04:00:00,2026-01-07 03:30:00,1349.2917424947693,,1394.1491586843463,,2.7247915622976757,3.772302903382041e-08,0.8971934908096387,1.634535329309017e-07,2.931644783514832,1,sup_int
2026-01-06 16:00:00,2026-01-05 16:00:00,2026-01-07 15:30:00,671.1275623630136,119.54945668759247,401.7476046799784,857.2513285938859,2.894919351915188,0.3259137091271897,0.9098519879331531,0.7380398270780255,3.8752141369211905,0,sup_int
2026-01-07 04:00:00,2026-01-06 04:00:00,2026-01-08 03:30:00,711.5167128554614,128.881294625054,368.55466664153136,848.3394664265721,2.7777452281843034,0.3383481247905409,0.9079489409878748,0.7810858178190776,3.4533473490150843,0,sup_int
2026-01-07 16:00:00,2026-01-06 16:00:00,2026-01-08 15:30:00,-1326.362199463635,,-870.9890975092321,-38231401828.58357,7.294119974687874e-09,0.28867791358669653,4.186744506640139e-09,0.86107455958449,4.35719978373986,1,sup_int
2026-01-08 04:00:00,2026-01-07 04:00:00,2026-01-09 03:30:00,727.4103268550891,130.45830388780448,359.4389772129899,846.805691349003,2.278526087192787,0.28115759217511666,0.819378942834188,0.8568840448146356,3.3288121871748926,0,sup_int
2026-01-08 16:00:00,2026-01-07 16:00:00,2026-01-09 15:30:00,1347.9280828177718,,1614.1186995789699,,2.3556627071127716,2.1009477491062967e-09,0.8245147620300781,6.3509718595256e-09,3.5069878530255374,1,sup_int
2026-01-09 04:00:00,2026-01-08 04:00:00,2026-01-10 03:30:00,315.6693238847104,412.6049659586486,272.3685139261848,526.7162956146576,2.700103429731371e-08,1.227866941455602e-08,2.1327739352372532e-08,3.383975855086874e-08,3.319942956943195,1,sup_int
2026-01-09 16:00:00,2026-01-08 16:00:00,2026-01-10 15:30:00,667.4492297055309,118.26119328018724,405.6753183554041,858.4589900821013,2.4210602319872283,0.2695393327130627,0.8772598125800594,0.5354660461937338,3.923286623082449,0,sup_int
2026-01-10 04:00:00,2026-01-09 04:00:00,2026-01-11 03:30:00,652.5173363833718,128.6022841151492,396.9605822727114,848.6100020633156,2.8114088419450263,0.34166122829740325,0.891073003627098,0.7797853688430956,3.8794731999642997,0,sup_int
2026-01-10 16:00:00,2026-01-09 16:00:00,2026-01-11 15:30:00,-1365.8732756376844,,-1169.1977727183157,-89130047882.94467,3.581642094019344e-09,0.33046597583351345,-2.02823224881854e-09,0.524426632109433,0.7059544014509482,1,sup_int
2026-01-11 04:00:00,2026-01-10 04:00:00,2026-01-12 03:30:00,1366.4160155044056,,1302.114784068536,,2.9511599066565166,1.4409031912077097e-08,0.9165035911955247,-3.071084697658932e-08,0.501329163248144,1,sup_int
2026-01-11 16:00:00,2026-01-10 16:00:00,2026-01-12 15:30:00,-1366.01470365331,,-1133.391348268389,-48274371406.77454,7.668292223428352e-09,0.38320901085610837,-4.280930054889609e-09,0.47102175801902624,0.6328033746278829,1,sup_int
2026-01-12 04:00:00,2026-01-11 04:00:00,2026-01-13 03:30:00,630.6107891467714,124.61697485178861,414.91709042025525,852.4471090531973,2.844526937034911,0.3343871073800764,0.914361414997861,0.45393201529734284,4.117067953609245,0,sup_int
2026-01-12 16:00:00,2026-01-11 16:00:00,2026-01-13 15:30:00,708.1944470489494,135.01026666758506,361.2797144286055,842.3353741212692,2.789995751079238,0.35718120883225135,0.9169845627051775,0.6390792133681666,3.3933914223516073,0,sup_int
2026-01-13 04:00:00,2026-01-12 04:00:00,2026-01-14 03:30:00,681.0034062661289,118.67237933343904,398.2062776098025,858.0741400535176,2.773929182791334,0.3099297407006597,0.9136070517627857,0.8374019424916539,3.8142080763134856,0,sup_int
2026-01-13 16:00:00,2026-01-12 16:00:00,2026-01-14 15:30:00,-1322.241031022922,,-802.7344925715023,-12886750080.548143,2.5456959207303953e-08,0.33960211567294885,1.3676513366256415e-08,0.9714146409318105,4.299181442893959,1,sup_int
2026-01-14 04:00:00,2026-01-13 04:00:00,2026-01-15 03:30:00,714.2233448142056,124.57306922772675,373.6284688027031,852.4890965424908,2.6809833167424064,0.3150452802369838,0.8997126607411302,0.8551327783786595,3.4939691069234966,0,sup_int
2026-01-14 16:00:00,2026-01-13 16:00:00,2026-01-15 15:30:00,670.7650781713393,117.78953394600023,404.741234648767,858.8997336584364,2.8231059643759027,0.31301147940022966,0.9129270546424176,0.7243859101298549,3.905091865455916,0,sup_int
2026-01-15 04:00:00,2026-01-14 04:00:00,2026-01-16 03:30:00,717.9738879612381,126.58435885995448,369.0337800408027,850.5592622379864,2.7519875793719835,0.3288868431401435,0.9197711624352516,0.7569573281567852,3.4415280524556517,0,sup_int
2026-01-15 16:00:00,2026-01-14 16:00:00,2026-01-16 15:30:00,682.1647134110503,114.26170545060188,404.6562826658863,862.1721653605587,2.861790183456737,0.3076060111619093,0.9318558865032596,0.8394414162734525,3.8727808224364453,0,sup_int
2026-01-16 04:00:00,2026-01-15 04:00:00,2026-01-17 03:30:00,716.1336299883931,124.12479063018924,373.43617248820203,852.9174313147804,2.7739882676576015,0.3247443844468979,0.925985275317834,0.8660925660245065,3.487288360670774,0,sup_int
2026-01-16 16:00:00,2026-01-15 16:00:00,2026-01-17 15:30:00,679.2386284006958,117.62810955847318,400.7344360628887,859.0504034273138,2.7151344440561007,0.30061666731404146,0.9384626895317316,0.8093765518668964,3.843252237208299,0,sup_int
2026-01-17 04:00:00,2026-01-16 04:00:00,2026-01-18 03:30:00,693.4810321131804,123.6431687171512,384.5132043271633,853.3768944907393,2.6519544140174283,0.3091968091467722,0.9426687516293929,0.866226414681137,3.650284765523912,0,sup_int
2026-01-17 16:00:00,2026-01-16 16:00:00,2026-01-18 15:30:00,728.2564661236527,115.60527457845039,380.72703512977904,860.9309162017372,2.452670092917815,0.2667823187551471,0.8879243159545054,0.8123505483454907,3.523755135203797,0,sup_int
2026-01-18 04:00:00,2026-01-17 04:00:00,2026-01-19 03:30:00,659.0710110439177,117.26261702298603,411.6348835082179,859.3912175170676,2.6956754898601787,0.2975111386699799,0.9030215990141346,0.5637013123661625,4.004464888297036,0,sup_int
2026-01-18 16:00:00,2026-01-17 16:00:00,2026-01-19 15:30:00,1354.6862983538635,,1510.5696038962892,,2.593790611241014,4.925801599942048e-09,0.9155559290381354,1.336543531404999e-08,2.701025372968468,1,sup_int
2026-01-19 04:00:00,2026-01-18 04:00:00,2026-01-20 03:30:00,669.331795761383,110.85971310676186,416.80686057369445,865.2868924654994,2.7780087442040147,0.28964333674554993,0.919752302593547,0.5837317008694942,4.025583459656483,0,sup_int
2026-01-19 16:00:00,2026-01-18 16:00:00,2026-01-20 15:30:00,742.4130202141125,114.34050482772676,376.3698920371845,862.0995397645795,2.8048442465821584,0.30169591991126443,0.9224060870981843,0.7721290500204658,3.4468550577993695,0,sup_int
2026-01-20 04:00:00,2026-01-19 04:00:00,2026-01-21 03:30:00,701.1947221459368,106.30831781059766,408.10253654899566,869.3896098807891,2.86642944408626,0.2866883385660082,0.9282307156182226,0.8573514586226869,3.852714521633473,0,sup_int
2026-01-20 16:00:00,2026-01-19 16:00:00,2026-01-21 15:30:00,738.1541662589914,110.19526431012395,384.5427800035843,865.8904672601989,2.8368979058217763,0.29401075674687416,0.9259095445126595,0.8781938726273663,3.532954907605883,0,sup_int
2026-01-21 04:00:00,2026-01-20 04:00:00,2026-01-22 03:30:00,706.0425828254341,108.36317264086763,402.38940684577824,867.5465469425201,2.7709462441079395,0.28242525541088853,0.9269045721451208,0.8995934785854643,3.7854436847265607,0,sup_int
2026-01-21 16:00:00,2026-01-20 16:00:00,2026-01-22 15:30:00,748.3757217132444,109.97059609328241,380.3547794153122,866.0941968914651,2.6538540895061513,0.2744807450137752,0.9126215763186633,0.9049603008685753,3.467753028554349,0,sup_int
2026-01-22 04:00:00,2026-01-21 04:00:00,2026-01-23 03:30:00,633.0440701851262,88.38912142824442,478.3463873023466,884.7919899402117,2.7905510879419944,0.2346056307127519,0.8630461691806312,0.03211672396198062,4.738494470536723,1,sup_int
2026-01-22 16:00:00,2026-01-21 16:00:00,2026-01-23 15:30:00,710.7235488288732,67.01002819970593,474.2092527230574,901.491252064454,3.047401356840629,0.2035192077131575,0.8898266049575672,0.024283897023878787,4.445901135217159,1,sup_int
2026-01-23 04:00:00,2026-01-22 04:00:00,2026-01-24 03:30:00,666.6929681999071,82.12302779395586,469.9833305689899,889.8819696339912,3.10198454917392,0.2444436203508843,0.9025557993989575,0.03574089159421778,4.54763577291292,1,sup_int
2026-01-23 16:00:00,2026-01-22 16:00:00,2026-01-24 15:30:00,1308.426513646128,-284.55175625617346,417.1269451266107,,1.4848207996465135e-08,1.184579656587914e-10,7.0202356150517176e-09,-3.5958125366164495e-11,1.4601741761066358,1,sup_int
2026-01-24 04:00:00,2026-01-23 04:00:00,2026-01-25 03:30:00,726.0207185161734,114.88747472592017,382.82172676013175,861.5948296458479,3.086847866695254,0.3336417096857594,0.9226903540756308,0.7179659967235767,3.5490094408041637,0,sup_int
2026-01-24 16:00:00,2026-01-23 16:00:00,2026-01-25 15:30:00,-719.735261748126,,101.40553537969335,-10670.206566994071,2.7195512508626507e-09,3.275889887133232e-08,1.3891359174067475e-09,1.244700160718537e-07,4.018140536251644,1,sup_int
2026-01-25 04:00:00,2026-01-24 04:00:00,2026-01-26 03:30:00,705.8782645519166,121.42305310457462,382.1015632711342,855.4850005842796,2.8096909240906327,0.32145606628540196,0.8771426232547566,0.865040697308101,3.595016856963901,0,sup_int
2026-01-25 16:00:00,2026-01-24 16:00:00,2026-01-26 15:30:00,691.8874805384816,116.76837615723623,395.8769453774037,859.8513611676358,2.6551080320857947,0.2917691425007571,0.8667993959625524,0.9388015447085849,3.7624729968622583,0,sup_int
2026-01-26 04:00:00,2026-01-25 04:00:00,2026-01-27 03:30:00,690.4800727887281,117.7384860556079,395.03758774282517,858.9473901630872,2.63105512171308,0.2915880696892307,0.8795654852620003,0.940525856881946,3.758293115073272,0,sup_int
2026-01-26 16:00:00,2026-01-25 16:00:00,2026-01-27 15:30:00,676.7394014848528,119.6673608770364,398.75041965727263,857.1405215730698,2.7141724037566775,0.3058763203909443,0.8619962474203922,0.9314622997655886,3.8310279307763158,0,sup_int
2026-01-27 04:00:00,2026-01-26 04:00:00,2026-01-28 03:30:00,683.8120694661445,116.00612828531771,401.04150863229796,860.5593814107051,2.99855971857175,0.3273132078942864,0.8984121837273099,0.9204793719424686,3.8336746138991047,0,sup_int
2026-01-27 16:00:00,2026-01-26 16:00:00,2026-01-28 15:30:00,678.0238006827332,114.8108665460291,405.8549763588552,861.6655814470713,3.3114088190993263,0.35767082968670066,0.9132724661778393,0.9477999405760633,3.895726885464523,0,sup_int
2026-01-28 04:00:00,2026-01-27 04:00:00,2026-01-29 03:30:00,681.5840510912545,116.08635416090439,402.0210648894173,860.4849569103736,3.402384327200359,0.3716555450256518,0.9090756536169937,0.9817800725719477,3.8491541718623283,0,sup_int
2026-01-28 16:00:00,2026-01-27 16:00:00,2026-01-29 15:30:00,742.6045213437549,107.85655729665677,386.1566547071244,868.0023641691948,3.181403357806198,0.3227594170334764,0.8744919083834104,0.7944616871189619,3.535975528927672,0,sup_int
2026-01-29 04:00:00,2026-01-28 04:00:00,2026-01-30 03:30:00,662.7888019056362,114.4473895406798,414.29974632415593,862.0009947763099,3.2064936582065204,0.3452254184119019,0.875198803121027,0.6205927298733063,4.01987397758218,0,sup_int
2026-01-29 16:00:00,2026-01-28 16:00:00,2026-01-30 15:30:00,770.5925442656729,105.7208570937635,377.19803998728077,869.9137037725857,3.02572686850507,0.30097903434183365,0.8924318826395748,0.5337131532295318,3.38116311405894,0,sup_int
2026-01-30 04:00:00,2026-01-29 04:00:00,2026-01-31 03:30:00,1346.145087199621,,1524.678489898551,,3.1003747985018024,1.0015530460538713e-08,0.8956077340181017,3.8347803821281445e-08,3.4450676572722174,1,sup_int
2026-01-30 16:00:00,2026-01-29 16:00:00,2026-01-31 15:30:00,685.9184629940949,115.87266437292227,400.21191811649396,860.6831450751661,3.038531569826024,0.3312871139293598,0.8801184046257698,0.8982647535661077,3.8199880429646726,0,sup_int
2026-01-31 04:00:00,2026-01-30 04:00:00,2026-02-01 03:30:00,749.6328743021866,107.84263151740633,383.0532830822401,868.0148805465051,2.7278608101191417,0.27671131914107994,0.8308076820664682,0.5985702111788316,3.4890417002789222,0,sup_int
2026-01-31 16:00:00,2026-01-30 16:00:00,2026-02-01 15:30:00,1348.7348371719681,,1677.4878697059623,,2.8580499798566494,1.0501559066788957e-09,0.8652729577002626,2.525426534560893e-09,3.575975839154917,1,sup_int
2026-02-01 04:00:00,2026-01-31 04:00:00,2026-02-02 03:30:00,1354.4126280704825,,1493.4073251254767,,2.5099507949281503,6.149505571428904e-09,0.8797956137214409,1.5434596822849755e-08,2.6969199210073813,1,sup_int
2026-02-01 16:00:00,2026-01-31 16:00:00,2026-02-02 15:30:00,1341.0336984569944,,1588.7389643071285,,2.8280083159155898,5.751633891382113e-09,0.8621529240288452,2.1238341640916758e-08,3.9485468743892476,1,sup_int
2026-02-02 04:00:00,2026-02-01 04:00:00,2026-02-03 03:30:00,761.2372702760425,113.82403792736454,369.0686104872504,862.5751491696178,2.7654039341843437,0.2960920863173669,0.8245540321892402,0.5360519827372063,3.3321468298147017,0,sup_int
2026-02-02 16:00:00,2026-02-01 16:00:00,2026-02-03 15:30:00,1335.378602629598,,1600.3945305167463,,3.0843847730053877,7.69302521685944e-09,0.8142573341953099,2.6965289889879784e-08,4.32839069762598,1,sup_int
2026-02-03 04:00:00,2026-02-02 04:00:00,2026-02-04 03:30:00,797.5036414094571,81.86519939641768,403.39125052838057,890.0879984847588,3.168294792938899,0.24899329096679584,0.8303368260521587,0.667199522629786,3.5405611944186886,0,sup_int
2026-02-03 16:00:00,2026-02-02 16:00:00,2026-02-04 15:30:00,859.3355726110589,52.620524544119704,426.75244431916815,911.6319187470914,3.6278098769762717,0.20419848062925622,0.8562286119751569,0.7161478399067638,3.5591335742512378,0,sup_int
2026-02-04 04:00:00,2026-02-03 04:00:00,2026-02-05 03:30:00,780.9046196486782,64.80404997773589,441.30252672371944,903.1046864729373,3.8894126412406336,0.2532563734092045,0.8803978484098972,0.7916251781922783,3.9242636823723354,0,sup_int
2026-02-04 16:00:00,2026-02-03 16:00:00,2026-02-05 15:30:00,831.85735624092,54.14853732874411,436.63393793501547,910.5984943363474,4.251324172736278,0.24384225093816556,0.8626724622517123,0.8753384968497369,3.726997282532002,0,sup_int
2026-02-05 04:00:00,2026-02-04 04:00:00,2026-02-06 03:30:00,751.7387266048966,74.17767740328235,438.5354487866279,896.1049932008931,4.422346488941883,0.3200023906842183,0.8472409601721057,0.887175167290348,3.9880435483274246,0,sup_int
2026-02-05 16:00:00,2026-02-04 16:00:00,2026-02-06 15:30:00,768.1939811591599,82.6590835858117,415.4782350609146,889.4527426222543,4.033537247490702,0.31964437573196586,0.8131498020423957,0.7675476274072616,3.731194109077541,0,sup_int
2026-02-06 04:00:00,2026-02-05 04:00:00,2026-02-07 03:30:00,714.535949932268,94.03196766715351,422.05031981981904,880.074520607538,4.042221339857176,0.35957545462507806,0.8606036506021139,0.8340166107440128,3.945880860018164,0,sup_int
2026-02-06 16:00:00,2026-02-05 16:00:00,2026-02-07 15:30:00,683.1701187550948,116.16405202542671,401.1084156283257,860.4128565139986,3.352118860429424,0.36641504882449427,0.897858846083013,0.9576720270977992,3.8360723352911967,0,sup_int
2026-02-07 04:00:00,2026-02-06 04:00:00,2026-02-08 03:30:00,687.3581515248743,114.30585862807794,401.99878600379594,862.131474159543,3.2549857430038336,0.3500066383066127,0.8974303327036116,0.9629309272800611,3.833091366874999,0,sup_int
2026-02-07 16:00:00,2026-02-06 16:00:00,2026-02-08 15:30:00,-1325.5170109987719,,-887.6856302518439,-57023450511.558,6.001513508380185e-09,0.3542702716147512,2.8194676593429335e-09,0.9789935067284639,4.505182370059659,1,sup_int
2026-02-08 04:00:00,2026-02-07 04:00:00,2026-02-09 03:30:00,677.5179204093209,115.16595992637122,405.5378026417304,861.3374622706473,3.304880122916994,0.3580882095466243,0.9077571626263198,0.9810785125896803,3.894082944464161,0,sup_int
2026-02-08 16:00:00,2026-02-07 16:00:00,2026-02-09 15:30:00,679.3606154424325,113.26343648866349,407.68381120507456,863.0903489615432,3.4180296969335706,0.36414585634135604,0.9142220487376885,0.9798941681702201,3.9095608438709637,0,sup_int
2026-02-09 04:00:00,2026-02-08 04:00:00,2026-02-10 03:30:00,700.4957727679679,109.57418202345558,403.1371172067609,866.453226880041,3.454325147331965,0.35598738925642376,0.9143276305974428,0.96824518606901,3.8077640350150874,0,sup_int
2026-02-09 16:00:00,2026-02-08 16:00:00,2026-02-10 15:30:00,1349.8282943542654,,1624.1421055728322,,3.585246685927695,2.3949854877081123e-09,0.9103054907367478,1.028862539609321e-08,3.3691477007680315,1,sup_int
2026-02-10 04:00:00,2026-02-09 04:00:00,2026-02-11 03:30:00,709.2162627114484,108.93395988009152,399.9411088378335,867.0318858098593,3.63454927582918,0.3723833100093187,0.9121000470504033,0.9379558989121103,3.753731174087683,0,sup_int
2026-02-10 16:00:00,2026-02-09 16:00:00,2026-02-11 15:30:00,679.0607576889442,110.57366546270073,412.23595663996264,865.5469259994574,3.7478444520126093,0.3897523901733649,0.911764307093374,0.9461647171127304,3.9540584096432783,0,sup_int
2026-02-11 04:00:00,2026-02-10 04:00:00,2026-02-12 03:30:00,717.6175140769509,109.18183822729574,395.5526543496775,866.808017382928,3.737950571683613,0.38384370520103955,0.906801120318755,0.9275926575281651,3.689802357781285,0,sup_int
2026-02-11 16:00:00,2026-02-10 16:00:00,2026-02-12 15:30:00,1345.893598834654,,1514.02146085931,,3.9206732995883047,1.4783410606789005e-08,0.9184692605315469,5.237790401402265e-08,3.4389630411677135,1,sup_int
2026-02-12 04:00:00,2026-02-11 04:00:00,2026-02-13 03:30:00,732.1147454538634,109.65955227803187,388.09654105082967,866.375954934497,3.7914542504147524,0.3910336985153212,0.9111509338871029,0.7675263111354214,3.5816928437143414,0,sup_int
2026-02-12 16:00:00,2026-02-11 16:00:00,2026-02-13 15:30:00,10.59605103402203,5000.6302335011915,58.728836227912716,6.559826708822744,3.644743173936149e-09,3.6199929165370293e-09,-1.442894470571332e-09,1.1816425171673473e-08,0.8789544490949122,1,sup_int
2026-02-13 04:00:00,2026-02-12 04:00:00,2026-02-14 03:30:00,726.7314104239889,107.3914247484992,394.12370875303316,868.4200424473905,3.969555095106939,0.4010025654485161,0.9269896211208473,0.8680903151847629,3.6518663512090206,0,sup_int
2026-02-13 16:00:00,2026-02-12 16:00:00,2026-02-14 15:30:00,615.1517455667735,151.3785763888643,381.8354151203198,825.7581303987613,2.455858938432698e-08,3.5654834085185882e-09,1.000877614121265e-08,1.4922881153012213e-08,3.8292095798397208,1,sup_int
2026-02-14 04:00:00,2026-02-13 04:00:00,2026-02-15 03:30:00,725.6969725753682,106.19265487032011,396.50762990649616,869.4928962210781,3.7282107859313705,0.37248149603467345,0.9243318176602027,0.9607404872388619,3.6767665826557945,0,sup_int
2026-02-14 16:00:00,2026-02-13 16:00:00,2026-02-15 15:30:00,713.8713153046992,105.13163339203746,403.8312234189094,870.4381043887215,3.6334586003101723,0.3594596746469716,0.9269178945530681,0.909554833238053,3.7773816090412193,0,sup_int
2026-02-15 04:00:00,2026-02-14 04:00:00,2026-02-16 03:30:00,726.8376507099445,107.03236547760065,394.64233489243776,868.741934037299,3.4774207393693857,0.35012864373215313,0.9162779362355534,0.9146329804516495,3.6563844321577603,0,sup_int
2026-02-15 16:00:00,2026-02-14 16:00:00,2026-02-16 15:30:00,711.7188754572815,104.41693960639023,406.03775087910435,871.0724639664213,3.5577673938767447,0.3496351837741035,0.9040313834223039,0.9802511735813189,3.8040012508307353,0,sup_int
2026-02-16 04:00:00,2026-02-15 04:00:00,2026-02-17 03:30:00,721.6788759831607,105.9775220803634,398.7399953042942,869.6848789225048,3.6066987061367564,0.35962456519643876,0.8913872640983269,0.980732363461208,3.7084446965855338,0,sup_int
2026-02-16 16:00:00,2026-02-15 16:00:00,2026-02-17 15:30:00,709.5112652632832,106.48146477985765,403.7495677760691,869.2348996197424,3.6889401544345177,0.36954323617977664,0.8854690883381455,0.9684168783210263,3.7886615782094344,0,sup_int
2026-02-17 04:00:00,2026-02-16 04:00:00,2026-02-18 03:30:00,729.7817131252756,105.4429206952161,395.795862201184,870.1612214084015,3.7601080909535027,0.3730669125318326,0.8821188365387582,0.953272946188571,3.659082624176828,0,sup_int
2026-02-17 16:00:00,2026-02-16 16:00:00,2026-02-18 15:30:00,-1326.3467107406805,,-867.348785268676,-35576913245.476166,1.0315619913825458e-08,0.3799128912186513,3.982089658016719e-09,0.9648498196799122,4.340143920825768,1,sup_int
2026-02-18 04:00:00,2026-02-17 04:00:00,2026-02-19 03:30:00,728.6932813903023,104.08210702823902,398.4778147424215,871.3690142950816,3.9698986196379566,0.38891816546444397,0.9029991385158569,0.9832185886045358,3.6868510476386276,0,sup_int
2026-02-18 16:00:00,2026-02-17 16:00:00,2026-02-19 15:30:00,-1363.824313183632,,-1005.3016471241772,-11040411644.01972,3.3233596319348635e-08,0.37982458029711186,-1.2537301641302179e-08,0.975673119906884,1.0893574009691047,1,sup_int
2026-02-19 04:00:00,2026-02-18 04:00:00,2026-02-20 03:30:00,-1329.3943138531295,,-801.5187072212648,-7680110502.1380825,4.923199892203911e-08,0.3914131521850059,2.198455972823865e-08,0.9454188557808453,3.799952659266456,1,sup_int
2026-02-19 16:00:00,2026-02-18 16:00:00,2026-02-20 15:30:00,748.3239310005388,105.80903002161364,386.77524715265304,869.8351219664668,3.7144777453211884,0.36979351868166643,0.894498100526014,0.8297919423918644,3.526427254690277,0,sup_int
2026-02-20 04:00:00,2026-02-19 04:00:00,2026-02-21 03:30:00,713.1335087228631,100.26952429495387,412.1896745727408,874.7163823424407,3.6777975757704326,0.34755779365157785,0.8900082912171394,0.7664676326307803,3.857646464851852,0,sup_int
2026-02-20 16:00:00,2026-02-19 16:00:00,2026-02-21 15:30:00,1354.3045901937408,,1724.6692888693676,,3.6272734228577854,4.173867362844419e-10,0.8995341351246913,1.6602139663035587e-09,3.1265596772490127,1,sup_int
2026-02-21 04:00:00,2026-02-20 04:00:00,2026-02-22 03:30:00,726.6301593428304,102.94540020392331,401.28017436522833,872.3726723885748,3.5623075654622296,0.3452866262959988,0.900547728695136,0.8994058789567758,3.7184551419932577,0,sup_int
2026-02-21 16:00:00,2026-02-20 16:00:00,2026-02-22 15:30:00,697.1867222373024,105.7766641721011,410.97012729619627,869.8639704772881,3.8098030107584955,0.3791698169115683,0.9114066347019104,0.9168583706853132,3.8910426482289586,0,sup_int
2026-02-22 04:00:00,2026-02-21 04:00:00,2026-02-23 03:30:00,708.2620330424817,109.28711427840793,399.83428538659973,866.7128719383845,3.8156731769553405,0.39220072539361694,0.9100495026112077,0.9672561786625387,3.755338065936372,0,sup_int
2026-02-22 16:00:00,2026-02-21 16:00:00,2026-02-23 15:30:00,727.6210150338253,105.54221983705018,396.6446064870658,870.0728224853151,3.645754412005276,0.36205469751069813,0.8902967559293473,0.9220981052190809,3.6728055677566407,0,sup_int
2026-02-23 04:00:00,2026-02-22 04:00:00,2026-02-24 03:30:00,694.2845317848261,106.61805985481152,411.0354978428527,869.1127722592795,3.7047359822798773,0.37159397060056193,0.901031656503544,0.8315692933683008,3.899811688108901,0,sup_int
2026-02-23 16:00:00,2026-02-22 16:00:00,2026-02-24 15:30:00,-1364.5205052788626,,-1043.1755112756227,-17601876281.59409,1.995601950355308e-08,0.3636246611618447,-8.411301655186776e-09,0.803530225828083,0.9845740438710391,1,sup_int
2026-02-24 04:00:00,2026-02-23 04:00:00,2026-02-25 03:30:00,706.1565632320612,103.01190316684604,411.0790033363989,872.3140850753883,3.6186611018205777,0.3509683188145337,0.8933138636404633,0.8787218757049846,3.86686993138509,0,sup_int
2025-12-22 16:00:00,2025-12-21 16:00:00,2025-12-23 15:30:00,236.81851341500104,489.79764778180913,277.0616090831742,449.0077109299767,0.37902083215385013,0.20284866288577866,0.9106883259466001,0.457875768810286,3.55360645224995,0,int_inf
2025-12-23 04:00:00,2025-12-22 04:00:00,2025-12-24 03:30:00,189.7699940645125,527.9538678706398,302.1575495476247,414.398189741101,0.4376906028309279,0.24992955774345593,0.9613063154512935,0.9018212290018076,3.9969097683872494,0,int_inf
2025-12-23 16:00:00,2025-12-22 16:00:00,2025-12-24 15:30:00,1336.8874413383378,,1351.9356191506406,,0.44760115093997704,2.2419073097967868e-08,0.9331999526215649,1.1329313731600621e-07,3.580851804324153,1,int_inf
2025-12-24 04:00:00,2025-12-23 04:00:00,2025-12-25 03:30:00,155.83245037306935,613.9079587296801,285.4009357405191,345.79490340361474,0.42925932649398674,0.2756000621218781,0.9199410771790845,0.9336797870415636,3.8614035225872585,0,int_inf
2025-12-24 16:00:00,2025-12-23 16:00:00,2025-12-25 15:30:00,68.3839883609982,927.8408743112273,296.5541217645025,185.6028771634388,0.40550414396879436,0.32759284899435165,0.8697404052272857,0.9538364540459595,4.259370560464351,0,int_inf
2025-12-25 04:00:00,2025-12-24 04:00:00,2025-12-26 03:30:00,-1360.0124659675414,,-1115.9075389247769,-129555789752.74313,1.5839337484849747e-09,0.2124292244117145,6.623191994847843e-10,0.4790153032709171,1.8837109114167756,1,int_inf
2025-12-25 16:00:00,2025-12-24 16:00:00,2025-12-26 15:30:00,1335.92107890855,,1434.4806759057967,,0.4058125508409951,7.669102408680573e-09,0.4965744114959405,1.7271499452853334e-08,3.851123126369828,1,int_inf
2025-12-26 04:00:00,2025-12-25 04:00:00,2025-12-27 03:30:00,1349.7970516676476,,1326.5822619532553,,0.3613736433566309,1.1606397121166623e-08,0.6042809691930194,2.558329870172571e-08,2.7540982972465446,1,int_inf
2025-12-26 16:00:00,2025-12-25 16:00:00,2025-12-27 15:30:00,-1328.0259514003878,,-888.4012327449269,-47753381683.38645,5.606121677992348e-09,0.27713225918326023,2.353799466447981e-08,0.6700409410571686,4.316976702455257,1,int_inf
2025-12-27 04:00:00,2025-12-26 04:00:00,2025-12-28 03:30:00,157.2717797802282,618.4452527522334,279.6659926460337,342.5228647699234,0.36525820178183954,0.235746214844185,0.8584427125232975,0.7926450057023388,3.7801689825960123,0,int_inf
2025-12-27 16:00:00,2025-12-26 16:00:00,2025-12-28 15:30:00,191.75835875764727,543.4737215315035,286.59025608102996,401.0595056025894,0.3476196332852953,0.2032973028256445,0.7768458036778583,0.8544556345408049,3.7860122982693256,0,int_inf
2025-12-28 04:00:00,2025-12-27 04:00:00,2025-12-29 03:30:00,1353.8538250111703,,1360.8768156666113,,0.4100907584673441,6.1273006113360395e-09,0.6850517973302286,2.7467439767114854e-08,2.506072243557316,1,int_inf
2025-12-28 16:00:00,2025-12-27 16:00:00,2025-12-29 15:30:00,177.03091392721282,528.9043080497336,320.72723383807556,413.56906116649395,0.3932315566896613,0.22488012020612064,0.6475086583856933,0.44612060796316644,4.278486048288876,0,int_inf
2025-12-29 04:00:00,2025-12-28 04:00:00,2025-12-30 03:30:00,1358.18097983771,,1326.5516518288598,,0.3905945730772493,6.130816049276788e-09,0.7120168743096015,1.71480508681654e-08,2.037650389501203,1,int_inf
2025-12-29 16:00:00,2025-12-28 16:00:00,2025-12-30 15:30:00,191.92850231306645,500.5832029101278,323.4368461013391,438.96319448213876,0.38775685835851564,0.21155600085981238,0.7652132804631202,0.46852845251007424,4.272295775488234,0,int_inf
2025-12-30 04:00:00,2025-12-29 04:00:00,2025-12-31 03:30:00,475.60403782221687,319.4068570773704,260.1377674446567,631.9977233208269,0.38717091261797104,0.13386888987691428,0.7872419550048503,0.3242382848062475,2.8614809451207766,0,int_inf
2025-12-30 16:00:00,2025-12-29 16:00:00,2025-12-31 15:30:00,1366.3509510587196,,1179.248465645329,,0.3938043188114603,1.2052068926182713e-08,0.8217105744603239,-5.6723616026488344e-08,0.4836981006372554,1,int_inf
2025-12-31 04:00:00,2025-12-30 04:00:00,2026-01-01 03:30:00,1301.7261429480639,,1608.7051688700615,,0.3719733263792223,3.888228683468498e-09,0.8961083515721516,-2.1414232165284375e-08,5.886659514945412,1,int_inf
2025-12-31 16:00:00,2025-12-30 16:00:00,2026-01-01 15:30:00,1366.77171315433,,1191.7769028942291,,0.3765673846668779,7.389728162721099e-09,0.9675337430762831,-5.4780534775034084e-08,0.2282679873549407,1,int_inf
2026-01-01 04:00:00,2025-12-31 04:00:00,2026-01-02 03:30:00,1338.1475041032816,,1400.7243195916806,,0.368431058315111,9.405859174860254e-09,0.9638498122422006,1.1466850446950616e-07,3.6427692570902197,1,int_inf
2026-01-01 16:00:00,2025-12-31 16:00:00,2026-01-02 15:30:00,253.27133764421143,439.4350013071354,303.3968912229172,498.58474981045305,0.36833133881463415,0.17822434948577717,0.9445950558170475,0.8110550171451099,3.8499953432217664,0,int_inf
2026-01-02 04:00:00,2026-01-01 04:00:00,2026-01-03 03:30:00,293.8927591533877,405.567535108194,295.94629248351464,534.279807215882,0.3565815709822902,0.1593628779180783,0.9348854150379109,0.7460965390189324,3.6581834707519194,0,int_inf
2026-01-02 16:00:00,2026-01-01 16:00:00,2026-01-03 15:30:00,1295.2368189199526,,1625.102608905532,,0.38807058721447557,4.249785356957858e-09,0.833552125714524,-3.548637095285301e-08,6.180520957065499,1,int_inf
2026-01-03 04:00:00,2026-01-02 04:00:00,2026-01-04 03:30:00,1342.1883184480141,,1460.8792309834184,,0.3841953363057131,3.6446951290347585e-09,0.7416386910308519,1.73494902888649e-08,3.560088495690306,1,int_inf
2026-01-03 16:00:00,2026-01-02 16:00:00,2026-01-04 15:30:00,-1329.450856670362,,-794.8659752559715,-6705049381.338475,2.160732653910813e-08,0.14997659880168346,8.166188880665004e-08,0.31849432999789784,3.7645183900266894,1,int_inf
2026-01-04 04:00:00,2026-01-03 04:00:00,2026-01-05 03:30:00,1366.7555380263534,,1208.5673970541397,,0.3968857878599917,6.1620466507150695e-09,0.9456400223151777,-3.143363902502472e-08,0.24727440867739636,1,int_inf
2026-01-04 16:00:00,2026-01-03 16:00:00,2026-01-05 15:30:00,269.3853615841902,424.6841853962886,300.7724186942342,513.9101885796982,0.3693921255490464,0.17287731681388818,0.8655162742809297,0.8195913611639261,3.7770753600396616,0,int_inf
2026-01-05 04:00:00,2026-01-04 04:00:00,2026-01-06 03:30:00,1312.8464861631708,,1717.083172384489,,0.3499311475203731,6.671925650847399e-10,0.8556884755188008,-4.358091887368687e-09,5.819708886651627,1,int_inf
2026-01-05 16:00:00,2026-01-04 16:00:00,2026-01-06 15:30:00,305.40511011013984,367.3601342471666,322.9954117282308,576.5591181337875,0.3602025039200099,0.1452161005916829,0.9292084709150995,0.5630312853608771,3.9630832563629026,0,int_inf
2026-01-06 04:00:00,2026-01-05 04:00:00,2026-01-07 03:30:00,-1313.718345859706,,-715.4821830692669,-3641828366.5541873,3.772302903382041e-08,0.14221538105502285,1.634535329309017e-07,0.6970270144087019,4.351436837910941,1,int_inf
2026-01-06 16:00:00,2026-01-05 16:00:00,2026-01-07 15:30:00,437.8034111316706,277.67768792425557,320.77061368887564,681.5039995048054,0.3259137091271897,0.09598592197543031,0.7380398270780255,0.3220922195110929,3.6155403821760204,0,int_inf
2026-01-07 04:00:00,2026-01-06 04:00:00,2026-01-08 03:30:00,1364.8201868687277,,1242.367868019465,,0.3383481247905409,6.547220710029222e-09,0.7810858178190776,-1.5112702644870524e-08,0.9772695086867456,1,int_inf
2026-01-07 16:00:00,2026-01-06 16:00:00,2026-01-08 15:30:00,1329.940495764576,,1301.0366433430027,,0.28867791358669653,3.741384474453824e-08,0.86107455958449,7.504505494804192e-08,3.763895848298189,1,int_inf
2026-01-08 04:00:00,2026-01-07 04:00:00,2026-01-09 03:30:00,1365.057073033728,,1244.434790398566,,0.28115759217511666,4.998800651190294e-09,0.8568840448146356,-1.5119171914435015e-08,0.92376089047095,1,int_inf
2026-01-08 16:00:00,2026-01-07 16:00:00,2026-01-09 15:30:00,-1333.8524052468613,,-931.3512806102889,-70099149405.67583,2.1009477491062967e-09,0.1524573714134057,6.3509718595256e-09,0.35424760106651076,4.053050240631072,1,int_inf
2026-01-09 04:00:00,2026-01-08 04:00:00,2026-01-10 03:30:00,62.556177806070565,928.3926653751308,322.56256403806606,185.41506060995047,1.227866941455602e-08,9.921901938936273e-09,3.383975855086874e-08,3.283493310579644e-08,4.651879370255342,1,int_inf
2026-01-09 16:00:00,2026-01-08 16:00:00,2026-01-10 15:30:00,1355.4496627667781,,1180.5930708742678,,0.2695393327130627,3.874357494548786e-08,0.5354660461937338,6.078854075663997e-08,2.0508462943856927,1,int_inf
2026-01-10 04:00:00,2026-01-09 04:00:00,2026-01-11 03:30:00,271.16731343571934,396.4604879610429,326.35219217115434,544.1758616868811,0.34166122829740325,0.1491946198839889,0.7797853688430956,0.32155409359420106,4.093586704819465,0,int_inf
2026-01-10 16:00:00,2026-01-09 16:00:00,2026-01-11 15:30:00,1366.4785096849857,,1121.1874292413613,,0.33046597583351345,2.2386241249616745e-08,0.524426632109433,-1.194176018071147e-07,0.40256242817093923,1,int_inf
2026-01-11 04:00:00,2026-01-10 04:00:00,2026-01-12 03:30:00,-1279.5910918578752,,-656.1136795408115,-7381028077.290592,1.4409031912077097e-08,0.11009615179790046,-3.071084697658932e-08,0.12965813331972564,5.953279747231795,1,int_inf
2026-01-11 16:00:00,2026-01-10 16:00:00,2026-01-12 15:30:00,1335.764437367752,,1533.0720126341469,,0.38320901085610837,2.1520677184749815e-09,0.47102175801902624,4.495011252103609e-09,4.124651522527756,1,int_inf
2026-01-12 04:00:00,2026-01-11 04:00:00,2026-01-13 03:30:00,493.25395807923985,419.6885980121246,183.2340368415478,519.1789336900883,0.3343871073800764,0.1546709978606538,0.45393201529734284,0.14606002090336578,1.9925990068231831,1,int_inf
2026-01-12 16:00:00,2026-01-11 16:00:00,2026-01-13 15:30:00,170.20085950460316,518.2132660770006,342.52712801645015,422.98792734421903,0.35718120883225135,0.20078111948756522,0.6390792133681666,0.26553772504915485,4.590082763161048,1,int_inf
2026-01-13 04:00:00,2026-01-12 04:00:00,2026-01-14 03:30:00,442.4300740349056,367.4008514530107,236.2711002019403,576.5130541556384,0.3099297407006597,0.1249633507421868,0.8374019424916539,0.21022501413780703,2.655195966452966,1,int_inf
2026-01-13 16:00:00,2026-01-12 16:00:00,2026-01-14 15:30:00,1366.0169942729365,,1240.8239266163046,,0.33960211567294885,4.820922396472684e-09,0.9714146409318105,-3.58424603330576e-08,0.6442085332384391,1,int_inf
2026-01-14 04:00:00,2026-01-13 04:00:00,2026-01-15 03:30:00,1347.1206029514174,,1444.455971324693,,0.3150452802369838,2.6604243252847937e-09,0.8551327783786595,2.8221223136171147e-08,3.196034953574305,1,int_inf
2026-01-14 16:00:00,2026-01-13 16:00:00,2026-01-15 15:30:00,386.4525631522221,353.27832025270027,276.8357881073883,592.6043091711716,0.31301147940022966,0.12099190966514134,0.7243859101298549,0.6382757629001485,3.2248153309942262,0,int_inf
2026-01-15 04:00:00,2026-01-14 04:00:00,2026-01-16 03:30:00,1345.2897576216562,,1538.9323764552666,,0.3288868431401435,9.411924295488205e-10,0.7569573281567852,5.802260227838474e-09,3.5388695586756413,1,int_inf
2026-01-15 16:00:00,2026-01-14 16:00:00,2026-01-16 15:30:00,427.8533694157946,353.81115296686636,253.80576846421826,591.9931948530614,0.3076060111619093,0.11909706985768467,0.8394414162734525,0.37441266004434737,2.8791040199235898,0,int_inf
2026-01-16 04:00:00,2026-01-15 04:00:00,2026-01-17 03:30:00,227.06605877541034,448.7504495803651,324.5994907505764,489.08946225893345,0.3247443844468979,0.16032599963226182,0.8660925660245065,0.5010829496708646,4.189890800671799,0,int_inf
2026-01-16 16:00:00,2026-01-15 16:00:00,2026-01-17 15:30:00,444.43966741547285,340.069792678313,257.11411718591415,607.8453537640672,0.30061666731404146,0.11145785474360306,0.8093765518668964,0.3243669984630695,2.885693178971649,0,int_inf
2026-01-17 04:00:00,2026-01-16 04:00:00,2026-01-18 03:30:00,256.32914406687036,411.01556130306375,327.52053946023545,528.4180177044726,0.3091968091467722,0.14006198241829587,0.866226414681137,0.5014039484151387,4.147883233495155,0,int_inf
2026-01-17 16:00:00,2026-01-16 16:00:00,2026-01-18 15:30:00,309.84376247221263,403.7585072853992,284.43211498797115,536.2359651045788,0.2667823187551471,0.11868970325751156,0.8123505483454907,0.5920265912522231,3.479981412495243,0,int_inf
2026-01-18 04:00:00,2026-01-17 04:00:00,2026-01-19 03:30:00,556.0953515864577,248.21136682340978,291.33619988215645,716.560048431191,0.2975111386699799,0.07682439699943976,0.5637013123661625,0.31462749241471966,3.040102251299031,0,int_inf
2026-01-18 16:00:00,2026-01-17 16:00:00,2026-01-19 15:30:00,-1313.7523593901594,,-813.6837072163852,-29034426935.594414,4.925801599942048e-09,0.1480507495234207,1.336543531404999e-08,0.3021672820271958,4.946324225456015,1,int_inf
2026-01-19 04:00:00,2026-01-18 04:00:00,2026-01-20 03:30:00,1356.5122281604822,,1233.8910715341462,,0.28964333674554993,1.8649002689330452e-08,0.5837317008694942,4.50561615794598e-08,2.0515966376283483,1,int_inf
2026-01-19 16:00:00,2026-01-18 16:00:00,2026-01-20 15:30:00,195.09417486497148,485.90192169040307,332.62673376660024,452.6861755807163,0.30169591991126443,0.16031620854385706,0.7721290500204658,0.319436840681395,4.384518079435537,0,int_inf
2026-01-20 04:00:00,2026-01-19 04:00:00,2026-01-21 03:30:00,472.77975000386886,343.8842928551019,241.22200811005277,603.4263534955795,0.2866883385660082,0.10760518936434872,0.8573514586226869,0.3036830129735377,2.6582655495814427,0,int_inf
2026-01-20 16:00:00,2026-01-19 16:00:00,2026-01-21 15:30:00,230.58735868082695,444.8620394411,324.0053598701468,493.03544262382877,0.29401075674687416,0.14395184860380328,0.8781938726273663,0.5086895317138562,4.172621544794012,0,int_inf
2026-01-21 04:00:00,2026-01-20 04:00:00,2026-01-22 03:30:00,457.424420315068,321.1862095660951,267.1140522482704,629.9051466924803,0.28242525541088853,0.09826364294415264,0.8995934785854643,0.3065952289105205,2.9729451559634983,0,int_inf
2026-01-21 16:00:00,2026-01-20 16:00:00,2026-01-22 15:30:00,242.84763539419214,430.8422648430395,323.0553437213808,507.46964647663896,0.2744807450137752,0.13028834304048503,0.9049603008685753,0.5183765572115924,4.127299478237471,0,int_inf
2026-01-22 04:00:00,2026-01-21 04:00:00,2026-01-23 03:30:00,-126.27113200402263,,92.09657558024624,-147.44169095215517,0.2346056307127519,0.2704135557917345,0.03211672396198062,0.0598229467524547,1.5310784153172605,1,int_inf
2026-01-22 16:00:00,2026-01-21 16:00:00,2026-01-23 15:30:00,-94.24739419564227,,134.3244125910516,-156.8020343355795,0.2035192077131575,0.23655445165030162,0.024283897023878787,0.04644986820005792,2.176344511610443,1,int_inf
2026-01-23 04:00:00,2026-01-22 04:00:00,2026-01-24 03:30:00,-41.0529155004351,,113.89128261710083,-52.796198042343335,0.2444436203508843,0.25780347639059326,0.03574089159421778,0.05647590706923067,1.7709599463081256,1,int_inf
2026-01-23 16:00:00,2026-01-22 16:00:00,2026-01-24 15:30:00,-1321.4232312011632,,-1042.794742658029,-1873133971037.5361,1.184579656587914e-10,0.22969605291781706,-3.5958125366164495e-11,0.04553853067439051,5.657679595437041,1,int_inf
2026-01-24 04:00:00,2026-01-23 04:00:00,2026-01-25 03:30:00,275.4099763690533,395.25083077305624,323.21951443473216,545.4992802113304,0.3336417096857594,0.14523561751281244,0.7179659967235767,0.5723053829361848,4.043196332215059,0,int_inf
2026-01-24 16:00:00,2026-01-23 16:00:00,2026-01-25 15:30:00,-1335.3002502827014,,-762.494489915315,-2388829627.679149,3.275889887133232e-08,0.08100933547369374,1.244700160718537e-07,0.15623048744659151,3.220699071530383,1,int_inf
2026-01-25 04:00:00,2026-01-24 04:00:00,2026-01-26 03:30:00,1366.4032017891982,,1132.4274738179151,,0.32145606628540196,1.911515662422758e-08,0.865040697308101,-8.385962169121797e-08,0.44176644858506786,1,int_inf
2026-01-25 16:00:00,2026-01-24 16:00:00,2026-01-26 15:30:00,539.5473725672778,283.93311214222473,264.00391104048157,674.0505284639829,0.2917691425007571,0.08818111511273449,0.9388015447085849,0.28109183889389167,2.7852267248192364,1,int_inf
2026-01-26 04:00:00,2026-01-25 04:00:00,2026-01-27 03:30:00,392.092633851678,301.5718964413093,324.32503590598697,653.075520300791,0.2915880696892307,0.09445768117346776,0.940525856881946,0.5518130636719625,3.7643903326848465,0,int_inf
2026-01-26 16:00:00,2026-01-25 16:00:00,2026-01-27 15:30:00,1345.3782643198722,,1253.837750892383,,0.3058763203909443,3.331560245734e-08,0.9314622997655886,4.836673415109516e-07,2.878141854300065,1,int_inf
2026-01-27 04:00:00,2026-01-26 04:00:00,2026-01-28 03:30:00,435.8590378326274,276.75413957519055,322.98285256774795,682.604640244539,0.3273132078942864,0.096025161073399,0.9204793719424686,0.8098257072905731,3.645029954017732,0,int_inf
2026-01-27 16:00:00,2026-01-26 16:00:00,2026-01-28 15:30:00,1305.298553112484,,1713.8798447072168,,0.35767082968670066,9.750078938663975e-10,0.9477999405760633,-1.3392188913385894e-08,6.128885389284324,1,int_inf
2026-01-28 04:00:00,2026-01-27 04:00:00,2026-01-29 03:30:00,1341.2058469224648,,1380.8122359331778,,0.3716555450256518,1.0273181527686859e-08,0.9817800725719477,1.4698688033387697e-07,3.421938527325165,1,int_inf
2026-01-28 16:00:00,2026-01-27 16:00:00,2026-01-29 15:30:00,373.4533991875857,323.92903495301346,313.60009560758374,626.683777738088,0.3227594170334764,0.1133733415541286,0.7944616871189619,0.9170192547763293,3.6836023789455963,0,int_inf
2026-01-29 04:00:00,2026-01-28 04:00:00,2026-01-30 03:30:00,695.8112154248124,195.84019355460092,291.4781311194424,777.4418247165682,0.3452254184119019,0.06738777443178348,0.6205927298733063,0.2685776469035345,2.7624383355601267,1,int_inf
2026-01-29 16:00:00,2026-01-28 16:00:00,2026-01-30 15:30:00,257.89315602307386,402.36986908548124,334.6514649417047,537.7407984001903,0.30097903434183365,0.13343473563353864,0.5337131532295318,0.3151109015945234,4.2338990954497895,0,int_inf
2026-01-30 04:00:00,2026-01-29 04:00:00,2026-01-31 03:30:00,-1348.228416702912,,-875.0371014438731,-7330970176.089692,1.0015530460538713e-08,0.07600740195090219,3.8347803821281445e-08,0.10432812532784441,2.6445971667905845,1,int_inf
2026-01-30 16:00:00,2026-01-29 16:00:00,2026-01-31 15:30:00,1338.3089369418105,,1484.4509498262598,,0.3312871139293598,2.946839328110684e-09,0.8982647535661077,1.5183330037693565e-08,3.851231335776935,1,int_inf
2026-01-31 04:00:00,2026-01-30 04:00:00,2026-02-01 03:30:00,381.7733001717482,326.00296450460627,305.74150771359695,624.2515985675104,0.27671131914107994,0.09789505809637301,0.5985702111788316,0.4461343404163619,3.572218685427363,0,int_inf
2026-01-31 16:00:00,2026-01-30 16:00:00,2026-02-01 15:30:00,-1345.040903590226,,-969.2272617088989,-54475980261.36895,1.0501559066788957e-09,0.05922148085199165,2.525426534560893e-09,0.11696298510184688,3.229641030480068,1,int_inf
2026-02-01 04:00:00,2026-01-31 04:00:00,2026-02-02 03:30:00,-1311.1512865886907,,-794.4404214972267,-23042944666.71438,6.149505571428904e-09,0.14668936087286186,1.5434596822849755e-08,0.24969151238692333,5.0054353872251856,1,int_inf
2026-02-01 16:00:00,2026-01-31 16:00:00,2026-02-02 15:30:00,-1356.7552881712766,,-966.8962031021125,-15916171638.055166,5.751633891382113e-09,0.09476550826274038,2.1238341640916758e-08,0.11902477342859319,2.0343746933315403,1,int_inf
2026-02-02 04:00:00,2026-02-01 04:00:00,2026-02-03 03:30:00,1365.3225340929807,,1143.7538423362535,,0.2960920863173669,2.0977745429640038e-08,0.5360519827372063,-8.080344215954938e-08,0.7877655380940967,1,int_inf
2026-02-02 16:00:00,2026-02-01 16:00:00,2026-02-03 15:30:00,-1361.288956781397,,-980.9786023452529,-11271968667.475405,7.69302521685944e-09,0.089767139858243,2.6965289889879784e-08,0.14623070797030469,1.4769625015826566,1,int_inf
2026-02-03 04:00:00,2026-02-02 04:00:00,2026-02-04 03:30:00,1366.3428661488585,,1206.09803459985,,0.24899329096679584,5.1577423304527414e-09,0.667199522629786,-1.506286162467063e-08,0.4983432233763443,1,int_inf
2026-02-03 16:00:00,2026-02-02 16:00:00,2026-02-04 15:30:00,748.6972023281131,231.86920876703527,240.37097131702217,735.8442123044055,0.20419848062925622,0.04865249523917013,0.7161478399067638,0.13054025203725894,2.190967377540055,1,int_inf
2026-02-04 04:00:00,2026-02-03 04:00:00,2026-02-05 03:30:00,1349.8113461102678,,1480.8351531893245,,0.2532563734092045,1.0927130450477662e-09,0.7916251781922783,2.694346235010414e-08,3.0732102189714716,1,int_inf
2026-02-04 16:00:00,2026-02-03 16:00:00,2026-02-05 15:30:00,564.9298915301371,170.23081601253529,381.58256130795803,805.7922359873003,0.24384225093816556,0.04044154348695234,0.8753384968497369,0.5551690665672545,3.958494032733179,0,int_inf
2026-02-05 04:00:00,2026-02-04 04:00:00,2026-02-06 03:30:00,541.3750472200057,187.2697061540589,370.97571810870676,787.0668388525365,0.3200023906842183,0.05927583972164954,0.887175167290348,0.5848733761187137,3.9090552905884497,0,int_inf
2026-02-05 16:00:00,2026-02-04 16:00:00,2026-02-06 15:30:00,416.55045044779934,257.3098983787339,358.73609503828243,705.759685224729,0.31964437573196586,0.08611348496958242,0.7675476274072616,0.6245090952395991,4.099036767744472,0,int_inf
2026-02-06 04:00:00,2026-02-05 04:00:00,2026-02-07 03:30:00,349.76893255029523,315.25258608985735,341.10269955262214,636.8913264328262,0.35957545462507806,0.12250589414134223,0.8340166107440128,0.8049738242279869,4.067862033848095,0,int_inf
2026-02-06 16:00:00,2026-02-05 16:00:00,2026-02-07 15:30:00,1366.7452945251644,,1368.4436275606374,,0.36641504882449427,5.329451047142442e-10,0.9576720270977992,-5.852335283051957e-09,0.2907181183775229,1,int_inf
2026-02-07 04:00:00,2026-02-06 04:00:00,2026-02-08 03:30:00,1292.8801056651948,,1619.4152606121024,,0.3500066383066127,4.43271848393767e-09,0.9629309272800611,-3.412330173979683e-08,6.240122135376861,1,int_inf
2026-02-07 16:00:00,2026-02-06 16:00:00,2026-02-08 15:30:00,366.4659236882079,315.4880077637884,327.67424325914993,636.6137175240896,0.3542702716147512,0.12080024943163727,0.9789935067284639,0.4162913957148503,3.8661726365911733,0,int_inf
2026-02-08 04:00:00,2026-02-07 04:00:00,2026-02-09 03:30:00,671.0660612443311,202.68391526324694,293.1083056074852,769.6700320012058,0.3580882095466243,0.07277950580453313,0.9810785125896803,0.23748548813870196,2.8274142092725247,1,int_inf
2026-02-08 16:00:00,2026-02-07 16:00:00,2026-02-09 15:30:00,450.50944278795447,253.44031062790472,340.6244253813941,710.3571879838828,0.36414585634135604,0.09636928672518623,0.9798941681702201,0.5431350529163913,3.808046495492165,0,int_inf
2026-02-09 04:00:00,2026-02-08 04:00:00,2026-02-10 03:30:00,1291.9203036047384,,1540.2817406775712,,0.35598738925642376,1.1308518330088724e-08,0.96824518606901,-1.8440405247233116e-07,5.96620351363616,1,int_inf
2026-02-09 16:00:00,2026-02-08 16:00:00,2026-02-10 15:30:00,-1331.9441771714723,,-882.2252224122835,-31275105127.48866,2.3949854877081123e-09,0.07753933992945591,1.028862539609321e-08,0.8578109820762658,3.986897934293964,1,int_inf
2026-02-10 04:00:00,2026-02-09 04:00:00,2026-02-11 03:30:00,474.89504834471046,240.608471559609,341.0610161710981,725.553628678453,0.3723833100093187,0.09269124315646603,0.9379558989121103,0.821216462503732,3.7533485262280504,0,int_inf
2026-02-10 16:00:00,2026-02-09 16:00:00,2026-02-11 15:30:00,628.1647340721887,193.29491889842663,320.64649093799017,780.3133244162273,0.3897523901733649,0.07492085146625647,0.9461647171127304,0.6616443912057812,3.187020038422075,0,int_inf
2026-02-11 04:00:00,2026-02-10 04:00:00,2026-02-12 03:30:00,443.17222911296085,256.872586976055,341.19889002974395,706.2795272642348,0.38384370520103955,0.10320248344122929,0.9275926575281651,0.6932114955564953,3.8325351749863117,0,int_inf
2026-02-11 16:00:00,2026-02-10 16:00:00,2026-02-12 15:30:00,-1334.4451116914815,,-795.2130593469997,-4771350203.99503,1.4783410606789005e-08,0.07301909451050956,5.237790401402265e-08,0.38237954196942026,3.419052053022481,1,int_inf
2026-02-12 04:00:00,2026-02-11 04:00:00,2026-02-13 03:30:00,386.35977984490717,283.4978242845407,349.0865352412184,674.5690541419307,0.3910336985153212,0.11797185271276425,0.7675263111354214,0.47153779056302303,4.066694175718817,0,int_inf
2026-02-12 16:00:00,2026-02-11 16:00:00,2026-02-13 15:30:00,-1346.5068732277582,,-921.1122517456641,-19724330809.663696,3.6199929165370293e-09,0.07391463584835059,1.1816425171673473e-08,0.16803106247971622,2.9394210719212595,1,int_inf
2026-02-13 04:00:00,2026-02-12 04:00:00,2026-02-14 03:30:00,366.8487848421392,290.95824797370267,355.50273527423064,665.68658437107,0.4010025654485161,0.12466662221574938,0.8680903151847629,0.3156343312856532,4.193488496259368,0,int_inf
2026-02-13 16:00:00,2026-02-12 16:00:00,2026-02-14 15:30:00,-1339.8484032900362,,-898.6596746998532,-22934674385.14028,3.5654834085185882e-09,0.08465087247831314,1.4922881153012213e-08,0.23504391206234254,3.428855459267427,1,int_inf
2026-02-14 04:00:00,2026-02-13 04:00:00,2026-02-15 03:30:00,446.63048361032423,248.05314620032877,349.61630693626694,716.7475360687832,0.37248149603467345,0.09611121925182942,0.9607404872388619,0.5491441869697098,3.9183507479139053,0,int_inf
2026-02-14 16:00:00,2026-02-13 16:00:00,2026-02-15 15:30:00,544.1243890683459,242.2426652681554,302.93249449750596,723.6234026545604,0.3594596746469716,0.09019263067216136,0.909554833238053,0.8420260737634813,3.186276640764028,0,int_inf
2026-02-15 04:00:00,2026-02-14 04:00:00,2026-02-16 03:30:00,1287.178650822954,,1569.9283207134224,,0.35012864373215313,9.291083180595905e-09,0.9146329804516495,-1.2066515897579677e-07,6.233436849796739,1,int_inf
2026-02-15 16:00:00,2026-02-14 16:00:00,2026-02-16 15:30:00,598.4936100686457,215.39776124212352,308.0266600966525,755.0556224319598,0.3496351837741035,0.07635100054806297,0.9802511735813189,0.5756032056225312,3.1242137128584577,0,int_inf
2026-02-16 04:00:00,2026-02-15 04:00:00,2026-02-17 03:30:00,1345.6341875705007,,1348.5302927330442,,0.35962456519643876,1.1484914713699723e-08,0.980732363461208,1.7064834656466132e-07,3.079455784104263,1,int_inf
2026-02-16 16:00:00,2026-02-15 16:00:00,2026-02-17 15:30:00,569.3751247448779,218.62081814795832,317.35282426209636,751.3186309370358,0.36954323617977664,0.08212796609213847,0.9684168783210263,0.8553823205310893,3.282434082082253,0,int_inf
2026-02-17 04:00:00,2026-02-16 04:00:00,2026-02-18 03:30:00,1344.1587782096585,,1299.9586480750067,,0.3730669125318326,2.4217036501128497e-08,0.953272946188571,3.6885138687825503e-07,3.0562065009170833,1,int_inf
2026-02-17 16:00:00,2026-02-16 16:00:00,2026-02-18 15:30:00,569.8227736923594,220.5003933554163,315.0109664123757,749.1339699440491,0.3799128912186513,0.08529172583422048,0.9648498196799122,0.7805715196420561,3.257237994937457,0,int_inf
2026-02-18 04:00:00,2026-02-17 04:00:00,2026-02-19 03:30:00,1342.8141920509192,,1413.3098931491477,,0.38891816546444397,6.482577502575637e-09,0.9832185886045358,1.0878485612320077e-07,3.4062591974664405,1,int_inf
2026-02-18 16:00:00,2026-02-17 16:00:00,2026-02-19 15:30:00,540.4393280759501,226.14490712385685,322.5579117029536,742.5510834030247,0.37982458029711186,0.08786023099994981,0.975673119906884,0.8676415100593962,3.400965886892192,0,int_inf
2026-02-19 04:00:00,2026-02-18 04:00:00,2026-02-20 03:30:00,569.3052819706608,208.87294633850644,328.7581259589123,762.5825176651111,0.3914131521850059,0.08242439233110055,0.9454188557808453,0.8540076499850738,3.4005596339867674,0,int_inf
2026-02-19 16:00:00,2026-02-18 16:00:00,2026-02-20 15:30:00,457.9087394278877,249.10364045425445,341.1823324396924,715.5024921674504,0.36979351868166643,0.09589425311486012,0.8297919423918644,0.7768541244161424,3.796129244733621,0,int_inf
2026-02-20 04:00:00,2026-02-19 04:00:00,2026-02-21 03:30:00,1311.2339163306506,,1539.7200408136948,,0.34755779365157785,5.6178143387208834e-09,0.7664676326307803,-4.169958467414858e-08,5.282082512497021,1,int_inf
2026-02-20 16:00:00,2026-02-19 16:00:00,2026-02-21 15:30:00,-1331.2484867774626,,-973.2515073816189,-197581710267.1381,4.173867362844419e-10,0.08537010357004488,1.6602139663035587e-09,0.3187222858223254,4.4573383219343015,1,int_inf
2026-02-21 04:00:00,2026-02-20 04:00:00,2026-02-22 03:30:00,612.0992613846344,209.82788650206447,308.46396231348353,761.484294682144,0.3452866262959988,0.07310354267224523,0.8994058789567758,0.39064355135686457,3.0998603520846792,0,int_inf
2026-02-21 16:00:00,2026-02-20 16:00:00,2026-02-22 15:30:00,604.1910606276264,189.0409318722972,336.45426602541437,785.0881224876182,0.3791698169115683,0.07101242646103739,0.9168583706853132,0.6846904465545611,3.3993883887462633,0,int_inf
2026-02-22 04:00:00,2026-02-21 04:00:00,2026-02-23 03:30:00,474.39807014028963,240.0429826969692,342.0398782859159,726.2211533979574,0.39220072539361694,0.09735304914782296,0.9672561786625387,0.7318294120523601,3.765332070339337,0,int_inf
2026-02-22 16:00:00,2026-02-21 16:00:00,2026-02-23 15:30:00,1299.4263183007379,,1607.4056965024272,,0.36205469751069813,4.1761533536854856e-09,0.9220981052190809,-5.772387146052438e-08,5.9655241505250585,1,int_inf
2026-02-23 04:00:00,2026-02-22 04:00:00,2026-02-24 03:30:00,606.4246476830023,201.1103483240194,320.8831746859086,771.4633160031606,0.37159397060056193,0.07483465544938465,0.8315692933683008,0.6188082069123917,3.237148485727805,0,int_inf
2026-02-23 16:00:00,2026-02-22 16:00:00,2026-02-24 15:30:00,1366.8039396981317,,1302.4675005510728,,0.3636246611618447,1.3214446481502051e-09,0.803530225828083,-1.0602138500459546e-08,0.21135067145948305,1,int_inf
2026-02-24 04:00:00,2026-02-23 04:00:00,2026-02-25 03:30:00,641.8211316075389,229.4382187023305,276.3108983498139,738.6960332953591,0.3509683188145337,0.08258587436403138,0.8787218757049846,0.30207340966547513,2.7205576430760448,0,int_inf
2025-12-22 16:00:00,2025-12-21 16:00:00,2025-12-23 15:30:00,-2720.300373256219,,-511.4662809289119,-26720373079.420322,7.33346450232375e-09,0.20284866288577866,4.547806131682819e-09,0.457875768810286,1.7073058812604027,1,sup_inf
2025-12-23 04:00:00,2025-12-22 04:00:00,2025-12-24 03:30:00,2279.6373729190163,282.94315357586385,132.29414794437727,878.4795866514345,2.758422451082466,0.24992955774345593,0.939815509046311,0.9018212290018076,1.589375561372104,0,sup_inf
2025-12-23 16:00:00,2025-12-22 16:00:00,2025-12-24 15:30:00,2730.156712810456,,649.0179404625367,,2.734304450083309,2.2419073097967868e-08,0.9311284402632367,1.1329313731600621e-07,0.9581877994177735,1,sup_inf
2025-12-24 04:00:00,2025-12-23 04:00:00,2025-12-25 03:30:00,2313.3018456567543,296.51362172696383,123.8929118928016,868.4877750298739,2.7300810228193932,0.2756000621218781,0.9376658578666179,0.9336797870415636,1.4440542707530488,0,sup_inf
2025-12-24 16:00:00,2025-12-23 16:00:00,2025-12-25 15:30:00,2243.0633086076964,329.84022083246145,115.42313900557846,841.9006984984209,2.549914215628791,0.32759284899435165,0.8714018637436324,0.9538364540459595,1.4296586083087877,0,sup_inf
2025-12-25 04:00:00,2025-12-24 04:00:00,2025-12-26 03:30:00,2524.8283668276717,261.44399081960313,121.30436503101815,893.2197460204443,2.8193418293299666,0.2124292244117145,0.8653587297605033,0.4790153032709171,1.0734575126919994,0,sup_inf
2025-12-25 16:00:00,2025-12-24 16:00:00,2025-12-26 15:30:00,2730.1434569591856,,684.2121079502474,,2.56270091592425,7.669102408680573e-09,0.8775779145771123,1.7271499452853334e-08,1.0119114580405353,1,sup_inf
2025-12-26 04:00:00,2025-12-25 04:00:00,2025-12-27 03:30:00,2733.1097717431603,,651.3636790428825,,2.596073680596789,1.1606397121166623e-08,0.888884811374411,2.558329870172571e-08,0.4224675098905868,1,sup_inf
2025-12-26 16:00:00,2025-12-25 16:00:00,2025-12-27 15:30:00,2254.1649597472992,304.6064218383548,124.73737317301436,862.2898717001791,2.58120592324184,0.27713225918326023,0.909474870901857,0.6700409410571686,1.531145858525374,0,sup_inf
2025-12-27 04:00:00,2025-12-26 04:00:00,2025-12-28 03:30:00,2384.276469296332,290.3438935101879,121.1672989401115,873.0940936526861,2.4510687380328755,0.235746214844185,0.9256230524504467,0.7926450057023388,1.3134492669809266,0,sup_inf
2025-12-27 16:00:00,2025-12-26 16:00:00,2025-12-28 15:30:00,2484.919362160597,270.06539552070114,121.35444044934383,887.4742159543217,2.500741229991543,0.2032973028256445,0.9057404307068952,0.8544556345408049,1.1509448878876085,0,sup_inf
2025-12-28 04:00:00,2025-12-27 04:00:00,2025-12-29 03:30:00,2733.5357288624996,,669.2290153829829,,2.7619402801235196,6.1273006113360395e-09,0.9338122902369972,2.7467439767114854e-08,0.2606342900329617,1,sup_inf
2025-12-28 16:00:00,2025-12-27 16:00:00,2025-12-29 15:30:00,2376.4353960433396,273.7450586362351,128.86590028919943,884.953878838904,2.6802122450715857,0.22488012020612064,0.9228684770527186,0.44612060796316644,1.4091148723461862,0,sup_inf
2025-12-29 04:00:00,2025-12-28 04:00:00,2025-12-30 03:30:00,2616.5764885673784,,861.6345742160299,,2.8370311331962497,6.130816049276788e-09,0.9259807054066792,1.71480508681654e-08,6.038235322845036,1,sup_inf
2025-12-29 16:00:00,2025-12-28 16:00:00,2025-12-30 15:30:00,-2646.3914897909785,,-488.798423823509,-424226153395.2109,4.817342080798426e-10,0.21155600085981238,-2.6619950688200333e-10,0.46852845251007424,5.155914891509168,1,sup_inf
2025-12-30 04:00:00,2025-12-29 04:00:00,2025-12-31 03:30:00,2695.5978052910023,212.87646587386905,118.9987345819876,921.2038745801076,2.886462513725784,0.13386888987691428,0.9155861898147026,0.3242382848062475,0.5186326785195039,0,sup_inf
2025-12-30 16:00:00,2025-12-29 16:00:00,2025-12-31 15:30:00,2676.0812698078767,,772.9088642399554,,2.869209919186174,1.2052068926182713e-08,0.9161957738373874,-5.6723616026488344e-08,4.026482554086132,1,sup_inf
2025-12-31 04:00:00,2025-12-30 04:00:00,2026-01-01 03:30:00,2697.2796152070473,,788.7851846872833,,2.879058529695983,3.888228683468498e-09,0.9159116148795776,-2.1414232165284375e-08,3.370677407357295,1,sup_inf
2025-12-31 16:00:00,2025-12-30 16:00:00,2026-01-01 15:30:00,2683.6592147916967,,783.2878559648785,,2.895059802544459,7.389728162721099e-09,0.9216663397494275,-5.4780534775034084e-08,3.841447064683635,1,sup_inf
2026-01-01 04:00:00,2025-12-31 04:00:00,2026-01-02 03:30:00,2729.7232566571683,,683.5818054551199,,2.924045569294101,9.405859174860254e-09,0.9231362618832928,1.1466850446950616e-07,1.065125435364763,1,sup_inf
2026-01-01 16:00:00,2025-12-31 16:00:00,2026-01-02 15:30:00,2501.5661799992135,238.43990028281294,133.864850206056,907.4207530293409,2.938748386537023,0.17822434948577717,0.9170043671303036,0.8110550171451099,1.235294499551209,0,sup_inf
2026-01-02 04:00:00,2026-01-01 04:00:00,2026-01-03 03:30:00,2581.1817338207206,228.12306264216147,130.00820300960885,913.2401940304329,2.9175524035259297,0.1593628779180783,0.9119744020091056,0.7460965390189324,1.0143394009235323,0,sup_inf
2026-01-02 16:00:00,2026-01-01 16:00:00,2026-01-03 15:30:00,-973.1592253897468,,89.46529536674225,-4117.444003010385,8.07584665807326e-10,4.249785356957858e-09,4.1057712785175227e-10,-3.548637095285301e-08,4.359267885816006,1,sup_inf
2026-01-03 04:00:00,2026-01-02 04:00:00,2026-01-04 03:30:00,2731.605733112142,,706.8095187920255,,2.9282119146703796,3.6446951290347585e-09,0.919219840794654,1.73494902888649e-08,0.8162980482943789,1,sup_inf
2026-01-03 16:00:00,2026-01-02 16:00:00,2026-01-04 15:30:00,-2724.9565474578308,,-500.9604917039518,-13250254718.513027,1.0933993710438017e-08,0.14997659880168346,5.780315781578338e-09,0.31849432999789784,1.3228001559319922,1,sup_inf
2026-01-04 04:00:00,2026-01-03 04:00:00,2026-01-05 03:30:00,2681.1788174149638,,795.7261244273836,,3.045366622140575,6.1620466507150695e-09,0.9294990974682877,-3.143363902502472e-08,3.984345949502453,1,sup_inf
2026-01-04 16:00:00,2026-01-03 16:00:00,2026-01-05 15:30:00,2565.7730963028735,236.97726238071797,127.74140737504791,908.2667623397194,2.892348750905573,0.17287731681388818,0.9269672325692536,0.8195913611639261,1.0360367322634343,0,sup_inf
2026-01-05 04:00:00,2026-01-04 04:00:00,2026-01-06 03:30:00,2704.148691904296,,845.261528032518,,2.926933463354177,6.671925650847399e-10,0.9194884851422295,-4.358091887368687e-09,3.2951460379016875,1,sup_inf
2026-01-05 16:00:00,2026-01-04 16:00:00,2026-01-06 15:30:00,2488.71345558773,220.50358186303234,144.0690753676045,917.3154081161242,2.8810723923518786,0.1452161005916829,0.9014350529901908,0.5630312853608771,1.3581027121314193,0,sup_inf
2026-01-06 04:00:00,2026-01-05 04:00:00,2026-01-07 03:30:00,2589.340845958403,223.77949479343152,131.03738604685006,915.5866119350864,2.7247915622976757,0.14221538105502285,0.8971934908096387,0.6970270144087019,0.999896314246187,0,sup_inf
2026-01-06 16:00:00,2026-01-05 16:00:00,2026-01-07 15:30:00,2576.6644793925598,184.5394446385344,152.96300742373748,933.9759171792929,2.894919351915188,0.09598592197543031,0.9098519879331531,0.3220922195110929,1.2075692119176247,0,sup_inf
2026-01-07 04:00:00,2026-01-06 04:00:00,2026-01-08 03:30:00,2668.2151568102363,,805.4612673304981,,2.7777452281843034,6.547220710029222e-09,0.9079489409878748,-1.5112702644870524e-08,4.43061685770183,1,sup_inf
2026-01-07 16:00:00,2026-01-06 16:00:00,2026-01-08 15:30:00,-1817.0085457540022,,6.7276711561958225,-3988.9415696240376,7.294119974687874e-09,3.741384474453824e-08,4.186744506640139e-09,7.504505494804192e-08,1.8379103248584632,1,sup_inf
2026-01-08 04:00:00,2026-01-07 04:00:00,2026-01-09 03:30:00,2673.6283988164478,,801.9368838057779,,2.278526087192787,4.998800651190294e-09,0.819378942834188,-1.5119171914435015e-08,4.252573077645843,1,sup_inf
2026-01-08 16:00:00,2026-01-07 16:00:00,2026-01-09 15:30:00,2477.551393833624,245.09254875151535,133.0876077236509,903.486039275951,2.3556627071127716,0.1524573714134057,0.8245147620300781,0.35424760106651076,1.2768527864770234,0,sup_inf
2026-01-09 04:00:00,2026-01-08 04:00:00,2026-01-10 03:30:00,1394.1529736260131,568.5240852481845,89.16943722143586,611.0334446779419,2.700103429731371e-08,9.921901938936273e-09,2.1327739352372532e-08,3.283493310579644e-08,1.6886370200189509,1,sup_inf
2026-01-09 16:00:00,2026-01-08 16:00:00,2026-01-10 15:30:00,2593.8873869613244,,793.1341946148359,,2.4210602319872283,3.874357494548786e-08,0.8772598125800594,6.078854075663997e-08,5.9741329174681415,1,sup_inf
2026-01-10 04:00:00,2026-01-09 04:00:00,2026-01-11 03:30:00,2369.375887428417,225.35639458044622,153.36028546124328,914.7418966991413,2.8114088419450263,0.1491946198839889,0.891073003627098,0.32155409359420106,1.6898745976041791,0,sup_inf
2026-01-10 16:00:00,2026-01-09 16:00:00,2026-01-11 15:30:00,-2339.1378318737084,,-24.0051717384771,-5071.792450329917,3.581642094019344e-09,2.2386241249616745e-08,-2.02823224881854e-09,-1.194176018071147e-07,1.1085168296218875,1,sup_inf
2026-01-11 04:00:00,2026-01-10 04:00:00,2026-01-12 03:30:00,2730.0630201923627,194.08452938914127,114.70445050317274,929.9675948759827,2.9511599066565166,0.11009615179790046,0.9165035911955247,0.12965813331972564,0.17142360330035267,1,sup_inf
2026-01-11 16:00:00,2026-01-10 16:00:00,2026-01-12 15:30:00,705.4321523040029,484.24894468015987,199.840332182879,694.9008721090939,7.668292223428352e-09,2.1520677184749815e-09,-4.280930054889609e-09,4.495011252103609e-09,4.757454897155639,1,sup_inf
2026-01-12 04:00:00,2026-01-11 04:00:00,2026-01-13 03:30:00,1176.157990062328,227.686235249436,299.07556363090157,913.4789592315142,2.844526937034911,0.1546709978606538,0.914361414997861,0.14606002090336578,6.109666960432429,1,sup_inf
2026-01-12 16:00:00,2026-01-11 16:00:00,2026-01-13 15:30:00,2296.1850089214972,256.38202209129525,143.60731946183824,896.4871910736118,2.789995751079238,0.20078111948756522,0.9169845627051775,0.26553772504915485,1.7002888783330683,1,sup_inf
2026-01-13 04:00:00,2026-01-12 04:00:00,2026-01-14 03:30:00,2728.850489479309,210.2723729386739,108.94258714518189,922.4876595094117,2.773929182791334,0.1249633507421868,0.9136070517627857,0.21022501413780703,0.1862187355868654,1,sup_inf
2026-01-13 16:00:00,2026-01-12 16:00:00,2026-01-14 15:30:00,872.1445466810146,395.13501805396027,219.04471702240102,783.0677628192448,2.5456959207303953e-08,4.820922396472684e-09,1.3676513366256415e-08,-3.58424603330576e-08,4.943389976132398,1,sup_inf
2026-01-14 04:00:00,2026-01-13 04:00:00,2026-01-15 03:30:00,2733.2433252499427,,700.7461183030085,,2.6809833167424064,2.6604243252847937e-09,0.8997126607411302,2.8221223136171147e-08,0.40681875331821526,1,sup_inf
2026-01-14 16:00:00,2026-01-13 16:00:00,2026-01-15 15:30:00,2640.0484529412033,205.875340625034,132.49240961738806,924.6046536484396,2.8231059643759027,0.12099190966514134,0.9129270546424176,0.6382757629001485,0.8467218892705561,0,sup_inf
2026-01-15 04:00:00,2026-01-14 04:00:00,2026-01-16 03:30:00,2732.3719975736076,,745.686976487345,,2.7519875793719835,9.411924295488205e-10,0.9197711624352516,5.802260227838474e-09,0.6972123039517069,1,sup_inf
2026-01-15 16:00:00,2026-01-14 16:00:00,2026-01-16 15:30:00,2704.5375679558438,203.32387737471421,120.93492380436274,925.8038971193793,2.861790183456737,0.11909706985768467,0.9318558865032596,0.37441266004434737,0.46869953518044916,0,sup_inf
2026-01-16 04:00:00,2026-01-15 04:00:00,2026-01-17 03:30:00,2455.8895646860637,233.63503598799616,140.72172985869972,910.1740023726167,2.7739882676576015,0.16032599963226182,0.925985275317834,0.5010829496708646,1.3939938541629875,0,sup_inf
2026-01-16 16:00:00,2026-01-15 16:00:00,2026-01-17 15:30:00,2707.511789901472,202.14585624217102,120.62817486371188,926.3503652729977,2.7151344440561007,0.11145785474360306,0.9384626895317316,0.3243669984630695,0.44576010900036134,0,sup_inf
2026-01-17 04:00:00,2026-01-16 04:00:00,2026-01-18 03:30:00,2430.272081697987,224.9018251415009,147.72077013300978,914.9862359282396,2.6519544140174283,0.14006198241829587,0.9426687516293929,0.5014039484151387,1.5149826918394806,0,sup_inf
2026-01-17 16:00:00,2026-01-16 16:00:00,2026-01-18 15:30:00,2659.5271359486624,216.73919776322543,124.28347329818557,919.2584811618965,2.452670092917815,0.11868970325751156,0.8879243159545054,0.5920265912522231,0.7205512405194532,0,sup_inf
2026-01-18 04:00:00,2026-01-17 04:00:00,2026-01-19 03:30:00,2673.243596563648,172.87316735485894,143.18943993449767,938.4751416526234,2.6956754898601787,0.07682439699943976,0.9030215990141346,0.31462749241471966,0.7613818324164816,0,sup_inf
2026-01-18 16:00:00,2026-01-17 16:00:00,2026-01-19 15:30:00,2467.9855942151175,232.40481155088997,140.14684657926236,910.8669117845584,2.593790611241014,0.1480507495234207,0.9155559290381354,0.3021672820271958,1.3641642912448975,0,sup_inf
2026-01-19 04:00:00,2026-01-18 04:00:00,2026-01-20 03:30:00,2601.490673758678,,825.3489660539202,,2.7780087442040147,1.8649002689330452e-08,0.919752302593547,4.50561615794598e-08,6.077180097284831,1,sup_inf
2026-01-19 16:00:00,2026-01-18 16:00:00,2026-01-20 15:30:00,2404.4982624439735,232.5389928735934,146.2022111412028,910.7915740332767,2.8048442465821584,0.16031620854385706,0.9224060870981843,0.319436840681395,1.54818783005532,0,sup_inf
2026-01-20 04:00:00,2026-01-19 04:00:00,2026-01-21 03:30:00,2727.2098575285972,194.60199210340156,116.36617056883468,929.7418013807402,2.86642944408626,0.10760518936434872,0.9282307156182226,0.3036830129735377,0.2277947640353295,0,sup_inf
2026-01-20 16:00:00,2026-01-19 16:00:00,2026-01-21 15:30:00,2467.2887184846413,221.1296543236084,145.97796817617595,916.9877320899924,2.8368979058217763,0.14395184860380328,0.9259095445126595,0.5086895317138562,1.422391145220309,0,sup_inf
2026-01-21 04:00:00,2026-01-20 04:00:00,2026-01-22 03:30:00,2706.501933120255,189.92964445450343,126.45562778633479,931.7488469032431,2.7709462441079395,0.09826364294415264,0.9269045721451208,0.3065952289105205,0.47520353351047273,0,sup_inf
2026-01-21 16:00:00,2026-01-20 16:00:00,2026-01-22 15:30:00,2506.624801507721,218.0632112894484,143.40895980765688,918.5803705615124,2.6538540895061513,0.13028834304048503,0.9126215763186633,0.5183765572115924,1.3118671996122335,0,sup_inf
2026-01-22 04:00:00,2026-01-21 04:00:00,2026-01-23 03:30:00,953.7802698449352,291.28754233365015,285.2214814412964,872.3963555980736,2.7905510879419944,0.2704135557917345,0.8630461691806312,0.0598229467524547,6.269572885853983,1,sup_inf
2026-01-22 16:00:00,2026-01-21 16:00:00,2026-01-23 15:30:00,2710.0272250695302,264.7860429468586,95.97073089636494,891.0193049662635,3.047401356840629,0.23655445165030162,0.8898266049575672,0.04644986820005792,0.3390603396480165,1,sup_inf
2026-01-23 04:00:00,2026-01-22 04:00:00,2026-01-24 03:30:00,2733.4926197902537,272.63054054146613,83.64120483235581,885.721506038623,3.10198454917392,0.25780347639059326,0.9025557993989575,0.05647590706923067,0.03541041204145934,1,sup_inf
2026-01-23 16:00:00,2026-01-22 16:00:00,2026-01-24 15:30:00,-2730.3013283118125,,-521.1300005263988,-14943730949.841572,1.4848207996465135e-08,0.22969605291781706,7.0202356150517176e-09,0.04553853067439051,0.8346684643640905,1,sup_inf
2026-01-24 04:00:00,2026-01-23 04:00:00,2026-01-25 03:30:00,2513.007108531308,214.1755869346121,144.7245188367424,920.5550765843884,3.086847866695254,0.14523561751281244,0.9226903540756308,0.5723053829361848,1.3090204658396365,0,sup_inf
2026-01-24 16:00:00,2026-01-23 16:00:00,2026-01-25 15:30:00,-2729.5643289219265,,-538.8405790285004,-28775136040.30607,2.7195512508626507e-09,0.08100933547369374,1.3891359174067475e-09,0.15623048744659151,0.9556543006024404,1,sup_inf
2026-01-25 04:00:00,2026-01-24 04:00:00,2026-01-26 03:30:00,2672.883729233363,,757.2645185445245,,2.8096909240906327,1.911515662422758e-08,0.8771426232547566,-8.385962169121797e-08,4.036783305548969,1,sup_inf
2026-01-25 16:00:00,2026-01-24 16:00:00,2026-01-26 15:30:00,2725.5570595310037,184.67120599398413,121.64432644825305,933.9226013264104,2.6551080320857947,0.08818111511273449,0.8667993959625524,0.28109183889389167,0.26451441450190827,1,sup_inf
2026-01-26 04:00:00,2026-01-25 04:00:00,2026-01-27 03:30:00,2561.7585123083327,190.93071363678112,151.38521006371653,931.3248286873736,2.63105512171308,0.09445768117346776,0.8795654852620003,0.5518130636719625,1.2394981405785321,0,sup_inf
2026-01-26 16:00:00,2026-01-25 16:00:00,2026-01-27 15:30:00,2733.0223280215696,,617.9979835141382,,2.7141724037566775,3.331560245734e-08,0.8619962474203922,4.836673415109516e-07,0.4259844778967947,1,sup_inf
2026-01-27 04:00:00,2026-01-26 04:00:00,2026-01-28 03:30:00,2582.3732501799705,181.80345392084715,153.71607883933345,935.0703251608553,2.99855971857175,0.096025161073399,0.8984121837273099,0.8098257072905731,1.1955192607372505,0,sup_inf
2026-01-27 16:00:00,2026-01-26 16:00:00,2026-01-28 15:30:00,2694.8870139592564,,851.5713087723466,,3.3114088190993263,9.750078938663975e-10,0.9132724661778393,-1.3392188913385894e-08,3.741426967569261,1,sup_inf
2026-01-28 04:00:00,2026-01-27 04:00:00,2026-01-29 03:30:00,2730.309988207478,,683.1205486506079,,3.402384327200359,1.0273181527686859e-08,0.9090756536169937,1.4698688033387697e-07,0.9879073920079069,1,sup_inf
2026-01-28 16:00:00,2026-01-27 16:00:00,2026-01-29 15:30:00,2631.9546679149416,190.3277264029574,141.58227339666448,931.5806244582518,3.181403357806198,0.1133733415541286,0.8744919083834104,0.9170192547763293,0.9363926006936818,0,sup_inf
2026-01-29 04:00:00,2026-01-28 04:00:00,2026-01-30 03:30:00,2711.22581454718,151.17919056517857,144.5928369611096,945.7038514907713,3.2064936582065204,0.06738777443178348,0.875198803121027,0.2685776469035345,0.49912700596272064,1,sup_inf
2026-01-29 16:00:00,2026-01-28 16:00:00,2026-01-30 15:30:00,2514.42527518261,208.38416557177442,147.62865070380323,923.4045551489563,3.02572686850507,0.13343473563353864,0.8924318826395748,0.3151109015945234,1.3318769023291428,0,sup_inf
2026-01-30 04:00:00,2026-01-29 04:00:00,2026-01-31 03:30:00,1421.8893152878431,161.86948394124158,324.8206942273389,942.323295684091,3.1003747985018024,0.07600740195090219,0.8956077340181017,0.10432812532784441,6.089664824062802,1,sup_inf
2026-01-30 16:00:00,2026-01-29 16:00:00,2026-01-31 15:30:00,2727.675884540495,,734.0353322106873,,3.038531569826024,2.946839328110684e-09,0.8801184046257698,1.5183330037693565e-08,1.3880340715620214,1,sup_inf
2026-01-31 04:00:00,2026-01-30 04:00:00,2026-02-01 03:30:00,2661.958459584851,190.89901951779663,136.10129363722896,931.3383033086801,2.7278608101191417,0.09789505809637301,0.8308076820664682,0.4461343404163619,0.7780750785266992,0,sup_inf
2026-01-31 16:00:00,2026-01-30 16:00:00,2026-02-01 15:30:00,2709.277818898206,150.22468321807472,145.8342022378421,945.9889127429287,2.8580499798566494,0.05922148085199165,0.8652729577002626,0.11696298510184688,0.5224315624553983,1,sup_inf
2026-02-01 04:00:00,2026-01-31 04:00:00,2026-02-02 03:30:00,2445.3922218827174,234.7371480302149,141.1873500534354,909.5490786453106,2.5099507949281503,0.14668936087286186,0.8797956137214409,0.24969151238692333,1.4191700010529802,1,sup_inf
2026-02-01 16:00:00,2026-01-31 16:00:00,2026-02-02 15:30:00,1349.4669207726006,185.37965917108295,310.921380602508,933.6349694034101,2.8280083159155898,0.09476550826274038,0.8621529240288452,0.11902477342859319,5.982921567720787,1,sup_inf
2026-02-02 04:00:00,2026-02-01 04:00:00,2026-02-03 03:30:00,2669.7237586259143,,756.4112264117517,,2.7654039341843437,2.0977745429640038e-08,0.8245540321892402,-8.080344215954938e-08,4.119912367908798,1,sup_inf
2026-02-02 16:00:00,2026-02-01 16:00:00,2026-02-03 15:30:00,1422.3525975269336,174.45371806506085,309.7079640857468,937.8910794834809,3.0843847730053877,0.089767139858243,0.8142573341953099,0.14623070797030469,5.8053531992086365,1,sup_inf
2026-02-03 04:00:00,2026-02-02 04:00:00,2026-02-04 03:30:00,2680.89252919111,,804.7446425641151,,3.168294792938899,5.1577423304527414e-09,0.8303368260521587,-1.506286162467063e-08,4.038904417795033,1,sup_inf
2026-02-03 16:00:00,2026-02-02 16:00:00,2026-02-04 15:30:00,1640.0439880861265,122.84525663874714,333.5617078180951,953.0503709890346,3.6278098769762717,0.04865249523917013,0.8562286119751569,0.13054025203725894,5.750100951791292,1,sup_inf
2026-02-04 04:00:00,2026-02-03 04:00:00,2026-02-05 03:30:00,2732.328851322269,,752.7727381958325,,3.8894126412406336,1.0927130450477662e-09,0.8803978484098972,2.694346235010414e-08,0.7142885941642207,1,sup_inf
2026-02-04 16:00:00,2026-02-03 16:00:00,2026-02-05 15:30:00,2617.582045878138,103.6082281749066,200.8121478607972,,4.251324172736278,0.04044154348695234,0.8626724622517123,0.5551690665672545,1.4023060080855947,0,sup_inf
2026-02-05 04:00:00,2026-02-04 04:00:00,2026-02-06 03:30:00,2560.3265332911665,122.81333089481458,196.45948168697777,953.0573986017065,4.422346488941883,0.05927583972164954,0.8472409601721057,0.5848733761187137,1.613913531736288,0,sup_inf
2026-02-05 16:00:00,2026-02-04 16:00:00,2026-02-06 15:30:00,2536.3378537466688,152.24661445420963,178.8110632889089,945.3818440928779,4.033537247490702,0.08611348496958242,0.8131498020423957,0.6245090952395991,1.5470455696424266,0,sup_inf
2026-02-06 04:00:00,2026-02-05 04:00:00,2026-02-07 03:30:00,2450.0816362707906,177.53615629422617,173.280407925531,936.7291342455294,4.042221339857176,0.12250589414134223,0.8606036506021139,0.8049738242279869,1.7305575866866727,0,sup_inf
2026-02-06 16:00:00,2026-02-05 16:00:00,2026-02-07 15:30:00,2689.156629858332,,884.7760215944816,,3.352118860429424,5.329451047142442e-10,0.897858846083013,-5.852335283051957e-09,4.12679045366872,1,sup_inf
2026-02-07 04:00:00,2026-02-06 04:00:00,2026-02-08 03:30:00,2687.8403784883762,,802.4109215472597,,3.2549857430038336,4.43271848393767e-09,0.8974303327036116,-3.412330173979683e-08,3.7900281950722743,1,sup_inf
2026-02-07 16:00:00,2026-02-06 16:00:00,2026-02-08 15:30:00,-2712.9367784049723,,-488.3017952570365,-19444044199.131416,6.001513508380185e-09,0.12080024943163727,2.8194676593429335e-09,0.4162913957148503,2.088169699471246,1,sup_inf
2026-02-08 04:00:00,2026-02-07 04:00:00,2026-02-09 03:30:00,2715.9098981917837,154.36635884065663,141.02695236391824,944.7322461812184,3.304880122916994,0.07277950580453313,0.9077571626263198,0.23748548813870196,0.43831184655709965,1,sup_inf
2026-02-08 16:00:00,2026-02-07 16:00:00,2026-02-09 15:30:00,2536.529565028214,172.06831827913504,165.8580165325448,938.7695119479541,3.4180296969335706,0.09636928672518623,0.9142220487376885,0.5431350529163913,1.4344220321835426,0,sup_inf
2026-02-09 04:00:00,2026-02-08 04:00:00,2026-02-10 03:30:00,2691.151105515377,,763.4133271814765,,3.454325147331965,1.1308518330088724e-08,0.9143276305974428,-1.8440405247233116e-07,3.4907822414716616,1,sup_inf
2026-02-09 16:00:00,2026-02-08 16:00:00,2026-02-10 15:30:00,2632.6291736240614,153.1281856178764,162.66233981958484,945.1133274216719,3.585246685927695,0.07753933992945591,0.9103054907367478,0.8578109820762658,1.0728603278824091,0,sup_inf
2026-02-10 04:00:00,2026-02-09 04:00:00,2026-02-11 03:30:00,2593.2894187962333,164.69993575914748,162.20496074377624,941.3695935507774,3.63454927582918,0.09269124315646603,0.9121000470504033,0.821216462503732,1.2238943931361472,0,sup_inf
2026-02-10 16:00:00,2026-02-09 16:00:00,2026-02-11 15:30:00,2670.329538083617,147.8214775398934,158.1451220282868,946.6946329465882,3.7478444520126093,0.07492085146625647,0.911764307093374,0.6616443912057812,0.8578931408857668,0,sup_inf
2026-02-11 04:00:00,2026-02-10 04:00:00,2026-02-12 03:30:00,2584.1301756062644,170.5071862383046,160.07967042902112,939.3346453984065,3.737950571683613,0.10320248344122929,0.906801120318755,0.6932114955564953,1.2391522255880103,0,sup_inf
2026-02-11 16:00:00,2026-02-10 16:00:00,2026-02-12 15:30:00,2705.7406807887187,143.1621716352959,151.10809899546572,948.0144507507223,3.9206732995883047,0.07301909451050956,0.9184692605315469,0.38237954196942026,0.574829787010608,0,sup_inf
2026-02-12 04:00:00,2026-02-11 04:00:00,2026-02-13 03:30:00,2543.969683545616,179.5643891837995,160.29543638533448,935.9480016277272,3.7914542504147524,0.11797185271276425,0.9111509338871029,0.47153779056302303,1.3652017122535725,0,sup_inf
2026-02-12 16:00:00,2026-02-11 16:00:00,2026-02-13 15:30:00,-2665.9773610997318,,-431.1917077588756,-19590389331.437057,3.644743173936149e-09,0.07391463584835059,-1.442894470571332e-09,0.16803106247971622,3.818375521016172,1,sup_inf
2026-02-13 04:00:00,2026-02-12 04:00:00,2026-02-14 03:30:00,2491.68162309969,180.28476968329198,166.5171202529424,935.667384207807,3.969555095106939,0.12466662221574938,0.9269896211208473,0.3156343312856532,1.562169540288803,0,sup_inf
2026-02-13 16:00:00,2026-02-12 16:00:00,2026-02-14 15:30:00,-2728.054429441071,,-466.70823155045633,-3329718146.3006096,2.455858938432698e-08,0.08465087247831314,1.000877614121265e-08,0.23504391206234254,0.974879731927562,1,sup_inf
2026-02-14 04:00:00,2026-02-13 04:00:00,2026-02-15 03:30:00,2573.2910494726743,165.48004911658236,164.76586666069198,941.1023651710403,3.7282107859313705,0.09611121925182942,0.9243318176602027,0.5491441869697098,1.3119320233901135,0,sup_inf
2026-02-14 16:00:00,2026-02-13 16:00:00,2026-02-15 15:30:00,2688.582032364227,162.75829801166557,145.08575719751818,942.0264893129198,3.6334586003101723,0.09019263067216136,0.9269178945530681,0.8420260737634813,0.6804729426256608,0,sup_inf
2026-02-15 04:00:00,2026-02-14 04:00:00,2026-02-16 03:30:00,2689.2541310303204,,773.9892260422405,,3.4774207393693857,9.291083180595905e-09,0.9162779362355534,-1.2066515897579677e-07,3.6066359747749126,1,sup_inf
2026-02-15 16:00:00,2026-02-14 16:00:00,2026-02-16 15:30:00,2696.0286437632144,152.5995629988568,148.73610372718883,945.2746200047916,3.5577673938767447,0.07635100054806297,0.9040313834223039,0.5756032056225312,0.645029656509607,0,sup_inf
2026-02-16 04:00:00,2026-02-15 04:00:00,2026-02-17 03:30:00,2732.8603734749,,665.3390422579797,,3.6066987061367564,1.1484914713699723e-08,0.8913872640983269,1.7064834656466132e-07,0.5047151735102107,1,sup_inf
2026-02-16 16:00:00,2026-02-15 16:00:00,2026-02-17 15:30:00,2676.9735708591757,155.11692141016252,152.2550942583932,944.4989881262668,3.6889401544345177,0.08212796609213847,0.8854690883381455,0.8553823205310893,0.787910353112101,0,sup_inf
2026-02-17 04:00:00,2026-02-16 04:00:00,2026-02-18 03:30:00,2733.0523754123087,,639.5811533774057,,3.7601080909535027,2.4217036501128497e-08,0.8821188365387582,3.6885138687825503e-07,0.4321038179143253,1,sup_inf
2026-02-17 16:00:00,2026-02-16 16:00:00,2026-02-18 15:30:00,-2724.5114140153682,,-484.46501118883964,-7987136304.382339,1.0315619913825458e-08,0.08529172583422048,3.982089658016719e-09,0.7805715196420561,1.3141966085836387,1,sup_inf
2026-02-18 04:00:00,2026-02-17 04:00:00,2026-02-19 03:30:00,2731.5818661018657,,697.5977521850948,,3.9698986196379566,6.482577502575637e-09,0.9029991385158569,1.0878485612320077e-07,0.8099249379254818,1,sup_inf
2026-02-18 16:00:00,2026-02-17 16:00:00,2026-02-19 15:30:00,-2615.831916527217,,-341.37186771061175,-2553844289.3300304,3.3233596319348635e-08,0.08786023099994981,-1.2537301641302179e-08,0.8676415100593962,4.490323287861297,1,sup_inf
2026-02-19 04:00:00,2026-02-18 04:00:00,2026-02-20 03:30:00,-2728.18607557721,,-444.67639239186576,-1617288890.6666067,4.923199892203911e-08,0.08242439233110055,2.198455972823865e-08,0.8540076499850738,0.917326986073637,1,sup_inf
2026-02-19 16:00:00,2026-02-18 16:00:00,2026-02-20 15:30:00,2629.6107881723287,165.5836917426228,155.68268803548318,941.066719608257,3.7144777453211884,0.09589425311486012,0.894498100526014,0.7768541244161424,1.0393711922443116,0,sup_inf
2026-02-20 04:00:00,2026-02-19 04:00:00,2026-02-21 03:30:00,2707.098195781863,,767.6587559325285,,3.6777975757704326,5.6178143387208834e-09,0.8900082912171394,-4.169958467414858e-08,2.8565436701692866,1,sup_inf
2026-02-20 16:00:00,2026-02-19 16:00:00,2026-02-21 15:30:00,2582.756292063262,158.98447350592613,167.41278898318473,943.2699228251184,3.6272734228577854,0.08537010357004488,0.8995341351246913,0.3187222858223254,1.3007126920037286,0,sup_inf
2026-02-21 04:00:00,2026-02-20 04:00:00,2026-02-22 03:30:00,2708.2155836488987,149.57404888343362,146.57596657866637,946.1816678940116,3.5623075654622296,0.07310354267224523,0.900547728695136,0.39064355135686457,0.5351301868983507,0,sup_inf
2026-02-21 16:00:00,2026-02-20 16:00:00,2026-02-22 15:30:00,2650.315507277447,143.21552770266808,165.41609490011575,947.9996952962497,3.8098030107584955,0.07101242646103739,0.9114066347019104,0.6846904465545611,1.0072457297956356,0,sup_inf
2026-02-22 04:00:00,2026-02-21 04:00:00,2026-02-23 03:30:00,2590.363174186125,164.73155444704517,162.64098007556822,941.3587993933506,3.8156731769553405,0.09735304914782296,0.9100495026112077,0.7318294120523601,1.2374848290961227,0,sup_inf
2026-02-22 16:00:00,2026-02-21 16:00:00,2026-02-23 15:30:00,2698.173455108224,,793.7290497340568,,3.645754412005276,4.1761533536854856e-09,0.8902967559293473,-5.772387146052438e-08,3.355144411102113,1,sup_inf
2026-02-23 04:00:00,2026-02-22 04:00:00,2026-02-24 03:30:00,2670.5918674907625,148.5161094791556,157.66323450369111,946.4924069046272,3.7047359822798773,0.07483465544938465,0.901031656503544,0.6188082069123917,0.8537748666571199,0,sup_inf
2026-02-23 16:00:00,2026-02-22 16:00:00,2026-02-24 15:30:00,2501.7810020968764,247.48140867439554,129.6459946377249,902.0386519384508,1.995601950355308e-08,1.3214446481502051e-09,-8.411301655186776e-09,-1.0602138500459546e-08,1.1959247153305221,1,sup_inf
2026-02-24 04:00:00,2026-02-23 04:00:00,2026-02-25 03:30:00,2724.9574600021947,156.83360333232054,135.39884908241683,943.9590658087876,3.6186611018205777,0.08258587436403138,0.8933138636404633,0.30207340966547513,0.30424226728154835,0,sup_inf
