TC,Par,Método,q (mm/día),q (m/s),Dirección
TC1,sup-int,Hatch-Amplitude,314.06,3.6349188972652864e-06,Infiltración ↓
TC1,sup-int,McCallum,275.67,3.1905704257393447e-06,Infiltración ↓
TC1,int-inf,Hatch-Amplitude,381.93,4.420479543962556e-06,Infiltración ↓
TC1,int-inf,McCallum,193.07,2.2346384151682447e-06,Infiltración ↓
TC1,sup-inf,Hatch-Amplitude,345.85,4.002894128524201e-06,Infiltración ↓
TC1,sup-inf,McCallum,984.68,1.139672433518691e-05,Infiltración ↓
TC2,sup-int,Hatch-Amplitude,345.06,3.993711118750655e-06,Infiltración ↓
TC2,sup-int,McCallum,125.44,1.4518411115044458e-06,Infiltración ↓
TC2,int-inf,Hatch-Amplitude,315.95,3.6568267831862716e-06,Infiltración ↓
TC2,int-inf,McCallum,137.96,1.5968026316165735e-06,Infiltración ↓
TC2,sup-inf,Hatch-Amplitude,330.0,3.81944821863951e-06,Infiltración ↓
TC2,sup-inf,McCallum,628.34,7.272501502787227e-06,Infiltración ↓
TC3,sup-int,Hatch-Amplitude,1281.87,1.4836436525325129e-05,Infiltración ↓
TC3,sup-int,McCallum,27.86,3.2244159012019325e-07,Infiltración ↓
TC3,int-inf,Hatch-Amplitude,2255.65,2.6107027985148384e-05,Infiltración ↓
TC3,int-inf,McCallum,11.06,1.279833689090414e-07,Infiltración ↓
TC3,sup-inf,Hatch-Amplitude,1622.71,1.8781376902719177e-05,Infiltración ↓
TC3,sup-inf,McCallum,83.03,9.609708398570597e-07,Infiltración ↓
TC4,sup-int,Hatch-Amplitude,1617.07,1.8716070223052557e-05,Infiltración ↓
TC4,sup-int,McCallum,41.74,4.830467113183908e-07,Infiltración ↓
TC4,int-inf,Hatch-Amplitude,1868.06,2.1621112569706742e-05,Infiltración ↓
TC4,int-inf,McCallum,33.52,3.8798041883690264e-07,Infiltración ↓
TC4,sup-inf,Hatch-Amplitude,1733.46,2.006318127971435e-05,Infiltración ↓
TC4,sup-inf,McCallum,154.74,1.7909870782770262e-06,Infiltración ↓
TC5,sup-int,Hatch-Amplitude,113.72,1.31622068969461e-06,Infiltración ↓
TC5,sup-int,McCallum,702.98,8.136333216078073e-06,Infiltración ↓
TC5,int-inf,Hatch-Amplitude,345.64,4.000509534489059e-06,Infiltración ↓
TC5,int-inf,McCallum,351.31,4.066099638411199e-06,Infiltración ↓
TC5,sup-inf,Hatch-Amplitude,200.73,2.3232440589991207e-06,Infiltración ↓
TC5,sup-inf,McCallum,2584.19,2.99095731723629e-05,Infiltración ↓
