Par_Sensores,Fecha_Hora_Centro,Inicio_Ventana,Fin_Ventana,Flujo_McCallum_mm_dia,Flujo_Hatch_Amplitud_mm_dia,Flujo_Keery_mm_dia,Flujo_Luce_mm_dia,Amplitud_Sup_C,Amplitud_Prof_C,R2_Sup,R2_Prof,Desfase_rad,Flag_Calidad
TC4_int_inf,2026-01-02 00:00:00,2026-01-01 00:00:00,2026-01-02 23:00:00,31.4867,57.7611,1233.0281,226.3878,1.2929,1.1177,0.1124,0.1005,6.0703,1
TC4_int_inf,2026-01-02 12:00:00,2026-01-01 12:00:00,2026-01-03 11:00:00,17.6949,32.4200,1219.0926,131.1108,1.5646,1.4418,0.1178,0.1145,6.0639,1
TC4_int_inf,2026-01-03 00:00:00,2026-01-02 00:00:00,2026-01-03 23:00:00,19.1146,34.9962,1219.4988,141.0768,1.5165,1.3885,0.1097,0.1052,6.0595,1
TC4_int_inf,2026-01-03 12:00:00,2026-01-02 12:00:00,2026-01-04 11:00:00,-1313.1822,-6872.8419,-3428.4966,-55777454548.5714,0.0000,1.3449,0.0000,0.0963,0.0399,1
TC4_int_inf,2026-01-04 00:00:00,2026-01-03 00:00:00,2026-01-04 23:00:00,1254.9689,7100.6617,4644.2137,,1.5429,0.0000,0.1061,0.0000,5.5144,1
TC4_int_inf,2026-01-04 12:00:00,2026-01-03 12:00:00,2026-01-05 11:00:00,15.7623,28.9889,1221.9651,117.7364,1.6015,1.4886,0.1050,0.1015,6.0870,1
TC4_int_inf,2026-01-05 00:00:00,2026-01-04 00:00:00,2026-01-05 23:00:00,19.7494,36.2883,1224.4529,146.0511,1.6282,1.4859,0.1138,0.1051,6.0812,1
TC4_int_inf,2026-01-05 12:00:00,2026-01-04 12:00:00,2026-01-06 11:00:00,14.3561,26.3915,1220.1695,107.5345,1.6702,1.5627,0.1308,0.1270,6.0845,1
TC4_int_inf,2026-01-06 00:00:00,2026-01-05 00:00:00,2026-01-06 23:00:00,12.2262,22.6452,1227.4039,92.7020,1.4527,1.3721,0.1119,0.1078,6.1305,1
TC4_int_inf,2026-01-06 12:00:00,2026-01-05 12:00:00,2026-01-07 11:00:00,1265.0504,7938.7661,5074.7550,,1.2793,0.0000,0.0873,0.0000,5.5723,1
TC4_int_inf,2026-01-07 00:00:00,2026-01-06 00:00:00,2026-01-07 23:00:00,13.5251,25.0601,1229.0392,102.2791,1.1081,1.0402,0.0668,0.0639,6.1326,1
TC4_int_inf,2026-01-07 12:00:00,2026-01-06 12:00:00,2026-01-08 11:00:00,11.5061,21.3077,1226.5256,87.3725,1.1317,1.0725,0.0744,0.0728,6.1294,1
TC4_int_inf,2026-01-08 00:00:00,2026-01-07 00:00:00,2026-01-08 23:00:00,21.1261,39.1647,1236.6541,157.0666,1.2857,1.1648,0.0820,0.0755,6.1354,1
TC4_int_inf,2026-01-08 12:00:00,2026-01-07 12:00:00,2026-01-09 11:00:00,-1312.9198,-8188.0966,-4011.6367,-1535435799309.9519,0.0000,1.3764,0.0000,0.0816,0.4154,1
TC4_int_inf,2026-01-09 00:00:00,2026-01-08 00:00:00,2026-01-09 23:00:00,14.7114,27.2331,1228.9964,110.8472,1.3690,1.2782,0.0774,0.0727,6.1269,1
TC4_int_inf,2026-01-09 12:00:00,2026-01-08 12:00:00,2026-01-10 11:00:00,9.3818,17.3686,1224.2119,71.5719,1.4167,1.3561,0.0891,0.0880,6.1277,1
TC4_int_inf,2026-01-10 00:00:00,2026-01-09 00:00:00,2026-01-10 23:00:00,11.9048,22.0983,1229.7967,90.5251,1.3707,1.2965,0.0844,0.0816,6.1439,1
TC4_int_inf,2026-01-10 12:00:00,2026-01-09 12:00:00,2026-01-11 11:00:00,13.0084,24.1526,1231.1106,98.6870,1.3808,1.2993,0.0886,0.0849,6.1453,1
TC4_int_inf,2026-01-11 00:00:00,2026-01-10 00:00:00,2026-01-11 23:00:00,12.4474,23.1037,1230.2085,94.5249,1.4174,1.3372,0.0925,0.0893,6.1434,1
TC4_int_inf,2026-01-11 12:00:00,2026-01-10 12:00:00,2026-01-12 11:00:00,-1313.1590,-7273.0531,-3613.3361,-152953302034.8851,0.0000,1.3281,0.0000,0.0896,0.1169,1
TC4_int_inf,2026-01-12 00:00:00,2026-01-11 00:00:00,2026-01-12 23:00:00,13.9684,25.9210,1231.3260,105.6796,1.4124,1.3231,0.0933,0.0889,6.1420,1
TC4_int_inf,2026-01-12 12:00:00,2026-01-11 12:00:00,2026-01-13 11:00:00,12.0196,22.3101,1229.8374,91.3687,1.3811,1.3056,0.0875,0.0847,6.1436,1
TC4_int_inf,2026-01-13 00:00:00,2026-01-12 00:00:00,2026-01-13 23:00:00,13.7708,25.5961,1233.1494,104.3969,1.3354,1.2520,0.0835,0.0794,6.1520,1
TC4_int_inf,2026-01-13 12:00:00,2026-01-12 12:00:00,2026-01-14 11:00:00,1238.9432,6653.2580,4495.4037,,1.3366,0.0000,0.0868,0.0000,5.8920,1
TC4_int_inf,2026-01-14 00:00:00,2026-01-13 00:00:00,2026-01-14 23:00:00,11.5353,21.4388,1230.9745,87.8959,1.2418,1.1765,0.0772,0.0751,6.1515,1
TC4_int_inf,2026-01-14 12:00:00,2026-01-13 12:00:00,2026-01-15 11:00:00,14.1208,26.2564,1233.9354,107.0022,1.1929,1.1165,0.0755,0.0721,6.1543,1
TC4_int_inf,2026-01-15 00:00:00,2026-01-14 00:00:00,2026-01-15 23:00:00,11.9065,22.0970,1229.5512,90.5200,1.1855,1.1213,0.0737,0.0719,6.1427,1
TC4_int_inf,2026-01-15 12:00:00,2026-01-14 12:00:00,2026-01-16 11:00:00,-1290.3536,-7507.1215,-3044.3268,-275922458242.5041,0.0000,1.1014,-0.0000,0.0700,3.5754,1
TC4_int_inf,2026-01-16 00:00:00,2026-01-15 00:00:00,2026-01-16 23:00:00,13.3506,24.7778,1230.9197,101.1627,1.2334,1.1588,0.0773,0.0746,6.1428,1
TC4_int_inf,2026-01-16 12:00:00,2026-01-15 12:00:00,2026-01-17 11:00:00,8.7999,16.3294,1226.5364,67.3771,1.2962,1.2439,0.0769,0.0766,6.1420,1
TC4_int_inf,2026-01-17 00:00:00,2026-01-16 00:00:00,2026-01-17 23:00:00,12.2968,22.8188,1229.7768,93.3926,1.2570,1.1867,0.0736,0.0707,6.1420,1
TC4_int_inf,2026-01-17 12:00:00,2026-01-16 12:00:00,2026-01-18 11:00:00,1244.4771,6922.6901,4627.3093,,1.2527,0.0000,0.0765,0.0000,5.8778,1
TC4_int_inf,2026-01-18 00:00:00,2026-01-17 00:00:00,2026-01-18 23:00:00,12.8970,23.9253,1229.9481,97.7860,1.2527,1.1794,0.0753,0.0729,6.1401,1
TC4_int_inf,2026-01-18 12:00:00,2026-01-17 12:00:00,2026-01-19 11:00:00,-1312.9157,-8471.6227,-4149.9026,-3137615959966.8457,0.0000,1.2277,0.0000,0.0717,0.4331,1
TC4_int_inf,2026-01-19 00:00:00,2026-01-18 00:00:00,2026-01-19 23:00:00,13.2212,24.5731,1232.5786,100.3525,1.2613,1.1856,0.0706,0.0678,6.1517,1
TC4_int_inf,2026-01-19 12:00:00,2026-01-18 12:00:00,2026-01-20 11:00:00,1255.6496,7228.0269,4720.5346,,1.3271,0.0000,0.0767,0.0000,5.5781,1
TC4_int_inf,2026-01-20 00:00:00,2026-01-19 00:00:00,2026-01-20 23:00:00,12.5996,23.4142,1231.8095,95.7580,1.3863,1.3069,0.0823,0.0801,6.1507,1
TC4_int_inf,2026-01-20 12:00:00,2026-01-19 12:00:00,2026-01-21 11:00:00,11.7557,21.8486,1231.1953,89.5302,1.3565,1.2838,0.0787,0.0772,6.1516,1
TC4_int_inf,2026-01-21 00:00:00,2026-01-20 00:00:00,2026-01-21 23:00:00,12.1315,22.5378,1231.0254,92.2746,1.3183,1.2455,0.0746,0.0729,6.1490,1
TC4_int_inf,2026-01-21 12:00:00,2026-01-20 12:00:00,2026-01-22 11:00:00,-1312.8145,-7315.8726,-3570.9372,-170385293722.9216,0.0000,1.2431,0.0000,0.0750,0.4386,1
TC4_int_inf,2026-01-22 00:00:00,2026-01-21 00:00:00,2026-01-22 23:00:00,1302.1289,7419.1516,4194.0238,,1.2822,0.0000,0.0748,-0.0000,2.4422,1
TC4_int_inf,2026-01-22 12:00:00,2026-01-21 12:00:00,2026-01-23 11:00:00,1247.3350,7108.7333,4724.4679,,1.3080,0.0000,0.0812,0.0000,5.8987,1
TC4_int_inf,2026-01-23 00:00:00,2026-01-22 00:00:00,2026-01-23 23:00:00,13.1581,24.4711,1233.2931,99.9487,1.3612,1.2798,0.0861,0.0839,6.1555,1
TC4_int_inf,2026-01-23 12:00:00,2026-01-22 12:00:00,2026-01-24 11:00:00,15.8867,29.5361,1235.3988,119.8770,1.3464,1.2498,0.0786,0.0747,6.1534,1
TC4_int_inf,2026-01-24 00:00:00,2026-01-23 00:00:00,2026-01-24 23:00:00,11.6432,21.6528,1231.8459,88.7494,1.3898,1.3159,0.0842,0.0824,6.1553,1
TC4_int_inf,2026-01-24 12:00:00,2026-01-23 12:00:00,2026-01-25 11:00:00,14.9187,27.7742,1236.1916,112.9737,1.3619,1.2698,0.0875,0.0839,6.1618,1
TC4_int_inf,2026-01-25 00:00:00,2026-01-24 00:00:00,2026-01-25 23:00:00,13.8053,25.6922,1234.7221,104.7767,1.3996,1.3118,0.0915,0.0888,6.1597,1
TC4_int_inf,2026-01-25 12:00:00,2026-01-24 12:00:00,2026-01-26 11:00:00,15.2887,28.4590,1236.3527,115.6604,1.3882,1.2921,0.0870,0.0831,6.1609,1
TC4_int_inf,2026-01-26 00:00:00,2026-01-25 00:00:00,2026-01-26 23:00:00,15.5302,28.9035,1236.3638,117.4021,1.4318,1.3312,0.0910,0.0869,6.1598,1
TC4_int_inf,2026-01-26 12:00:00,2026-01-25 12:00:00,2026-01-27 11:00:00,-1312.7632,-7005.0320,-3413.6454,-77832970607.2038,0.0000,1.3798,0.0000,0.0828,0.4480,1
TC4_int_inf,2026-01-27 00:00:00,2026-01-26 00:00:00,2026-01-27 23:00:00,1302.1828,7457.6517,4214.5837,,1.4019,0.0000,0.0785,-0.0000,2.4488,1
TC4_int_inf,2026-01-27 12:00:00,2026-01-26 12:00:00,2026-01-28 11:00:00,1304.1052,8212.6477,4591.7502,,1.4204,0.0000,0.0856,-0.0000,2.4471,1
TC4_int_inf,2026-01-28 00:00:00,2026-01-27 00:00:00,2026-01-28 23:00:00,14.6800,27.3405,1236.4557,111.2698,1.3542,1.2640,0.0791,0.0761,6.1642,1
TC4_int_inf,2026-01-28 12:00:00,2026-01-27 12:00:00,2026-01-29 11:00:00,13.7264,25.5534,1235.0371,104.2283,1.3462,1.2623,0.0784,0.0758,6.1616,1
TC4_int_inf,2026-01-29 00:00:00,2026-01-28 00:00:00,2026-01-29 23:00:00,15.3102,28.5110,1236.8944,115.8644,1.3644,1.2698,0.0814,0.0774,6.1635,1
TC4_int_inf,2026-01-29 12:00:00,2026-01-28 12:00:00,2026-01-30 11:00:00,12.3222,22.9472,1234.1692,93.9028,1.3662,1.2894,0.0859,0.0842,6.1638,1
TC4_int_inf,2026-01-30 00:00:00,2026-01-29 00:00:00,2026-01-30 23:00:00,13.0486,24.2808,1233.8648,99.1952,1.3423,1.2626,0.0848,0.0827,6.1589,1
TC4_int_inf,2026-01-30 12:00:00,2026-01-29 12:00:00,2026-01-31 11:00:00,-48.0046,-89.3809,1177.0190,-422.2147,0.0000,0.0000,0.0000,0.0000,6.1588,1
TC4_int_inf,2026-01-31 00:00:00,2026-01-30 00:00:00,2026-01-31 23:00:00,12.0962,22.5196,1233.5877,92.2022,1.3576,1.2827,0.0961,0.0960,6.1619,1
TC4_int_inf,2026-01-31 12:00:00,2026-01-30 12:00:00,2026-02-01 11:00:00,16.6532,30.9922,1237.3405,125.5594,1.2896,1.1927,0.0784,0.0748,6.1595,1
TC4_int_inf,2026-02-01 00:00:00,2026-01-31 00:00:00,2026-02-01 23:00:00,10.8308,20.1533,1231.7799,82.7581,1.4076,1.3379,0.0957,0.0948,6.1588,1
TC4_int_inf,2026-02-01 12:00:00,2026-01-31 12:00:00,2026-02-02 11:00:00,-25.4762,-47.4044,1197.8109,-212.0666,0.0000,0.0000,0.0000,0.0000,6.1578,1
TC4_int_inf,2026-02-02 00:00:00,2026-02-01 00:00:00,2026-02-02 23:00:00,1265.5035,7994.9659,5105.1290,,1.3391,0.0000,0.0995,0.0000,5.5838,1
TC4_int_inf,2026-02-02 12:00:00,2026-02-01 12:00:00,2026-02-03 11:00:00,1246.9438,7086.9193,4713.7085,,1.3052,0.0000,0.0879,0.0000,5.8994,1
TC4_int_inf,2026-02-03 00:00:00,2026-02-02 00:00:00,2026-02-03 23:00:00,16.9314,31.4583,1235.5705,127.3738,1.2766,1.1793,0.0815,0.0779,6.1494,1
TC4_int_inf,2026-02-03 12:00:00,2026-02-02 12:00:00,2026-02-04 11:00:00,1302.5133,7541.4578,4254.4196,,1.3097,0.0000,0.0810,-0.0000,2.4384,1
TC4_int_inf,2026-02-04 00:00:00,2026-02-03 00:00:00,2026-02-04 23:00:00,16.9580,31.5415,1236.9149,127.6974,1.3338,1.2318,0.0858,0.0813,6.1560,1
TC4_int_inf,2026-02-04 12:00:00,2026-02-03 12:00:00,2026-02-05 11:00:00,11.9533,22.2336,1232.3540,91.0641,1.3309,1.2584,0.0970,0.0963,6.1564,1
TC4_int_inf,2026-02-05 00:00:00,2026-02-04 00:00:00,2026-02-05 23:00:00,6.8068,12.7466,1235.9079,52.8305,1.1800,1.1427,0.0899,0.0909,6.1983,1
TC4_int_inf,2026-02-05 12:00:00,2026-02-04 12:00:00,2026-02-06 11:00:00,-1237.2959,-6425.2529,-2070.3022,-18050758387.9984,0.0000,0.4959,0.0000,0.0491,5.7586,1
TC4_int_inf,2026-02-06 00:00:00,2026-02-05 00:00:00,2026-02-06 23:00:00,8.5092,15.8296,1229.3479,65.3556,0.7512,0.7218,0.0937,0.0999,6.1574,1
TC4_int_inf,2026-02-06 12:00:00,2026-02-05 12:00:00,2026-02-07 11:00:00,-1313.1305,-6812.6437,-3375.0908,-47924921348.0655,0.0000,0.6680,0.0000,0.0553,0.1574,1
TC4_int_inf,2026-02-07 00:00:00,2026-02-06 00:00:00,2026-02-07 23:00:00,1248.2863,7155.4630,4746.3122,,1.2700,0.0000,0.1264,0.0000,5.8910,1
TC4_int_inf,2026-02-07 12:00:00,2026-02-06 12:00:00,2026-02-08 11:00:00,13.0204,24.1514,1229.9236,98.6822,1.5913,1.4973,0.1154,0.1156,6.1394,1
TC4_int_inf,2026-02-08 00:00:00,2026-02-07 00:00:00,2026-02-08 23:00:00,22.8087,42.3906,1241.3082,169.3259,1.3785,1.2388,0.0906,0.0820,6.1508,1
TC4_int_inf,2026-02-08 12:00:00,2026-02-07 12:00:00,2026-02-09 11:00:00,-1312.9350,-8790.1773,-4309.1968,-7003459671050.8525,0.0000,1.3452,0.0000,0.1174,0.4330,1
TC4_int_inf,2026-02-09 00:00:00,2026-02-08 00:00:00,2026-02-09 23:00:00,23.9960,44.6163,1242.9247,177.7262,1.3025,1.1640,0.0957,0.0889,6.1533,1
TC4_int_inf,2026-02-09 12:00:00,2026-02-08 12:00:00,2026-02-10 11:00:00,13.2966,24.6929,1231.6302,100.8269,1.3880,1.3043,0.0869,0.0867,6.1466,1
TC4_int_inf,2026-02-10 00:00:00,2026-02-09 00:00:00,2026-02-10 23:00:00,1265.1809,7962.1404,5088.1067,,1.2686,0.0000,0.0753,0.0000,5.5807,1
TC4_int_inf,2026-02-10 12:00:00,2026-02-09 12:00:00,2026-02-11 11:00:00,14.7515,27.3921,1232.8474,111.4726,1.3415,1.2520,0.0943,0.0928,6.1459,1
TC4_int_inf,2026-02-11 00:00:00,2026-02-10 00:00:00,2026-02-11 23:00:00,1243.5464,6524.3659,4369.1028,,1.2698,0.0000,0.0839,0.0000,5.5802,1
TC4_int_inf,2026-02-11 12:00:00,2026-02-10 12:00:00,2026-02-12 11:00:00,13.7598,25.5452,1231.6826,104.1963,1.3576,1.2729,0.0832,0.0824,6.1447,1
TC4_int_inf,2026-02-12 00:00:00,2026-02-11 00:00:00,2026-02-12 23:00:00,19.0937,35.4856,1237.8898,142.9628,1.2905,1.1800,0.0774,0.0725,6.1509,1
TC4_int_inf,2026-02-12 12:00:00,2026-02-11 12:00:00,2026-02-13 11:00:00,-1313.1562,-7160.4009,-3556.1810,-115144086310.0300,0.0000,1.2726,0.0000,0.0923,0.1211,1
TC4_int_inf,2026-02-13 00:00:00,2026-02-12 00:00:00,2026-02-13 23:00:00,18.3583,34.1215,1237.3105,137.7002,1.3075,1.1997,0.0860,0.0825,6.1515,1
TC4_int_inf,2026-02-13 12:00:00,2026-02-12 12:00:00,2026-02-14 11:00:00,1248.2411,6773.5395,4493.3927,,1.3408,0.0000,0.0876,0.0000,5.5787,1
TC4_int_inf,2026-02-14 00:00:00,2026-02-13 00:00:00,2026-02-14 23:00:00,1303.0871,7743.5983,4354.7597,,1.3259,0.0000,0.0841,-0.0000,2.4347,1
TC4_int_inf,2026-02-14 12:00:00,2026-02-13 12:00:00,2026-02-15 11:00:00,19.3498,35.9049,1236.1760,144.5770,1.2906,1.1790,0.0754,0.0715,6.1413,1
TC4_int_inf,2026-02-15 00:00:00,2026-02-14 00:00:00,2026-02-15 23:00:00,16.2100,30.0589,1232.4809,121.9194,1.3643,1.2648,0.0846,0.0820,6.1374,1
TC4_int_inf,2026-02-15 12:00:00,2026-02-14 12:00:00,2026-02-16 11:00:00,1252.9855,7044.4621,4627.1075,,1.2756,0.0000,0.0808,0.0000,5.5699,1
TC4_int_inf,2026-02-16 00:00:00,2026-02-15 00:00:00,2026-02-16 23:00:00,1246.8714,6696.6018,4454.7497,,1.2558,0.0000,0.0779,0.0000,5.5778,1
TC4_int_inf,2026-02-16 12:00:00,2026-02-15 12:00:00,2026-02-17 11:00:00,20.4164,37.9002,1237.6723,152.2338,1.2425,1.1293,0.0717,0.0681,6.1438,1
TC4_int_inf,2026-02-17 00:00:00,2026-02-16 00:00:00,2026-02-17 23:00:00,17.9857,33.3165,1232.8068,134.5861,1.2616,1.1599,0.0747,0.0722,6.1308,1
TC4_int_inf,2026-02-17 12:00:00,2026-02-16 12:00:00,2026-02-18 11:00:00,1258.7754,7423.3136,4814.6998,,1.2833,0.0000,0.0846,0.0000,5.5606,1
TC4_int_inf,2026-02-18 00:00:00,2026-02-17 00:00:00,2026-02-18 23:00:00,17.5001,32.4222,1232.5642,131.1192,1.3808,1.2724,0.0936,0.0931,6.1318,1
TC4_int_inf,2026-02-18 12:00:00,2026-02-17 12:00:00,2026-02-19 11:00:00,-1312.9242,-8364.2616,-4098.6549,-2393726837641.2031,0.0000,1.1388,0.0000,0.0648,0.4208,1
TC4_int_inf,2026-02-19 00:00:00,2026-02-18 00:00:00,2026-02-19 23:00:00,19.6473,36.3460,1232.6844,146.2730,1.3700,1.2500,0.0810,0.0775,6.1225,1
TC4_int_inf,2026-02-19 12:00:00,2026-02-18 12:00:00,2026-02-20 11:00:00,24.7259,45.8271,1239.6320,182.2761,1.3134,1.1701,0.0801,0.0744,6.1337,1
TC4_int_inf,2026-02-20 00:00:00,2026-02-19 00:00:00,2026-02-20 23:00:00,22.8509,42.3560,1238.0414,169.1947,1.3405,1.2048,0.0832,0.0789,6.1344,1
TC4_int_inf,2026-02-20 12:00:00,2026-02-19 12:00:00,2026-02-21 11:00:00,22.1984,41.1447,1237.3897,164.6028,1.3253,1.1948,0.0829,0.0790,6.1342,1
TC4_int_inf,2026-02-21 00:00:00,2026-02-20 00:00:00,2026-02-21 23:00:00,23.1682,42.9116,1237.3933,171.2963,1.3159,1.1810,0.0813,0.0771,6.1297,1
TC4_int_inf,2026-02-21 12:00:00,2026-02-20 12:00:00,2026-02-22 11:00:00,19.6772,36.4548,1234.5236,146.6911,1.3242,1.2079,0.0752,0.0735,6.1315,1
TC4_int_inf,2026-02-22 00:00:00,2026-02-21 00:00:00,2026-02-22 23:00:00,1266.9046,8090.4643,5148.5970,,1.2183,0.0000,0.0656,0.0000,5.5622,1
TC4_int_inf,2026-02-22 12:00:00,2026-02-21 12:00:00,2026-02-23 11:00:00,906.6982,1130.4084,1157.3537,1574.1732,0.0000,0.0000,0.0000,-0.0000,2.9851,1
TC4_int_inf,2026-02-23 00:00:00,2026-02-22 00:00:00,2026-02-23 23:00:00,26.4830,49.0421,1240.1719,194.2905,1.2227,1.0806,0.0734,0.0683,6.1283,1
TC4_int_inf,2026-02-23 12:00:00,2026-02-22 12:00:00,2026-02-24 11:00:00,-147.7493,-275.0658,1077.0881,-1671.4865,0.0000,0.0000,0.0000,0.0000,6.1231,1
TC4_int_inf,2026-02-24 00:00:00,2026-02-23 00:00:00,2026-02-24 23:00:00,29.2070,54.0902,1242.7280,212.9601,1.2003,1.0473,0.0634,0.0564,6.1284,1
TC4_int_inf,2026-02-24 12:00:00,2026-02-23 12:00:00,2026-02-25 11:00:00,1258.8784,7424.3813,4814.2795,,1.2645,0.0000,0.0784,0.0000,5.5558,1
TC4_int_inf,2026-02-25 00:00:00,2026-02-24 00:00:00,2026-02-25 23:00:00,27.1019,50.1896,1240.7697,198.5554,1.1579,1.0203,0.0669,0.0615,6.1284,1
TC4_int_inf,2026-02-25 12:00:00,2026-02-24 12:00:00,2026-02-26 11:00:00,-1312.8301,-6990.2971,-3413.7872,-74995231028.1760,0.0000,1.0880,0.0000,0.0648,0.4102,1
TC4_int_inf,2026-02-26 00:00:00,2026-02-25 00:00:00,2026-02-26 23:00:00,25.6857,47.5630,1239.3837,188.7754,1.1758,1.0430,0.0659,0.0602,6.1280,1
TC4_int_inf,2026-02-26 12:00:00,2026-02-25 12:00:00,2026-02-27 11:00:00,22.5465,41.7015,1235.0896,166.7153,1.2633,1.1373,0.0791,0.0752,6.1212,1
TC4_int_inf,2026-02-27 00:00:00,2026-02-26 00:00:00,2026-02-27 23:00:00,1301.1857,7022.5334,3989.2361,,1.3064,0.0000,0.0828,-0.0000,2.4095,1
TC4_int_inf,2026-02-27 12:00:00,2026-02-26 12:00:00,2026-02-28 11:00:00,24.2929,44.9107,1236.1028,178.8336,1.3306,1.1882,0.0818,0.0770,6.1182,1
TC4_int_inf,2026-02-28 00:00:00,2026-02-27 00:00:00,2026-02-28 23:00:00,26.3544,48.7755,1239.3346,193.2981,1.2896,1.1404,0.0771,0.0710,6.1247,1
TC4_int_inf,2026-02-28 12:00:00,2026-02-27 12:00:00,2026-03-01 11:00:00,23.9984,44.3708,1235.9626,176.8018,1.2926,1.1559,0.0791,0.0749,6.1188,1
TC4_int_inf,2026-03-01 00:00:00,2026-02-28 00:00:00,2026-03-01 23:00:00,23.9486,44.3187,1237.0329,176.6056,1.2742,1.1395,0.0776,0.0734,6.1244,1
TC4_int_inf,2026-03-01 12:00:00,2026-02-28 12:00:00,2026-03-02 11:00:00,1250.6006,6879.5400,4541.5306,,1.2676,0.0000,0.0769,0.0000,5.5541,1
TC4_int_inf,2026-03-02 00:00:00,2026-03-01 00:00:00,2026-03-02 23:00:00,1300.5147,6828.9107,3892.2495,,1.2898,0.0000,0.0799,-0.0000,2.4086,1
TC4_int_inf,2026-03-02 12:00:00,2026-03-01 12:00:00,2026-03-03 11:00:00,24.7013,45.6621,1236.3718,181.6568,1.3273,1.1830,0.0851,0.0798,6.1176,1
TC4_int_inf,2026-03-03 00:00:00,2026-03-02 00:00:00,2026-03-03 23:00:00,24.4200,45.1256,1235.6696,179.6416,1.3507,1.2055,0.0884,0.0830,6.1155,1
TC4_int_inf,2026-03-03 12:00:00,2026-03-02 12:00:00,2026-03-04 11:00:00,-1313.1675,-7215.2529,-3588.6111,-132216768574.9131,0.0000,1.1458,0.0000,0.0792,0.0959,1
TC4_int_inf,2026-03-04 00:00:00,2026-03-03 00:00:00,2026-03-04 23:00:00,-1285.9180,-6787.3762,-2691.1096,-44967815459.5227,0.0000,1.1723,-0.0000,0.0836,3.5418,1
TC4_int_inf,2026-03-04 12:00:00,2026-03-03 12:00:00,2026-03-05 11:00:00,1248.1777,7116.2664,4721.3611,,1.3593,0.0000,0.1024,0.0000,5.8640,1
TC4_int_inf,2026-03-05 00:00:00,2026-03-04 00:00:00,2026-03-05 23:00:00,28.0685,52.2027,1246.9766,206.0074,1.2268,1.0756,0.0859,0.0785,6.1546,1
TC4_int_inf,2026-03-05 12:00:00,2026-03-04 12:00:00,2026-03-06 11:00:00,22.7779,42.4480,1244.6411,169.5431,1.3231,1.1889,0.0925,0.0880,6.1674,1
TC4_int_inf,2026-03-06 00:00:00,2026-03-05 00:00:00,2026-03-06 23:00:00,-1312.7297,-6900.4743,-3359.2856,-59800825784.4021,0.0000,1.1742,0.0000,0.0847,0.4585,1
TC4_int_inf,2026-03-06 12:00:00,2026-03-05 12:00:00,2026-03-07 11:00:00,1255.9961,7266.6483,4742.1722,,1.2250,0.0000,0.0703,0.0000,5.5899,1
TC4_int_inf,2026-03-07 00:00:00,2026-03-06 00:00:00,2026-03-07 23:00:00,21.6671,40.2093,1238.4300,161.0473,1.3039,1.1782,0.0785,0.0760,6.1418,1
TC4_int_inf,2026-03-07 12:00:00,2026-03-06 12:00:00,2026-03-08 11:00:00,27.3245,50.5895,1240.6677,200.0386,1.2173,1.0716,0.0760,0.0702,6.1269,1
TC4_int_inf,2026-03-08 00:00:00,2026-03-07 00:00:00,2026-03-08 23:00:00,25.7433,47.7624,1241.8457,189.5201,1.2507,1.1088,0.0797,0.0751,6.1399,1
TC4_int_inf,2026-03-08 12:00:00,2026-03-07 12:00:00,2026-03-09 11:00:00,1261.1616,7612.7912,4910.9298,,1.2374,0.0000,0.0739,0.0000,5.5681,1
TC4_int_inf,2026-03-09 00:00:00,2026-03-08 00:00:00,2026-03-09 23:00:00,23.7613,43.9395,1235.9462,175.1765,1.2978,1.1617,0.0806,0.0771,6.1198,1
TC4_int_inf,2026-03-09 12:00:00,2026-03-08 12:00:00,2026-03-10 11:00:00,-1312.8617,-7392.4096,-3614.0741,-206640349082.4438,0.0000,1.1121,0.0000,0.0715,0.4140,1
TC4_int_inf,2026-03-10 00:00:00,2026-03-09 00:00:00,2026-03-10 23:00:00,25.3453,46.8802,1237.6872,186.2223,1.1619,1.0324,0.0639,0.0609,6.1212,1
TC4_int_inf,2026-03-10 12:00:00,2026-03-09 12:00:00,2026-03-11 11:00:00,1250.0265,6835.2317,4517.6714,,1.1558,0.0000,0.0624,0.0000,5.5455,1
TC4_int_inf,2026-03-11 00:00:00,2026-03-10 00:00:00,2026-03-11 23:00:00,26.2173,48.2837,1233.1277,191.4651,1.1852,1.0494,0.0653,0.0621,6.0947,1
TC4_int_inf,2026-03-11 12:00:00,2026-03-10 12:00:00,2026-03-12 11:00:00,34.1528,62.8692,1239.6956,244.8673,1.2954,1.1056,0.0800,0.0711,6.0910,1
TC4_int_inf,2026-03-12 00:00:00,2026-03-11 00:00:00,2026-03-12 23:00:00,-344.9821,-319.4910,426.9729,-2067.5159,0.0000,0.0000,0.0000,-0.0000,2.9577,1
TC4_int_inf,2026-03-12 12:00:00,2026-03-11 12:00:00,2026-03-13 11:00:00,26.5695,49.0660,1236.8196,194.3796,1.4987,1.3244,0.1157,0.1098,6.1113,1
TC4_int_inf,2026-03-13 00:00:00,2026-03-12 00:00:00,2026-03-13 23:00:00,-1294.1822,-8194.6651,-3392.5997,-1561068392648.6157,0.0000,1.1297,-0.0000,0.0855,3.5527,1
TC4_int_inf,2026-03-13 12:00:00,2026-03-12 12:00:00,2026-03-14 11:00:00,-1312.7963,-6825.4579,-3329.6028,-49498125514.9407,0.0000,0.8727,0.0000,0.0709,0.4191,1
TC4_int_inf,2026-03-14 00:00:00,2026-03-13 00:00:00,2026-03-14 23:00:00,23.0485,42.6576,1236.3489,170.3358,1.1074,0.9945,0.0889,0.0886,6.1251,1
TC4_int_inf,2026-03-14 12:00:00,2026-03-13 12:00:00,2026-03-15 11:00:00,1246.0325,6634.8403,4421.1381,,1.0870,0.0000,0.0686,0.0000,5.5640,1
TC4_int_inf,2026-03-15 00:00:00,2026-03-14 00:00:00,2026-03-15 23:00:00,26.8109,49.4289,1234.9647,195.7297,1.3304,1.1746,0.0978,0.0927,6.1011,1
TC4_int_inf,2026-03-15 12:00:00,2026-03-14 12:00:00,2026-03-16 11:00:00,1303.7143,7905.1124,4429.8610,,1.4616,0.0000,0.0947,-0.0000,2.4062,1
TC4_int_inf,2026-03-16 00:00:00,2026-03-15 00:00:00,2026-03-16 23:00:00,32.2387,59.5505,1242.2507,232.8885,1.2762,1.0983,0.0733,0.0663,6.1123,1
TC4_int_inf,2026-03-16 12:00:00,2026-03-15 12:00:00,2026-03-17 11:00:00,27.5153,50.7743,1236.7393,200.7236,1.3228,1.1639,0.0832,0.0792,6.1066,1
TC4_int_inf,2026-03-17 00:00:00,2026-03-16 00:00:00,2026-03-17 23:00:00,34.4649,63.5331,1241.7217,247.2514,1.2677,1.0801,0.0758,0.0691,6.0996,1
TC4_int_inf,2026-03-17 12:00:00,2026-03-16 12:00:00,2026-03-18 11:00:00,-1312.8791,-7085.8526,-3466.3543,-95419175306.3404,0.0000,1.1762,0.0000,0.0718,0.3860,1
TC4_int_inf,2026-03-18 00:00:00,2026-03-17 00:00:00,2026-03-18 23:00:00,40.4919,74.7987,1249.7139,287.1083,1.2366,1.0242,0.0659,0.0551,6.1115,1
TC4_int_inf,2026-03-18 12:00:00,2026-03-17 12:00:00,2026-03-19 11:00:00,1254.2748,7476.5511,4897.3960,,1.4266,0.0000,0.1064,0.0000,5.8433,1
TC4_int_inf,2026-03-19 00:00:00,2026-03-18 00:00:00,2026-03-19 23:00:00,1301.5696,7114.3039,4033.4527,,1.2739,0.0000,0.0880,-0.0000,2.4011,1
TC4_int_inf,2026-03-19 12:00:00,2026-03-18 12:00:00,2026-03-20 11:00:00,33.2391,61.2919,1240.9957,239.1863,1.3178,1.1292,0.0916,0.0832,6.1016,1
TC4_int_inf,2026-03-20 00:00:00,2026-03-19 00:00:00,2026-03-20 23:00:00,33.8578,62.5060,1243.0066,243.5609,1.3196,1.1273,0.0922,0.0833,6.1086,1
TC4_int_inf,2026-03-20 12:00:00,2026-03-19 12:00:00,2026-03-21 11:00:00,1258.8956,7396.8358,4796.2324,,1.3078,0.0000,0.0904,0.0000,5.5342,1
TC4_int_inf,2026-03-21 00:00:00,2026-03-20 00:00:00,2026-03-21 23:00:00,31.9182,58.8634,1239.9589,230.3956,1.2878,1.1103,0.0886,0.0820,6.1025,1
TC4_int_inf,2026-03-21 12:00:00,2026-03-20 12:00:00,2026-03-22 11:00:00,33.0620,61.0152,1241.8532,238.1877,1.2527,1.0741,0.0881,0.0809,6.1066,1
TC4_int_inf,2026-03-22 00:00:00,2026-03-21 00:00:00,2026-03-22 23:00:00,30.1748,55.6880,1239.2752,218.8200,1.2780,1.1106,0.0905,0.0858,6.1070,1
TC4_int_inf,2026-03-22 12:00:00,2026-03-21 12:00:00,2026-03-23 11:00:00,-1312.8329,-6789.5908,-3316.0865,-45219532801.2313,0.0000,1.0347,0.0000,0.0676,0.3968,1
TC4_int_inf,2026-03-23 00:00:00,2026-03-22 00:00:00,2026-03-23 23:00:00,1253.6580,7060.4234,4630.9420,,1.1961,0.0000,0.0760,0.0000,5.5489,1
TC4_int_inf,2026-03-23 12:00:00,2026-03-22 12:00:00,2026-03-24 11:00:00,46.4291,86.7600,1269.5586,328.2061,0.9476,0.7615,0.0912,0.0732,6.1814,1
TC4_int_inf,2026-03-24 00:00:00,2026-03-23 00:00:00,2026-03-24 23:00:00,23.2766,42.8695,1230.5215,171.1373,1.0254,0.9204,0.1025,0.1081,6.0952,1
TC4_int_inf,2026-03-24 12:00:00,2026-03-23 12:00:00,2026-03-25 11:00:00,1244.7922,6946.3424,4640.2103,,0.9300,0.0000,0.0673,0.0000,5.8832,1
TC4_int_inf,2026-03-25 00:00:00,2026-03-24 00:00:00,2026-03-25 23:00:00,30.6478,56.3759,1235.6456,221.3354,0.9824,0.8523,0.0756,0.0703,6.0870,1
TC4_int_inf,2026-03-25 12:00:00,2026-03-24 12:00:00,2026-03-26 11:00:00,40.7856,75.6097,1254.4316,289.9343,1.0920,0.9026,0.1071,0.0939,6.1332,1
TC4_int_inf,2026-03-26 00:00:00,2026-03-25 00:00:00,2026-03-26 23:00:00,30.6165,56.3363,1236.0130,221.1907,1.2130,1.0524,0.1294,0.1264,6.0889,1
TC4_int_inf,2026-03-26 12:00:00,2026-03-25 12:00:00,2026-03-27 11:00:00,-254.9732,-475.3142,963.0520,-3865.9503,0.0000,0.0000,0.0000,0.0000,6.0530,1
TC4_int_inf,2026-03-27 00:00:00,2026-03-26 00:00:00,2026-03-27 23:00:00,47.1531,85.2702,1229.2311,323.1546,1.3778,1.1114,0.1459,0.1353,5.9818,1
TC4_int_inf,2026-03-27 12:00:00,2026-03-26 12:00:00,2026-03-28 11:00:00,1302.5275,7482.2138,4220.6760,,1.9425,0.0000,0.1297,-0.0000,2.4176,1
TC4_int_inf,2026-03-28 00:00:00,2026-03-27 00:00:00,2026-03-28 23:00:00,48.4393,91.2310,1281.4063,343.2525,0.7736,0.6147,0.0195,0.0195,6.2298,1
TC4_int_inf,2026-03-28 12:00:00,2026-03-27 12:00:00,2026-03-29 11:00:00,-6.5708,-11.9961,1192.7068,-51.2944,1.0740,1.1069,0.0494,0.0956,6.0429,1
TC4_int_inf,2026-03-29 00:00:00,2026-03-28 00:00:00,2026-03-29 23:00:00,60.9666,106.5031,1199.0226,393.3883,0.9277,0.7093,0.0402,0.0529,5.7760,1
TC4_int_inf,2026-03-29 12:00:00,2026-03-28 12:00:00,2026-03-30 11:00:00,-1239.0200,-6820.5534,-2212.7896,-48889985081.0867,0.0000,0.8446,0.0000,0.0608,6.0367,1
TC4_int_inf,2026-03-30 00:00:00,2026-03-29 00:00:00,2026-03-30 23:00:00,1304.6657,7411.8657,4130.1542,,1.5599,0.0000,0.0958,-0.0000,2.1386,1
TC4_int_inf,2026-03-30 12:00:00,2026-03-29 12:00:00,2026-03-31 11:00:00,110.4108,197.5030,1269.1065,655.2354,1.7553,1.0670,0.1358,0.1071,5.8999,1
TC4_int_inf,2026-03-31 00:00:00,2026-03-30 00:00:00,2026-03-31 23:00:00,128.5610,235.0242,1312.0727,746.8891,1.6069,0.8886,0.1190,0.0812,6.0220,1
TC4_int_inf,2026-03-31 12:00:00,2026-03-30 12:00:00,2026-04-01 11:00:00,1263.2511,7582.2522,4867.5651,,1.6925,0.0000,0.1306,0.0000,5.4265,1
TC4_int_inf,2026-04-01 00:00:00,2026-03-31 00:00:00,2026-04-01 23:00:00,1254.1171,6928.5191,4539.9550,,1.7036,0.0000,0.1317,0.0000,5.4227,1
TC4_int_inf,2026-04-01 12:00:00,2026-03-31 12:00:00,2026-04-02 11:00:00,100.6590,182.9632,1281.4286,617.3223,1.6107,1.0156,0.1089,0.0808,5.9987,1
TC4_int_inf,2026-04-02 00:00:00,2026-04-01 00:00:00,2026-04-02 23:00:00,-1292.0466,-7586.8696,-3104.4320,-337353358025.8525,0.0000,1.1195,-0.0000,0.0932,3.4734,1
TC4_int_inf,2026-04-02 12:00:00,2026-04-01 12:00:00,2026-04-03 11:00:00,1302.9743,7668.9200,4315.4594,,1.4284,0.0000,0.1557,-0.0000,2.4248,1
TC4_int_inf,2026-04-03 00:00:00,2026-04-02 00:00:00,2026-04-03 23:00:00,-1287.7613,-6823.3502,-2730.3981,-49235859229.7988,0.0000,1.2509,-0.0000,0.2205,3.4344,1
TC4_int_inf,2026-04-03 12:00:00,2026-04-02 12:00:00,2026-04-04 11:00:00,88.3286,163.1389,1291.5197,563.3392,1.4197,0.9411,0.1242,0.0927,6.0995,1
TC4_int_inf,2026-04-04 00:00:00,2026-04-03 00:00:00,2026-04-04 23:00:00,56.7311,103.4870,1248.3608,383.6394,1.3659,1.0523,0.1264,0.1146,6.0323,1
TC4_int_inf,2026-04-04 12:00:00,2026-04-03 12:00:00,2026-04-05 11:00:00,72.3738,132.7273,1268.6680,475.1013,1.2705,0.9092,0.1111,0.0957,6.0610,1
TC4_int_inf,2026-04-05 00:00:00,2026-04-04 00:00:00,2026-04-05 23:00:00,-1293.1931,-7803.5253,-3213.0284,-582441231307.4426,0.0000,0.9179,-0.0000,0.0973,3.4720,1
TC4_int_inf,2026-04-05 12:00:00,2026-04-04 12:00:00,2026-04-06 11:00:00,71.2746,130.5219,1265.8769,468.4352,1.2620,0.9082,0.1101,0.0944,6.0525,1
TC4_int_inf,2026-04-06 00:00:00,2026-04-05 00:00:00,2026-04-06 23:00:00,65.8542,120.2963,1258.0426,437.0400,1.2864,0.9499,0.1139,0.1016,6.0388,1
TC4_int_inf,2026-04-06 12:00:00,2026-04-05 12:00:00,2026-04-07 11:00:00,68.7001,125.5135,1260.6933,453.1592,1.2758,0.9298,0.1144,0.1001,6.0390,1
TC4_int_inf,2026-04-07 00:00:00,2026-04-06 00:00:00,2026-04-07 23:00:00,67.7274,123.5825,1258.2853,447.2178,1.2904,0.9450,0.1168,0.1033,6.0317,1
TC4_int_inf,2026-04-07 12:00:00,2026-04-06 12:00:00,2026-04-08 11:00:00,72.4667,132.4127,1264.1185,474.1527,1.2600,0.9024,0.1056,0.0887,6.0389,1
TC4_int_inf,2026-04-08 00:00:00,2026-04-07 00:00:00,2026-04-08 23:00:00,69.3053,127.2963,1267.9625,458.6190,1.3263,0.9623,0.1144,0.0975,6.0711,1
TC4_int_inf,2026-04-08 12:00:00,2026-04-07 12:00:00,2026-04-09 11:00:00,1260.4344,7477.0401,4831.3902,,1.3254,0.0000,0.1139,0.0000,5.5093,1
TC4_int_inf,2026-04-09 00:00:00,2026-04-08 00:00:00,2026-04-09 23:00:00,1313.0862,6921.4174,3503.3166,,1.3688,0.0000,0.1195,0.0000,0.2148,1
TC4_int_inf,2026-04-09 12:00:00,2026-04-08 12:00:00,2026-04-10 11:00:00,1249.7688,7155.0374,4731.5701,,1.2510,0.0000,0.0926,0.0000,5.8177,1
TC4_int_inf,2026-04-10 00:00:00,2026-04-09 00:00:00,2026-04-10 23:00:00,59.9183,110.1511,1260.8687,405.0812,1.2767,0.9672,0.0974,0.0871,6.0786,1
TC4_int_inf,2026-04-10 12:00:00,2026-04-09 12:00:00,2026-04-11 11:00:00,69.3366,127.5015,1269.4610,459.2460,1.1540,0.8368,0.0941,0.0782,6.0782,1
TC4_int_inf,2026-04-11 00:00:00,2026-04-10 00:00:00,2026-04-11 23:00:00,60.5891,111.3868,1261.4847,409.0175,1.2482,0.9427,0.1099,0.1004,6.0786,1
TC4_int_inf,2026-04-11 12:00:00,2026-04-10 12:00:00,2026-04-12 11:00:00,66.2556,122.0324,1268.8171,442.4274,1.2517,0.9203,0.1077,0.0921,6.0887,1
TC4_int_inf,2026-04-12 00:00:00,2026-04-11 00:00:00,2026-04-12 23:00:00,-1290.3016,-7345.7274,-2978.0664,-183701802853.9565,0.0000,0.9990,-0.0000,0.1043,3.5026,1
TC4_int_inf,2026-04-12 12:00:00,2026-04-11 12:00:00,2026-04-13 11:00:00,1256.1577,7168.7687,4676.6435,,1.3734,0.0000,0.1191,0.0000,5.5062,1
TC4_int_inf,2026-04-13 00:00:00,2026-04-12 00:00:00,2026-04-13 23:00:00,1273.5760,8681.4689,5431.7160,,1.3649,0.0000,0.1163,0.0000,5.4998,1
TC4_int_inf,2026-04-13 12:00:00,2026-04-12 12:00:00,2026-04-14 11:00:00,68.7985,126.3706,1267.5736,455.7871,1.2833,0.9332,0.0975,0.0820,6.0715,1
TC4_int_inf,2026-04-14 00:00:00,2026-04-13 00:00:00,2026-04-14 23:00:00,868.3966,755.0933,805.8143,1421.7970,0.0000,0.0000,0.0000,-0.0000,2.1590,1
TC4_int_inf,2026-04-14 12:00:00,2026-04-13 12:00:00,2026-04-15 11:00:00,70.6102,129.6926,1269.0916,465.9192,1.2388,0.8934,0.1015,0.0843,6.0708,1
TC4_int_inf,2026-04-15 00:00:00,2026-04-14 00:00:00,2026-04-15 23:00:00,60.5280,111.1827,1260.3914,408.3682,1.3282,1.0036,0.1136,0.1056,6.0736,1
TC4_int_inf,2026-04-15 12:00:00,2026-04-14 12:00:00,2026-04-16 11:00:00,74.0234,136.0267,1272.6617,485.0045,1.1875,0.8428,0.0779,0.0629,6.0728,1
TC4_int_inf,2026-04-16 00:00:00,2026-04-15 00:00:00,2026-04-16 23:00:00,60.1415,110.0332,1255.0402,404.7050,1.3627,1.0327,0.0983,0.0879,6.0495,1
TC4_int_inf,2026-04-16 12:00:00,2026-04-15 12:00:00,2026-04-17 11:00:00,73.0992,134.1125,1269.8169,479.2691,1.3141,0.9371,0.0953,0.0792,6.0633,1
TC4_int_inf,2026-04-17 00:00:00,2026-04-16 00:00:00,2026-04-17 23:00:00,1248.6753,6694.7700,4437.1899,,1.3197,0.0000,0.0960,0.0000,5.4939,1
TC4_int_inf,2026-04-17 12:00:00,2026-04-16 12:00:00,2026-04-18 11:00:00,69.4528,127.4393,1266.8187,459.0560,1.3248,0.9608,0.0979,0.0844,6.0650,1
TC4_int_inf,2026-04-18 00:00:00,2026-04-17 00:00:00,2026-04-18 23:00:00,69.8531,127.1135,1256.6838,458.0605,1.3077,0.9492,0.0949,0.0828,6.0147,1
TC4_int_inf,2026-04-18 12:00:00,2026-04-17 12:00:00,2026-04-19 11:00:00,1249.5854,7060.8851,4671.0804,,1.4033,0.0000,0.0977,0.0000,5.7501,1
TC4_int_inf,2026-04-19 00:00:00,2026-04-18 00:00:00,2026-04-19 23:00:00,-1287.4120,-6776.4062,-2706.8417,-43741451166.6260,0.0000,0.9209,-0.0000,0.0689,3.4348,1
TC4_int_inf,2026-04-19 12:00:00,2026-04-18 12:00:00,2026-04-20 11:00:00,-1313.0119,-7214.9073,-3548.7518,-132101648640.4614,0.0000,0.9995,0.0000,0.0869,0.2959,1
TC4_int_inf,2026-04-20 00:00:00,2026-04-19 00:00:00,2026-04-20 23:00:00,-1312.9580,-6562.2680,-3220.0266,-25496588417.7142,0.0000,0.9115,0.0000,0.0757,0.3081,1
TC4_int_inf,2026-04-20 12:00:00,2026-04-19 12:00:00,2026-04-21 11:00:00,69.8716,127.1788,1257.0126,458.2600,1.2089,0.8773,0.0841,0.0729,6.0162,1
TC4_int_inf,2026-04-21 00:00:00,2026-04-20 00:00:00,2026-04-21 23:00:00,71.3676,129.9619,1258.8841,466.7369,1.2115,0.8731,0.0847,0.0723,6.0186,1
TC4_int_inf,2026-04-21 12:00:00,2026-04-20 12:00:00,2026-04-22 11:00:00,-1313.0243,-7750.1469,-3814.3033,-509120083291.9412,0.0000,0.8923,0.0000,0.0779,0.3064,1
TC4_int_inf,2026-04-22 00:00:00,2026-04-21 00:00:00,2026-04-22 23:00:00,1263.9823,7660.8578,4909.5633,,1.1865,0.0000,0.0852,0.0000,5.4401,1
TC4_int_inf,2026-04-22 12:00:00,2026-04-21 12:00:00,2026-04-23 11:00:00,74.2082,134.7308,1257.5561,481.1245,1.1302,0.8048,0.0820,0.0685,5.9999,1
TC4_int_inf,2026-04-23 00:00:00,2026-04-22 00:00:00,2026-04-23 23:00:00,67.8865,123.3111,1252.7164,446.3804,1.1665,0.8549,0.0857,0.0767,6.0043,1
TC4_int_inf,2026-04-23 12:00:00,2026-04-22 12:00:00,2026-04-24 11:00:00,76.5956,139.1245,1260.1354,494.2284,1.0747,0.7568,0.0673,0.0551,6.0019,1
TC4_int_inf,2026-04-24 00:00:00,2026-04-23 00:00:00,2026-04-24 23:00:00,69.1512,126.0518,1258.2310,454.8103,1.1819,0.8602,0.0792,0.0680,6.0252,1
TC4_int_inf,2026-04-24 12:00:00,2026-04-23 12:00:00,2026-04-25 11:00:00,474.3871,836.6583,1498.1358,1468.0878,0.0000,0.0000,0.0000,0.0000,5.4435,1
TC4_int_inf,2026-04-25 00:00:00,2026-04-24 00:00:00,2026-04-25 23:00:00,1304.1481,7781.0509,4349.3413,,1.2699,0.0000,0.1006,-0.0000,2.3130,1
TC4_int_inf,2026-04-25 12:00:00,2026-04-24 12:00:00,2026-04-26 11:00:00,-1313.0290,-7857.1327,-3867.8617,-666706416282.6101,0.0000,0.8937,0.0000,0.0789,0.3060,1
TC4_int_inf,2026-04-26 00:00:00,2026-04-25 00:00:00,2026-04-26 23:00:00,1306.8467,9177.7833,5041.4236,,1.3361,0.0000,0.1044,-0.0000,2.2813,1
TC4_int_inf,2026-04-26 12:00:00,2026-04-25 12:00:00,2026-04-27 11:00:00,69.6712,126.3115,1251.8605,455.6063,1.3849,1.0073,0.1058,0.0929,5.9924,1
TC4_int_inf,2026-04-27 00:00:00,2026-04-26 00:00:00,2026-04-27 23:00:00,-1313.0035,-6682.6641,-3285.6614,-34536344217.1607,0.0000,0.9201,0.0000,0.0771,0.2806,1
TC4_int_inf,2026-04-27 12:00:00,2026-04-26 12:00:00,2026-04-28 11:00:00,-319.9544,-597.5307,890.5009,-5863.5179,0.0000,0.0000,0.0000,0.0000,5.9953,1
TC4_int_inf,2026-04-28 00:00:00,2026-04-27 00:00:00,2026-04-28 23:00:00,1256.1767,7046.4943,4596.6850,,1.2768,0.0000,0.0922,0.0000,5.4114,1
TC4_int_inf,2026-04-28 12:00:00,2026-04-27 12:00:00,2026-04-29 11:00:00,-1313.0316,-6882.0380,-3388.2949,-57085446183.4405,0.0000,0.9141,0.0000,0.0768,0.2658,1
TC4_int_inf,2026-04-29 00:00:00,2026-04-28 00:00:00,2026-04-29 23:00:00,78.4460,141.7438,1255.1480,501.9711,1.1870,0.8304,0.0793,0.0630,5.9701,1
TC4_int_inf,2026-04-29 12:00:00,2026-04-28 12:00:00,2026-04-30 11:00:00,1303.5682,7399.9914,4150.2729,,1.2429,0.0000,0.0918,-0.0000,2.2699,1
TC4_int_inf,2026-04-30 00:00:00,2026-04-29 00:00:00,2026-04-30 23:00:00,1302.3236,6935.1030,3916.3385,,1.1782,0.0000,0.0827,-0.0000,2.2624,1
TC4_int_inf,2026-04-30 12:00:00,2026-04-29 12:00:00,2026-05-01 11:00:00,-1313.0617,-7314.7577,-3607.1101,-169907155070.7622,0.0000,0.9277,0.0000,0.0764,0.2534,1
TC4_int_inf,2026-05-01 00:00:00,2026-04-30 00:00:00,2026-05-01 23:00:00,1257.2890,7120.6100,4633.6811,,1.2475,0.0000,0.0861,0.0000,5.4111,1
TC4_int_inf,2026-05-01 12:00:00,2026-04-30 12:00:00,2026-05-02 11:00:00,1255.5088,6994.6928,4569.5473,,1.4326,0.0000,0.1366,0.0000,5.4051,1
TC4_int_inf,2026-05-02 00:00:00,2026-05-01 00:00:00,2026-05-02 23:00:00,1302.1129,6797.8974,3843.1558,,1.1374,0.0000,0.0984,-0.0000,2.2393,1
TC4_int_inf,2026-05-02 12:00:00,2026-05-01 12:00:00,2026-05-03 11:00:00,-1244.7419,-7301.4723,-2423.5449,-164311712463.5320,0.0000,0.7104,0.0000,0.0742,6.1865,1
TC4_int_inf,2026-05-03 00:00:00,2026-05-02 00:00:00,2026-05-03 23:00:00,-362.2612,-320.2661,397.8199,-2074.8272,0.0000,0.0000,0.0000,-0.0000,2.8127,1
TC4_int_inf,2026-05-03 12:00:00,2026-05-02 12:00:00,2026-05-04 11:00:00,-1313.0765,-6490.1516,-3203.2172,-21258776495.8757,0.0000,0.6369,0.0000,0.0486,0.2110,1
TC4_int_inf,2026-05-04 00:00:00,2026-05-03 00:00:00,2026-05-04 23:00:00,1303.6549,7275.3412,4078.3407,,1.1094,0.0000,0.0820,-0.0000,2.2215,1
TC4_int_inf,2026-05-04 12:00:00,2026-05-03 12:00:00,2026-05-05 11:00:00,-1313.0597,-6844.3270,-3374.7558,-51909182278.8783,0.0000,0.8086,0.0000,0.0721,0.2390,1
TC4_int_inf,2026-05-05 00:00:00,2026-05-04 00:00:00,2026-05-05 23:00:00,1251.1865,6702.2785,4419.0973,,1.1731,0.0000,0.0893,0.0000,5.3837,1
TC4_int_inf,2026-05-05 12:00:00,2026-05-04 12:00:00,2026-05-06 11:00:00,77.9509,140.3372,1250.1666,497.8194,1.1948,0.8388,0.0920,0.0773,5.9485,1
TC4_int_inf,2026-05-06 00:00:00,2026-05-05 00:00:00,2026-05-06 23:00:00,72.4533,130.1444,1242.6815,467.2907,1.2314,0.8870,0.0975,0.0852,5.9365,1
TC4_int_inf,2026-05-06 12:00:00,2026-05-05 12:00:00,2026-05-07 11:00:00,73.1391,131.4630,1244.0845,471.2843,1.2408,0.8908,0.0948,0.0837,5.9403,1
TC4_int_inf,2026-05-07 00:00:00,2026-05-06 00:00:00,2026-05-07 23:00:00,88.1229,158.1810,1255.0211,549.4117,1.1033,0.7405,0.0767,0.0575,5.9280,1
TC4_int_inf,2026-05-07 12:00:00,2026-05-06 12:00:00,2026-05-08 11:00:00,68.4359,123.2208,1242.2195,446.1018,1.2308,0.9022,0.1083,0.0979,5.9516,1
TC4_int_inf,2026-05-08 00:00:00,2026-05-07 00:00:00,2026-05-08 23:00:00,86.4709,155.7028,1257.5710,542.3843,1.1180,0.7551,0.0920,0.0744,5.9471,1
TC4_int_inf,2026-05-08 12:00:00,2026-05-07 12:00:00,2026-05-09 11:00:00,74.1768,133.4623,1246.2165,477.3144,1.1775,0.8411,0.0974,0.0845,5.9460,1
TC4_int_inf,2026-05-09 00:00:00,2026-05-08 00:00:00,2026-05-09 23:00:00,-1235.0915,-6814.3362,-2176.5391,-48129814611.1836,0.0000,0.8205,0.0000,0.0801,6.2038,1
TC4_int_inf,2026-05-09 12:00:00,2026-05-08 12:00:00,2026-05-10 11:00:00,77.5888,139.4671,1247.9079,495.2441,1.1766,0.8278,0.0962,0.0813,5.9394,1
TC4_int_inf,2026-05-10 00:00:00,2026-05-09 00:00:00,2026-05-10 23:00:00,-1313.0641,-6720.6054,-3314.5609,-38002272863.3431,0.0000,0.8023,0.0000,0.0773,0.2306,1
TC4_int_inf,2026-05-10 12:00:00,2026-05-09 12:00:00,2026-05-11 11:00:00,80.9318,145.5193,1251.1006,513.0423,1.1115,0.7702,0.0899,0.0741,5.9402,1
TC4_int_inf,2026-05-11 00:00:00,2026-05-10 00:00:00,2026-05-11 23:00:00,1303.1349,7125.9324,4006.3395,,1.1228,0.0000,0.0912,-0.0000,2.2351,1
TC4_int_inf,2026-05-11 12:00:00,2026-05-10 12:00:00,2026-05-12 11:00:00,80.2917,144.5210,1251.8827,510.1251,1.1276,0.7833,0.0925,0.0767,5.9467,1
