freq,period,amplitude
4.166145898429363e-07,2400300.0,833.8431357019297
8.332291796858726e-07,1200150.0,760.6389350714641
1.249843769528809e-06,800100.0,675.4519616927529
1.6664583593717453e-06,600075.0,605.899729945098
2.083072949214682e-06,480059.99999999994,179.61326665217524
2.499687539057618e-06,400050.0,881.7079498050591
2.916302128900554e-06,342900.0,340.2349389009444
3.3329167187434905e-06,300037.5,549.8465227685718
3.749531308586427e-06,266700.0,241.01946975652567
4.166145898429364e-06,240029.99999999997,135.60889978070034
4.582760488272299e-06,218209.0909090909,76.04355149342845
4.999375078115236e-06,200025.0,227.33332488236465
5.415989667958172e-06,184638.46153846153,132.00608259054331
5.832604257801108e-06,171450.0,229.18737984884217
6.2492188476440446e-06,160020.0,87.06761705945411
6.665833437486981e-06,150018.75,186.0211016632906
7.082448027329918e-06,141194.11764705883,122.94674682014433
7.499062617172854e-06,133350.0,92.01624268233323
7.91567720701579e-06,126331.5789473684,199.835716386937
8.332291796858727e-06,120014.99999999999,242.16779021799772
8.748906386701662e-06,114300.0,165.35749677637756
9.165520976544599e-06,109104.54545454546,250.12472824386512
9.582135566387535e-06,104360.86956521739,37.70198996280544
9.998750156230472e-06,100012.5,152.72529122155487
1.0415364746073408e-05,96012.0,291.90702709671535
1.0831979335916345e-05,92319.23076923077,483.3120038271657
1.1248593925759281e-05,88899.99999999999,286.2353445848769
1.1665208515602216e-05,85725.0,1621.3404408995495
1.2081823105445153e-05,82768.96551724138,579.3603030001684
1.2498437695288089e-05,80010.0,263.7546831708507
1.2915052285131026e-05,77429.03225806452,110.53707712467951
1.3331666874973962e-05,75009.375,139.37865788268311
1.3748281464816899e-05,72736.36363636363,152.45477674666267
1.4164896054659835e-05,70597.05882352941,69.65985347846605
1.4581510644502772e-05,68580.0,189.80696856464715
1.4998125234345708e-05,66675.0,41.989850826584856
1.5414739824188645e-05,64872.972972972966,116.45504773510604
1.583135441403158e-05,63165.7894736842,133.83692535989343
1.6247969003874518e-05,61546.15384615384,95.8490637139484
1.6664583593717454e-05,60007.49999999999,60.20946055892845
1.7081198183560388e-05,58543.902439024394,89.11592725985234
1.7497812773403324e-05,57150.0,81.58283339301667
1.791442736324626e-05,55820.93023255814,107.91988321723422
1.8331041953089197e-05,54552.27272727273,26.580352569458967
1.8747656542932134e-05,53340.0,80.55674533968902
1.916427113277507e-05,52180.434782608696,39.365306995940735
1.9580885722618007e-05,51070.21276595745,45.60889950596873
1.9997500312460943e-05,50006.25,118.05944705247511
2.041411490230388e-05,48985.71428571428,15.614816313268129
2.0830729492146816e-05,48006.0,29.33764738857294
2.1247344081989753e-05,47064.70588235294,32.808742046963715
2.166395867183269e-05,46159.61538461538,32.55553058728498
2.2080573261675626e-05,45288.67924528301,105.85773572449561
2.2497187851518562e-05,44449.99999999999,94.22468047400963
2.29138024413615e-05,43641.81818181818,176.0947719351469
2.3330417031204432e-05,42862.5,215.68697265263245
2.374703162104737e-05,42110.52631578947,109.48825850760205
2.4163646210890305e-05,41384.48275862069,89.30297916537388
2.4580260800733242e-05,40683.05084745763,71.12124176975544
2.4996875390576178e-05,40005.0,50.113660387418896
2.5413489980419115e-05,39349.18032786885,19.068414558406186
2.583010457026205e-05,38714.51612903226,22.208995630650904
2.6246719160104988e-05,38100.0,42.81401442590137
2.6663333749947924e-05,37504.6875,33.192792915870335
2.707994833979086e-05,36927.692307692305,31.658663262456475
2.7496562929633797e-05,36368.181818181816,19.905332082887746
2.7913177519476734e-05,35825.37313432836,37.12048357856644
2.832979210931967e-05,35298.529411764706,28.75031434531255
2.8746406699162607e-05,34786.95652173913,7.312291824086719
2.9163021289005544e-05,34290.0,14.822592592012915
2.957963587884848e-05,33807.042253521126,45.54750524238337
2.9996250468691417e-05,33337.5,16.998799519472026
3.041286505853435e-05,32880.82191780822,34.87667853982165
3.082947964837729e-05,32436.486486486483,25.966259017087683
3.1246094238220226e-05,32003.999999999996,20.122723215520377
3.166270882806316e-05,31582.8947368421,48.74834092475476
3.20793234179061e-05,31172.72727272727,19.479976652090002
3.2495938007749036e-05,30773.07692307692,32.22845802928919
3.291255259759197e-05,30383.544303797466,26.163465131695578
3.332916718743491e-05,30003.749999999996,15.021346176645297
3.374578177727784e-05,29633.333333333336,38.55277601800231
3.4162396367120775e-05,29271.951219512197,56.49999220385655
3.457901095696371e-05,28919.277108433736,83.49272066191453
3.499562554680665e-05,28575.0,9.970248670716712
3.5412240136649585e-05,28238.823529411766,19.884227020670995
3.582885472649252e-05,27910.46511627907,1.9999094890927365
3.624546931633546e-05,27589.655172413793,24.577117650022945
3.6662083906178394e-05,27276.136363636364,1.3988468244864336
3.707869849602133e-05,26969.662921348314,31.32903833206519
3.749531308586427e-05,26670.0,32.097800771895194
3.7911927675707204e-05,26376.923076923078,5.94429634114006
3.832854226555014e-05,26090.217391304348,20.64060296287452
3.874515685539308e-05,25809.677419354837,30.737932329302726
3.9161771445236014e-05,25535.106382978724,31.983218425663896
3.957838603507895e-05,25266.315789473683,6.027422224801532
3.9995000624921887e-05,25003.125,24.526373751476942
4.041161521476482e-05,24745.360824742267,38.391810995450115
4.082822980460776e-05,24492.85714285714,24.70767216198493
4.1244844394450696e-05,24245.454545454544,10.12266891090398
4.166145898429363e-05,24003.0,26.33063689549267
4.207807357413657e-05,23765.346534653465,16.01676892911697
4.2494688163979506e-05,23532.35294117647,27.006147099693397
4.291130275382244e-05,23303.88349514563,18.50790146432641
4.332791734366538e-05,23079.80769230769,4.8892631149913255
4.3744531933508315e-05,22859.999999999996,10.58377976118526
4.416114652335125e-05,22644.339622641506,21.807070472547796
4.457776111319419e-05,22432.71028037383,13.896955765474672
4.4994375703037125e-05,22224.999999999996,10.147305407268684
4.541099029288006e-05,22021.10091743119,16.31364030274962
4.5827604882723e-05,21820.90909090909,27.996227565612678
4.6244219472565935e-05,21624.324324324323,43.743225051599204
4.6660834062408864e-05,21431.25,18.129668764431248
4.70774486522518e-05,21241.59292035398,24.894169536948432
4.749406324209474e-05,21055.263157894737,14.08742599763421
4.7910677831937674e-05,20872.17391304348,3.5372186223893323
4.832729242178061e-05,20692.241379310344,15.799700364326268
4.874390701162355e-05,20515.384615384617,14.915606382273143
4.9160521601466483e-05,20341.525423728814,7.413677323081438
4.957713619130942e-05,20170.58823529412,8.868579051806886
4.9993750781152357e-05,20002.5,10.041693289031993
5.041036537099529e-05,19837.19008264463,3.9857742622419545
5.082697996083823e-05,19674.590163934427,6.926969591432721
5.1243594550681166e-05,19514.634146341465,9.969551947670466
5.16602091405241e-05,19357.25806451613,11.43346083530339
5.207682373036704e-05,19202.399999999998,20.135399604309278
5.2493438320209976e-05,19050.0,13.276508056848948
5.291005291005291e-05,18900.0,11.838647300196067
5.332666749989585e-05,18752.34375,14.242106002303283
5.3743282089738785e-05,18606.976744186046,14.951634575467665
5.415989667958172e-05,18463.846153846152,8.259484132065612
5.457651126942466e-05,18322.90076335878,13.619427796074126
5.4993125859267595e-05,18184.090909090908,9.13609282984771
5.540974044911053e-05,18047.36842105263,9.867877039484656
5.582635503895347e-05,17912.68656716418,9.671820242094494
5.6242969628796405e-05,17780.0,16.911784018184385
5.665958421863934e-05,17649.264705882353,12.564624081499913
5.707619880848228e-05,17520.43795620438,14.20193658404749
5.7492813398325214e-05,17393.478260869564,12.409350508805232
5.790942798816815e-05,17268.345323741007,16.84873208328315
5.832604257801109e-05,17145.0,4.616201379898744
5.8742657167854024e-05,17023.404255319147,15.644524626194036
5.915927175769696e-05,16903.521126760563,12.812195986234377
5.95758863475399e-05,16785.314685314683,13.260766124785672
5.999250093738283e-05,16668.75,8.408333606479513
6.040911552722576e-05,16553.793103448275,9.418022250266482
6.08257301170687e-05,16440.41095890411,12.855543487886111
6.124234470691164e-05,16328.57142857143,15.174636988867434
6.165895929675458e-05,16218.243243243242,11.234929392062005
6.207557388659751e-05,16109.395973154362,10.021138626430009
6.249218847644045e-05,16001.999999999998,11.002006403250022
6.290880306628338e-05,15896.026490066224,12.937994685509787
6.332541765612633e-05,15791.44736842105,10.626268739562782
6.374203224596926e-05,15688.235294117647,3.114363180152141
6.41586468358122e-05,15586.363636363634,5.418307704125598
6.457526142565513e-05,15485.806451612903,10.003940775468052
6.499187601549807e-05,15386.53846153846,8.059266047355681
6.5408490605341e-05,15288.535031847134,6.24980627302004
6.582510519518394e-05,15191.772151898733,6.598591225799356
6.624171978502687e-05,15096.22641509434,12.678938536879134
6.665833437486982e-05,15001.874999999998,15.144732659874807
6.707494896471275e-05,14908.695652173912,7.790637000427088
6.749156355455568e-05,14816.666666666668,12.118868522389567
6.790817814439862e-05,14725.766871165644,14.121390167855498
6.832479273424155e-05,14635.975609756098,6.678240438039879
6.87414073240845e-05,14547.272727272726,7.98182244858201
6.915802191392742e-05,14459.638554216868,6.806804269370836
6.957463650377037e-05,14373.053892215568,15.74039658094475
6.99912510936133e-05,14287.5,12.542192254304515
7.040786568345624e-05,14202.958579881655,2.5554255183065395
7.082448027329917e-05,14119.411764705883,7.731084554804131
7.124109486314211e-05,14036.842105263157,10.698699910999178
7.165770945298504e-05,13955.232558139534,11.336157885852288
7.207432404282799e-05,13874.566473988438,6.190383667916854
7.249093863267092e-05,13794.827586206897,10.830762991916824
7.290755322251386e-05,13715.999999999998,6.939421483586898
7.332416781235679e-05,13638.068181818182,4.8728760309161405
7.374078240219973e-05,13561.016949152541,6.871723476335584
7.415739699204266e-05,13484.831460674157,11.078130572248844
7.45740115818856e-05,13409.497206703909,15.237150430871358
7.499062617172853e-05,13335.0,7.93785404424872
7.540724076157148e-05,13261.325966850827,12.400459308843265
7.582385535141441e-05,13188.461538461539,13.976067071877718
7.624046994125735e-05,13116.39344262295,9.974189728390991
7.665708453110028e-05,13045.108695652174,9.70490851862831
7.707369912094322e-05,12974.594594594593,7.541191377783498
7.749031371078615e-05,12904.838709677419,7.273786271582018
7.79069283006291e-05,12835.828877005346,6.570826214774591
7.832354289047203e-05,12767.553191489362,5.475355006865912
7.874015748031497e-05,12699.999999999998,6.703780100909385
7.91567720701579e-05,12633.157894736842,6.984627601553633
7.957338666000084e-05,12567.015706806282,9.886013850726835
7.999000124984377e-05,12501.5625,5.659722771702628
8.04066158396867e-05,12436.78756476684,9.317005675211723
8.082323042952965e-05,12372.680412371134,8.354944591492618
8.123984501937258e-05,12309.23076923077,6.957119639412896
8.165645960921552e-05,12246.42857142857,7.717755777227113
8.207307419905845e-05,12184.263959390863,7.486413941882994
8.248968878890139e-05,12122.727272727272,10.332105532561798
8.290630337874432e-05,12061.809045226131,7.8631201447380885
8.332291796858727e-05,12001.5,10.729290440886777
8.37395325584302e-05,11941.791044776119,12.02327081689006
8.415614714827314e-05,11882.673267326732,8.69467220764909
8.457276173811607e-05,11824.137931034484,7.973477508036778
8.498937632795901e-05,11766.176470588234,10.86694316914394
8.540599091780194e-05,11708.780487804877,7.647507077079451
8.582260550764488e-05,11651.941747572815,5.3111102945573085
8.623922009748781e-05,11595.652173913044,8.074725768117817
8.665583468733076e-05,11539.903846153846,7.965680727607806
8.707244927717369e-05,11484.68899521531,4.6381582919306945
8.748906386701663e-05,11429.999999999998,6.149536709651572
8.790567845685956e-05,11375.829383886256,3.5795834303688685
8.83222930467025e-05,11322.169811320753,5.148720314429872
8.873890763654543e-05,11269.014084507042,5.694351571209302
8.915552222638838e-05,11216.355140186915,8.391732986717063
8.95721368162313e-05,11164.186046511628,7.98369931882867
8.998875140607425e-05,11112.499999999998,7.656790995424293
9.040536599591718e-05,11061.290322580644,11.341032390210529
9.082198058576012e-05,11010.550458715596,8.202147093441594
9.123859517560305e-05,10960.27397260274,7.693954851430318
9.1655209765446e-05,10910.454545454544,6.387774280543672
9.207182435528893e-05,10861.085972850678,8.627128098592161
9.248843894513187e-05,10812.162162162162,5.544376830141436
9.29050535349748e-05,10763.677130044842,8.437819741925217
9.332166812481773e-05,10715.625,8.336662057405883
9.373828271466067e-05,10668.0,8.401978133585786
9.41548973045036e-05,10620.79646017699,7.529045560808623
9.457151189434654e-05,10574.008810572686,8.111293621324412
9.498812648418947e-05,10527.631578947368,7.524823755653154
9.540474107403242e-05,10481.659388646287,8.038545995813687
9.582135566387535e-05,10436.08695652174,10.883506997609144
9.623797025371829e-05,10390.90909090909,3.932849677769735
9.665458484356122e-05,10346.120689655172,9.66484779603975
9.707119943340416e-05,10301.716738197425,6.204936239040597
9.74878140232471e-05,10257.692307692309,6.781160049799273
9.790442861309004e-05,10214.042553191488,3.992591943870718
9.832104320293297e-05,10170.762711864407,5.84834835709464
9.873765779277591e-05,10127.848101265821,6.961409602177333
9.915427238261884e-05,10085.29411764706,2.0343698857790424
9.957088697246178e-05,10043.096234309623,9.45727894498768
9.998750156230471e-05,10001.25,6.017928423140899
0.00010040411615214766,9959.751037344398,9.912767404463922
0.00010082073074199059,9918.595041322315,4.235078770468181
0.00010123734533183353,9877.777777777777,6.262074459662009
0.00010165395992167646,9837.295081967213,6.712387043691196
0.0001020705745115194,9797.142857142857,10.203691230745498
0.00010248718910136233,9757.317073170732,8.580458153477428
0.00010290380369120528,9717.813765182185,5.501786758788156
0.0001033204182810482,9678.629032258064,6.770543679009398
0.00010373703287089115,9639.759036144578,8.574803770911185
0.00010415364746073408,9601.199999999999,8.172842053457378
0.00010457026205057702,9562.948207171314,5.048415054212018
0.00010498687664041995,9525.0,7.5886759610684384
0.0001054034912302629,9487.351778656126,5.227158446584128
0.00010582010582010582,9450.0,7.809344971355422
0.00010623672040994877,9412.941176470587,4.495209595256887
0.0001066533349997917,9376.171875,7.96080623318106
0.00010706994958963463,9339.688715953307,7.015105670496136
0.00010748656417947757,9303.488372093023,6.14071927962629
0.0001079031787693205,9267.567567567568,4.937737130923141
0.00010831979335916344,9231.923076923076,5.213214341623886
0.00010873640794900637,9196.551724137931,8.300510260503648
0.00010915302253884932,9161.45038167939,5.773325310548107
0.00010956963712869225,9126.61596958175,6.869359420645484
0.00010998625171853519,9092.045454545454,4.618489002667795
0.00011040286630837812,9057.735849056604,10.24365466481291
0.00011081948089822106,9023.684210526315,6.79660740185655
0.00011123609548806399,8989.887640449439,6.136324041467583
0.00011165271007790694,8956.34328358209,5.820143222852816
0.00011206932466774987,8923.048327137547,5.1503130237110195
0.00011248593925759281,8890.0,5.75073525275555
0.00011290255384743574,8857.195571955719,6.493216113488326
0.00011331916843727868,8824.632352941177,4.977311208892991
0.00011373578302712161,8792.307692307691,5.041280062757811
0.00011415239761696456,8760.21897810219,5.428870870916006
0.00011456901220680748,8728.363636363636,4.9398392850305575
0.00011498562679665043,8696.739130434782,4.138784450420034
0.00011540224138649336,8665.342960288808,8.423054678089043
0.0001158188559763363,8634.172661870503,6.717649331970876
0.00011623547056617923,8603.225806451612,3.598833109448164
0.00011665208515602217,8572.5,4.828349628304305
0.0001170686997458651,8541.992882562277,8.051979151473933
0.00011748531433570805,8511.702127659573,7.712463013172412
0.00011790192892555098,8481.625441696113,2.8202142025955435
0.00011831854351539392,8451.760563380281,4.440019168755854
0.00011873515810523685,8422.105263157895,6.407006492125603
0.0001191517726950798,8392.657342657341,4.40468047242347
0.00011956838728492272,8363.414634146342,3.776396857813665
0.00011998500187476567,8334.375,6.058337356907498
0.0001204016164646086,8305.53633217993,7.420606850270356
0.00012081823105445153,8276.896551724138,5.669226492543076
0.00012123484564429447,8248.453608247422,7.045201357859807
0.0001216514602341374,8220.205479452055,6.725453138952904
0.00012206807482398034,8192.150170648463,3.7076060622352194
0.00012248468941382327,8164.285714285715,5.6487226314592
0.0001229013040036662,8136.610169491526,5.793294181975157
0.00012331791859350916,8109.121621621621,4.370159135967507
0.0001237345331833521,8081.818181818181,7.0340663013285125
0.00012415114777319502,8054.697986577181,6.070759153850853
0.00012456776236303795,8027.759197324415,6.233559529693331
0.0001249843769528809,8000.999999999999,3.2784791751779627
0.00012540099154272383,7974.418604651162,4.935885426904766
0.00012581760613256676,7948.013245033112,6.186246140389185
0.0001262342207224097,7921.782178217822,6.3722770763849965
0.00012665083531225265,7895.723684210525,5.854928383861247
0.00012706744990209558,7869.83606557377,2.4610683735768863
0.0001274840644919385,7844.117647058823,7.634358105674903
0.00012790067908178144,7818.5667752443,6.142490439557221
0.0001283172936716244,7793.181818181817,3.489059676168721
0.00012873390826146733,7767.961165048543,4.688893828018221
0.00012915052285131026,7742.903225806452,6.259339899567584
0.00012956713744115319,7718.006430868168,5.412317088150393
0.00012998375203099614,7693.26923076923,3.9500165650305736
0.00013040036662083907,7668.690095846645,5.550446565908211
0.000130816981210682,7644.267515923567,6.911846553773316
0.00013123359580052493,7620.0,4.701056558388067
0.0001316502103903679,7595.886075949366,6.284270049598699
0.00013206682498021082,7571.92429022082,5.858281588038599
0.00013248343957005375,7548.11320754717,3.8797220651378077
0.00013290005415989668,7524.451410658307,4.407086287849357
0.00013331666874973964,7500.937499999999,3.175019710050134
0.00013373328333958257,7477.570093457944,4.886474145822957
0.0001341498979294255,7454.347826086956,1.9345827224655847
0.00013456651251926842,7431.269349845201,7.103861915276103
0.00013498312710911135,7408.333333333334,4.109927960433935
0.0001353997416989543,7385.538461538461,3.629461309209696
0.00013581635628879724,7362.883435582822,4.911194763302688
0.00013623297087864017,7340.366972477064,6.844189168135381
0.0001366495854684831,7317.987804878049,4.905140472435726
0.00013706620005832606,7295.744680851063,4.123375780095058
0.000137482814648169,7273.636363636363,5.497320456208275
0.00013789942923801192,7251.661631419939,4.74940003288742
0.00013831604382785485,7229.819277108434,3.2345434555284274
0.0001387326584176978,7208.108108108107,4.106170097292777
0.00013914927300754073,7186.526946107784,4.565852355481358
0.00013956588759738366,7165.074626865671,4.0537428587158635
0.0001399825021872266,7143.75,4.374394431300892
0.00014039911677706955,7122.551928783382,1.9589397411819613
0.00014081573136691248,7101.479289940828,5.312388841373422
0.0001412323459567554,7080.530973451328,4.5930896213891215
0.00014164896054659834,7059.705882352941,4.308640654760918
0.0001420655751364413,7039.002932551319,4.5457871643058585
0.00014248218972628423,7018.421052631578,4.3480292762877975
0.00014289880431612716,6997.959183673469,3.9077532418951044
0.00014331541890597009,6977.616279069767,4.606037592879924
0.00014373203349581304,6957.391304347825,4.714211191718096
0.00014414864808565597,6937.283236994219,2.7434245155732118
0.0001445652626754989,6917.291066282421,6.591063061651424
0.00014498187726534183,6897.413793103448,5.750201757838853
0.0001453984918551848,6877.650429799426,4.3600016386243015
0.00014581510644502772,6857.999999999999,3.5704743925144053
0.00014623172103487065,6838.461538461538,4.797386340733078
0.00014664833562471358,6819.034090909091,5.4842222047708065
0.0001470649502145565,6799.71671388102,3.6305351825294365
0.00014748156480439946,6780.508474576271,3.103342143628071
0.0001478981793942424,6761.408450704225,4.660569875633364
0.00014831479398408532,6742.4157303370785,5.514548486568528
0.00014873140857392825,6723.529411764706,3.1030458194366393
0.0001491480231637712,6704.748603351954,3.7737928777371756
0.00014956463775361414,6686.072423398328,4.773765308362387
0.00014998125234345707,6667.5,5.824549722928061
0.0001503978669333,6649.030470914127,3.8902290945956017
0.00015081448152314296,6630.662983425414,5.023810517163691
0.00015123109611298589,6612.396694214875,4.329107371273588
0.00015164771070282882,6594.2307692307695,5.8620739901086605
0.00015206432529267175,6576.164383561644,3.5851655644371214
0.0001524809398825147,6558.196721311475,5.002298145609548
0.00015289755447235763,6540.326975476839,3.200269636369208
0.00015331416906220056,6522.554347826087,4.189482301520137
0.0001537307836520435,6504.878048780488,4.989032253482199
0.00015414739824188645,6487.297297297297,2.8885110967175636
0.00015456401283172938,6469.811320754717,3.2013270037419193
0.0001549806274215723,6452.419354838709,4.899378920520884
0.00015539724201141524,6435.1206434316355,4.884559517717388
0.0001558138566012582,6417.914438502673,2.845971033048774
0.00015623047119110112,6400.799999999999,4.5961915779312825
0.00015664708578094405,6383.776595744681,3.9990600933225497
0.00015706370037078698,6366.84350132626,3.8395068700448807
0.00015748031496062994,6349.999999999999,2.5226779296082276
0.00015789692955047287,6333.245382585751,4.77850288277799
0.0001583135441403158,6316.578947368421,5.942780514865075
0.00015873015873015873,6300.0,3.592910333925048
0.0001591467733200017,6283.507853403141,3.7959012492956434
0.00015956338790984462,6267.10182767624,4.9052309156210185
0.00015998000249968755,6250.78125,5.419799756077586
0.00016039661708953048,6234.545454545455,2.2734652590484514
0.0001608132316793734,6218.39378238342,4.623716558663365
0.00016122984626921636,6202.325581395348,4.155279237615518
0.0001616464608590593,6186.340206185567,5.173638926182995
0.00016206307544890222,6170.437017994858,3.546584267386582
0.00016247969003874515,6154.615384615385,6.081922114627531
0.0001628963046285881,6138.874680306904,4.435805979295126
0.00016331291921843104,6123.214285714285,2.613018309907408
0.00016372953380827397,6107.633587786259,5.155196636338398
0.0001641461483981169,6092.131979695431,4.981605981007127
0.00016456276298795986,6076.708860759493,4.325932884778581
0.00016497937757780278,6061.363636363636,5.324460150274828
0.00016539599216764571,6046.095717884131,6.062546787408721
0.00016581260675748864,6030.904522613066,5.719677584620146
0.0001662292213473316,6015.78947368421,5.729914401512482
0.00016664583593717453,6000.75,4.12867407124523
0.00016706245052701746,5985.785536159601,6.328701149243041
0.0001674790651168604,5970.895522388059,2.7335608925929398
0.00016789567970670335,5956.079404466501,4.098704079973845
0.00016831229429654628,5941.336633663366,4.265769654234421
0.0001687289088863892,5926.666666666666,5.806964150218158
0.00016914552347623214,5912.068965517242,3.8696833006053035
0.0001695621380660751,5897.542997542997,4.0925166018066745
0.00016997875265591802,5883.088235294117,4.308896270111707
0.00017039536724576095,5868.704156479217,3.617509407152922
0.00017081198183560388,5854.390243902439,3.7954158101879103
0.00017122859642544684,5840.145985401459,1.752026032796257
0.00017164521101528977,5825.9708737864075,4.482222660983472
0.0001720618256051327,5811.86440677966,3.258354581395673
0.00017247844019497563,5797.826086956522,4.624555447704169
0.00017289505478481859,5783.855421686746,4.512628522210829
0.00017331166937466152,5769.951923076923,4.238771734942443
0.00017372828396450445,5756.115107913669,4.844190134618442
0.00017414489855434737,5742.344497607655,5.7289787915850505
0.0001745615131441903,5728.639618138425,3.3186727727568806
0.00017497812773403326,5714.999999999999,3.4129651860664536
0.0001753947423238762,5701.4251781472685,4.299077579241669
0.00017581135691371912,5687.914691943128,3.1948933828636332
0.00017622797150356205,5674.468085106383,3.3255891727509925
0.000176644586093405,5661.0849056603765,3.1923218942196656
0.00017706120068324794,5647.764705882352,5.3804934797830795
0.00017747781527309087,5634.507042253521,2.408031321529338
0.0001778944298629338,5621.311475409836,1.9398962181064185
0.00017831104445277675,5608.177570093458,3.021164944976307
0.00017872765904261968,5595.104895104895,4.899443648742009
0.0001791442736324626,5582.093023255814,3.391272075249068
0.00017956088822230554,5569.141531322506,2.9418433951293954
0.0001799775028121485,5556.249999999999,4.495192335943739
0.00018039411740199143,5543.418013856813,2.9174079827264303
0.00018081073199183436,5530.645161290322,2.9643914147873276
0.0001812273465816773,5517.931034482759,2.171666365422736
0.00018164396117152025,5505.275229357798,2.4508821775098504
0.00018206057576136318,5492.677345537757,3.282822017804713
0.0001824771903512061,5480.13698630137,4.649169495479832
0.00018289380494104904,5467.653758542141,3.6717208832590416
0.000183310419530892,5455.227272727272,3.3473720445292785
0.00018372703412073492,5442.857142857142,2.412850318743675
0.00018414364871057785,5430.542986425339,3.420516264011277
0.00018456026330042078,5418.284424379232,3.5848521651128773
0.00018497687789026374,5406.081081081081,2.064462496517456
0.00018539349248010667,5393.932584269663,1.48907700062163
0.0001858101070699496,5381.838565022421,3.0551765943067593
0.00018622672165979253,5369.798657718121,3.293254983507741
0.00018664333624963546,5357.8125,3.231587250708264
0.00018705995083947841,5345.87973273942,5.2260012843827655
0.00018747656542932134,5334.0,4.109433877583054
0.00018789318001916427,5322.172949002217,4.416977217547158
0.0001883097946090072,5310.398230088495,2.394043613451061
0.00018872640919885016,5298.675496688741,3.151527716964731
0.0001891430237886931,5287.004405286343,4.00847291935132
0.00018955963837853602,5275.384615384615,4.077284672601083
0.00018997625296837895,5263.815789473684,3.2485713392989553
0.0001903928675582219,5252.297592997811,4.240738257466426
0.00019080948214806484,5240.8296943231435,2.586138613690983
0.00019122609673790777,5229.411764705882,3.3573006258386635
0.0001916427113277507,5218.04347826087,4.0369378666443305
0.00019205932591759365,5206.724511930585,2.5086535031048123
0.00019247594050743658,5195.454545454545,2.818904357290169
0.0001928925550972795,5184.233261339093,4.408454553552311
0.00019330916968712244,5173.060344827586,5.92284165429393
0.0001937257842769654,5161.935483870967,1.6974026412477683
0.00019414239886680833,5150.8583690987125,3.4256811645630223
0.00019455901345665126,5139.828693790149,4.3154793726943685
0.0001949756280464942,5128.846153846154,3.0948885434311513
0.00019539224263633714,5117.910447761194,2.9758884172743283
0.00019580885722618007,5107.021276595744,3.0918118872515135
0.000196225471816023,5096.178343949045,3.2129907634250277
0.00019664208640586593,5085.381355932203,2.5382244172373802
0.0001970587009957089,5074.630021141648,2.8941995588289715
0.00019747531558555182,5063.924050632911,3.903850203910075
0.00019789193017539475,5053.263157894737,4.603898336520296
0.00019830854476523768,5042.64705882353,2.9891759193063163
0.00019872515935508064,5032.075471698113,3.401154338417059
0.00019914177394492357,5021.548117154812,3.971406875115229
0.0001995583885347665,5011.064718162839,4.002106470748121
0.00019997500312460943,5000.625,2.982734854700681
0.00020039161771445236,4990.2286902286905,3.423395871873347
0.0002008082323042953,4979.875518672199,3.6898450994238394
0.00020122484689413824,4969.565217391304,3.891298963624328
0.00020164146148398117,4959.297520661157,3.5766997252024204
0.0002020580760738241,4949.072164948454,3.927802080102642
0.00020247469066366706,4938.888888888889,3.8387970009852923
0.00020289130525351,4928.747433264887,2.842735000166544
0.00020330791984335292,4918.647540983607,2.5725069272764998
0.00020372453443319585,4908.588957055214,4.030417116633845
0.0002041411490230388,4898.571428571428,2.6793217500341044
0.00020455776361288173,4888.594704684318,4.043556191156368
0.00020497437820272466,4878.658536585366,3.3159956672763937
0.0002053909927925676,4868.762677484787,2.8815996482273945
0.00020580760738241055,4858.906882591093,2.130662666374747
0.00020622422197225348,4849.090909090909,4.167793469919253
0.0002066408365620964,4839.314516129032,3.7883274273360583
0.00020705745115193934,4829.577464788732,2.368954318373782
0.0002074740657417823,4819.879518072289,3.0826192025258714
0.00020789068033162523,4810.220440881763,5.690274559649429
0.00020830729492146816,4800.599999999999,4.2759782384967515
0.0002087239095113111,4791.017964071856,3.4852352041942645
0.00020914052410115404,4781.474103585657,4.094742664875575
0.00020955713869099697,4771.96819085487,4.667572506989948
0.0002099737532808399,4762.5,2.1420704141232285
0.00021039036787068283,4753.069306930693,3.4071412061642996
0.0002108069824605258,4743.675889328063,3.9607486675859445
0.00021122359705036872,4734.319526627219,2.33314026369322
0.00021164021164021165,4725.0,2.402105334024043
0.00021205682623005458,4715.717092337917,2.0490152341518826
0.00021247344081989754,4706.470588235294,2.9610944124983254
0.00021289005540974047,4697.260273972603,2.8921632187219277
0.0002133066699995834,4688.0859375,3.777347190642163
0.00021372328458942632,4678.9473684210525,2.3636731951252816
0.00021413989917926925,4669.844357976654,3.7941342512654845
0.0002145565137691122,4660.776699029126,2.6453950884031965
0.00021497312835895514,4651.7441860465115,3.743944695170411
0.00021538974294879807,4642.7466150870405,3.3362958744156077
0.000215806357538641,4633.783783783784,2.697229834308419
0.00021622297212848396,4624.855491329479,2.7495659876658434
0.0002166395867183269,4615.961538461538,3.6306298247179924
0.00021705620130816982,4607.101727447217,3.814111664442886
0.00021747281589801275,4598.275862068966,1.5584784153244118
0.0002178894304878557,4589.483747609942,2.7958666951497713
0.00021830604507769863,4580.725190839695,3.8485149266050773
0.00021872265966754156,4572.0,2.8152768950205473
0.0002191392742573845,4563.307984790875,3.14263920748369
0.00021955588884722745,4554.648956356736,4.202218461387074
0.00021997250343707038,4546.022727272727,4.353867900985078
0.0002203891180269133,4537.429111531191,1.857113919276645
0.00022080573261675624,4528.867924528302,3.6543176030393543
0.0002212223472065992,4520.338983050847,2.724377637573758
0.00022163896179644213,4511.8421052631575,2.367394735399619
0.00022205557638628506,4503.377110694184,2.479993927920359
0.00022247219097612799,4494.943820224719,3.810617994138106
0.00022288880556597094,4486.542056074766,3.55226226335689
0.00022330542015581387,4478.171641791045,2.0071964351450715
0.0002237220347456568,4469.832402234637,5.190900990103742
0.00022413864933549973,4461.5241635687735,4.343124125901118
0.0002245552639253427,4453.246753246753,2.774408791075843
0.00022497187851518562,4445.0,3.55794925099286
0.00022538849310502855,4436.783733826247,3.6263782252111976
0.00022580510769487148,4428.5977859778595,1.9577468514846554
0.00022622172228471443,4420.441988950276,2.9127068703850303
0.00022663833687455736,4412.316176470588,3.34377287910422
0.0002270549514644003,4404.220183486238,3.6423832108865386
0.00022747156605424322,4396.153846153846,3.5448281705090223
0.00022788818064408615,4388.117001828154,2.749220882287467
0.0002283047952339291,4380.109489051095,3.6388922771663967
0.00022872140982377204,4372.131147540983,2.468242246097764
0.00022913802441361497,4364.181818181818,2.7852601069522795
0.0002295546390034579,4356.261343012704,2.2437995758887084
0.00022997125359330086,4348.369565217391,3.5061553204325975
0.00023038786818314379,4340.506329113924,3.1910696930076936
0.00023080448277298672,4332.671480144404,2.3166830908674467
0.00023122109736282965,4324.864864864865,3.122341552290253
0.0002316377119526726,4317.086330935252,2.6154562576183467
0.00023205432654251553,4309.335727109515,2.463938933845168
0.00023247094113235846,4301.612903225806,3.8163190639125464
0.0002328875557222014,4293.91771019678,1.979089369933043
0.00023330417031204435,4286.25,3.0554665869660784
0.00023372078490188728,4278.609625668449,3.3192035307251957
0.0002341373994917302,4270.996441281139,3.9670608976459856
0.00023455401408157314,4263.410301953819,3.6154276433970303
0.0002349706286714161,4255.851063829787,2.267852950782252
0.00023538724326125902,4248.3185840707965,3.3072890929610796
0.00023580385785110195,4240.812720848056,3.377481752853811
0.00023622047244094488,4233.333333333333,2.1608605632285394
0.00023663708703078784,4225.880281690141,1.2155217574620358
0.00023705370162063077,4218.4534270650265,3.1884793171313417
0.0002374703162104737,4211.0526315789475,3.2958275818730214
0.00023788693080031663,4203.677758318739,2.2355765860343837
0.0002383035453901596,4196.328671328671,3.3131381251218337
0.00023872015998000252,4189.005235602094,3.495307040706143
0.00023913677456984545,4181.707317073171,2.480469668447487
0.00023955338915968838,4174.434782608696,2.7150117766587294
0.00023997000374953133,4167.1875,2.8630451960719183
0.00024038661833937426,4159.965337954939,3.817353207239721
0.0002408032329292172,4152.768166089965,3.602906200120077
0.00024121984751906012,4145.59585492228,2.635851676219036
0.00024163646210890305,4138.448275862069,2.9080242696786525
0.000242053076698746,4131.325301204819,2.1109327433690463
0.00024246969128858894,4124.226804123711,3.4700942583191803
0.00024288630587843187,4117.152658662092,2.7205792732424254
0.0002433029204682748,4110.102739726028,3.840235315610793
0.00024371953505811776,4103.076923076923,1.9017032432608083
0.00024413614964796068,4096.075085324232,2.5752813205593585
0.0002445527642378036,4089.097103918228,2.9428840452166014
0.00024496937882764654,4082.1428571428573,4.18298368704528
0.0002453859934174895,4075.212224108659,3.401247136995884
0.0002458026080073324,4068.305084745763,2.942912513573559
0.0002462192225971754,4061.421319796954,2.446683990876438
0.0002466358371870183,4054.5608108108104,2.4006926126672052
0.00024705245177686125,4047.723440134907,2.9425694097239106
0.0002474690663667042,4040.9090909090905,2.394874691194997
0.0002478856809565471,4034.1176470588234,2.3067065960156783
0.00024830229554639004,4027.3489932885905,2.317565072265164
0.00024871891013623297,4020.603015075377,2.7377652807356303
0.0002491355247260759,4013.8795986622076,2.8795969769211087
0.0002495521393159189,4007.1786310517523,2.4885744188841703
0.0002499687539057618,4000.4999999999995,2.468412727585947
0.00025038536849560474,3993.843594009983,3.7468937493821985
0.00025080198308544767,3987.209302325581,2.1891396291040754
0.0002512185976752906,3980.597014925373,3.3268403539777465
0.00025163521226513353,3974.006622516556,2.789303623328855
0.00025205182685497646,3967.438016528926,3.0439648598116
0.0002524684414448194,3960.891089108911,2.8668411257119457
0.00025288505603466237,3954.3657331136733,2.5251117044040106
0.0002533016706245053,3947.8618421052624,2.717046787704398
0.00025371828521434823,3941.379310344827,1.7597691555901607
0.00025413489980419116,3934.918032786885,3.2041010918231785
0.0002545515143940341,3928.4779050736497,3.174220433000453
0.000254968128983877,3922.0588235294117,2.9572823849607706
0.00025538474357371995,3915.6606851549755,3.5332412111817484
0.0002558013581635629,3909.28338762215,2.1902772672220094
0.0002562179727534058,3902.9268292682927,3.514672557907957
0.0002566345873432488,3896.5909090909086,2.9109084702923083
0.0002570512019330917,3890.275526742301,2.332961194058381
0.00025746781652293465,3883.9805825242715,3.145110209303479
0.0002578844311127776,3877.7059773828755,3.51385622381628
0.0002583010457026205,3871.451612903226,2.233716457396116
0.00025871766029246344,3865.217391304348,2.544839112228798
0.00025913427488230637,3859.003215434084,3.0527652077488288
0.0002595508894721493,3852.808988764045,3.678622608125376
0.0002599675040619923,3846.634615384615,1.5654947021025858
0.0002603841186518352,3840.4799999999996,2.8740303119324886
0.00026080073324167815,3834.3450479233225,3.0642977826183038
0.0002612173478315211,3828.22966507177,3.7074832855959796
0.000261633962421364,3822.1337579617834,3.0862086381858207
0.00026205057701120694,3816.0572337042927,1.3563495492588937
0.00026246719160104987,3810.0,3.2332871133456234
0.0002628838061908928,3803.961965134707,1.9942188938562104
0.0002633004207807358,3797.943037974683,3.695104623033079
0.0002637170353705787,3791.943127962085,3.6689307920496392
0.00026413364996042164,3785.96214511041,2.3985500335645455
0.00026455026455026457,3779.9999999999995,2.5571014992022554
0.0002649668791401075,3774.056603773585,4.527681717057858
0.00026538349372995043,3768.131868131868,2.4678112584922705
0.00026580010831979336,3762.2257053291537,1.9480304899692769
0.0002662167229096363,3756.3380281690143,3.4887953887592147
0.00026663333749947927,3750.4687499999995,3.400270403927668
0.0002670499520893222,3744.617784711388,1.5407084736865932
0.00026746656667916513,3738.785046728972,1.723818607951801
0.00026788318126900806,3732.9704510108863,2.194424716239684
0.000268299795858851,3727.173913043478,2.9741526477070677
0.0002687164104486939,3721.395348837209,3.114469543335732
0.00026913302503853685,3715.6346749226004,2.303215295539455
0.0002695496396283798,3709.8918083462136,2.9478454711094315
0.0002699662542182227,3704.166666666667,3.430839979812367
0.0002703828688080657,3698.459167950693,3.2114816329444515
0.0002707994833979086,3692.7692307692305,2.290456278857111
0.00027121609798775155,3687.0967741935483,3.7416637238505506
0.0002716327125775945,3681.441717791411,2.5277726176088304
0.0002720493271674374,3675.803981623277,3.245903223339499
0.00027246594175728034,3670.183486238532,2.706164295498679
0.00027288255634712327,3664.580152671756,1.9748397721330728
0.0002732991709369662,3658.9939024390246,1.6421020405018008
0.0002737157855268092,3653.4246575342463,2.599018937638226
0.0002741324001166521,3647.8723404255315,2.703940756261745
0.00027454901470649504,3642.336874051593,2.4757632384797286
0.000274965629296338,3636.8181818181815,2.5217800989650323
0.0002753822438861809,3631.3161875945534,2.751559969820961
0.00027579885847602383,3625.8308157099696,2.5659722818262036
0.00027621547306586676,3620.3619909502263,2.072778705168554
0.0002766320876557097,3614.909638554217,2.4595710636460284
0.0002770487022455527,3609.473684210526,2.505955416465855
0.0002774653168353956,3604.0540540540537,1.475814943658735
0.00027788193142523854,3598.6506746626683,2.2476661708246537
0.00027829854601508147,3593.263473053892,2.896609613492199
0.0002787151606049244,3587.892376681614,2.5135847812184267
0.0002791317751947673,3582.5373134328356,2.276630169111959
0.00027954838978461026,3577.1982116244412,3.5019219258676237
0.0002799650043744532,3571.875,4.102984180874143
0.0002803816189642961,3566.5676077265975,2.8678499241343047
0.0002807982335541391,3561.275964391691,1.9887606213547833
0.00028121484814398203,3555.9999999999995,3.344565423530377
0.00028163146273382496,3550.739644970414,1.615320691835879
0.0002820480773236679,3545.494830132939,3.261390958053282
0.0002824646919135108,3540.265486725664,3.1214271852523074
0.00028288130650335375,3535.0515463917527,2.364759561924364
0.0002832979210931967,3529.8529411764707,2.242465296263845
0.0002837145356830396,3524.6696035242294,2.750825444140894
0.0002841311502728826,3519.5014662756594,2.3637965473513387
0.0002845477648627255,3514.348462664714,2.8279276685291856
0.00028496437945256845,3509.210526315789,3.5358714324102407
0.0002853809940424114,3504.0875912408756,2.3413671861684575
0.0002857976086322543,3498.9795918367345,3.5765597552439705
0.00028621422322209724,3493.886462882096,2.317778263945876
0.00028663083781194017,3488.8081395348836,3.0298870431727427
0.0002870474524017831,3483.744557329463,1.8469550920304765
0.0002874640669916261,3478.6956521739125,1.9579394198857214
0.000287880681581469,3473.6613603473224,1.2442467678702982
0.00028829729617131194,3468.6416184971094,2.6347645574838996
0.0002887139107611549,3463.6363636363635,3.136398887198365
0.0002891305253509978,3458.6455331412103,3.264219637911678
0.00028954713994084073,3453.6690647482014,2.344784407982646
0.00028996375453068366,3448.706896551724,2.294208929394808
0.0002903803691205266,3443.758967001435,3.847723292958676
0.0002907969837103696,3438.825214899713,1.7923657257624066
0.0002912135983002125,3433.905579399141,3.149046326420919
0.00029163021289005544,3428.9999999999995,2.3991993808765826
0.00029204682747989837,3424.1084165477887,2.122003828497407
0.0002924634420697413,3419.230769230769,3.0382658142339873
0.0002928800566595842,3414.366998577525,3.6303807331067506
0.00029329667124942715,3409.5170454545455,1.9525481714386081
0.0002937132858392701,3404.68085106383,2.128196065906232
0.000294129900429113,3399.85835694051,1.7228544221834023
0.000294546515018956,3395.049504950495,1.7875576306200203
0.00029496312960879893,3390.2542372881353,1.7096999687717511
0.00029537974419864186,3385.4724964739066,1.751442038499375
0.0002957963587884848,3380.7042253521126,1.39234644279121
0.0002962129733783277,3375.9493670886077,2.01413443292211
0.00029662958796817065,3371.2078651685392,2.7342441479389223
0.0002970462025580136,3366.4796633941096,2.3032895264484865
0.0002974628171478565,3361.764705882353,3.040445470041494
0.0002978794317376995,3357.0629370629367,2.386509448665084
0.0002982960463275424,3352.374301675977,2.210101116405911
0.00029871266091738535,3347.6987447698743,2.531988819465882
0.0002991292755072283,3343.036211699164,2.7058709440828492
0.0002995458900970712,3338.386648122392,1.3741717673042764
0.00029996250468691414,3333.75,2.252081937487597
0.00030037911927675707,3329.126213592233,2.3017927217920477
0.0003007957338666,3324.5152354570637,3.142372099361831
0.000301212348456443,3319.9170124481325,1.8646923633317016
0.0003016289630462859,3315.331491712707,2.542089186036343
0.00030204557763612884,3310.758620689655,3.2882337784325677
0.00030246219222597177,3306.1983471074377,3.954938203224441
0.0003028788068158147,3301.650618982118,2.2231017968479114
0.00030329542140565763,3297.1153846153848,2.698261622038014
0.00030371203599550056,3292.5925925925926,2.6205570245644223
0.0003041286505853435,3288.082191780822,1.4720718294346913
0.0003045452651751865,3283.584131326949,1.4804604651808606
0.0003049618797650294,3279.0983606557375,3.116562809238858
0.00030537849435487233,3274.62482946794,2.8680333961214024
0.00030579510894471526,3270.1634877384195,2.0648038304948066
0.0003062117235345582,3265.714285714286,2.3961608555943923
0.0003066283381244011,3261.2771739130435,2.3898594573067236
0.00030704495271424405,3256.8521031207597,2.6501491453311705
0.000307461567304087,3252.439024390244,1.6175851067444866
0.0003078781818939299,3248.037889039242,2.132164034693244
0.0003082947964837729,3243.6486486486483,2.0961383258034845
0.0003087114110736158,3239.2712550607284,1.9058913569256484
0.00030912802566345876,3234.9056603773583,2.6542040563463574
0.0003095446402533017,3230.551816958277,2.883432132570849
0.0003099612548431446,3226.2096774193546,1.8782974092782894
0.00031037786943298755,3221.8791946308725,1.8160857916353648
0.0003107944840228305,3217.5603217158177,2.2430875642145836
0.0003112110986126734,3213.253012048193,3.3351593680870213
0.0003116277132025164,3208.9572192513365,2.8665842508635855
0.0003120443277923593,3204.672897196261,1.8349041618348192
0.00031246094238220225,3200.3999999999996,2.2242639156744697
0.0003128775569720452,3196.1384820239678,2.158316675035616
0.0003132941715618881,3191.8882978723404,1.6648123099877867
0.00031371078615173104,3187.6494023904384,2.48866916616429
0.00031412740074157397,3183.42175066313,1.1812878723841396
0.0003145440153314169,3179.2052980132453,3.038575898431652
0.0003149606299212599,3174.9999999999995,2.4648095609814575
0.0003153772445111028,3170.8058124174368,1.6731326302966303
0.00031579385910094574,3166.6226912928755,2.581136601438811
0.00031621047369078867,3162.4505928853755,1.4988453708271798
0.0003166270882806316,3158.2894736842104,2.294276221055953
0.00031704370287047453,3154.1392904073587,3.4657760763049725
0.00031746031746031746,3150.0,1.6504476233848004
0.0003178769320501604,3145.8715596330276,1.945748108749329
0.0003182935466400034,3141.7539267015704,2.045803710764293
0.0003187101612298463,3137.6470588235293,1.2820027762598702
0.00031912677581968923,3133.55091383812,2.6075145348534505
0.00031954339040953216,3129.465449804433,2.8192895705767564
0.0003199600049993751,3125.390625,2.407858992946212
0.000320376619589218,3121.3263979193757,2.75233071487954
0.00032079323417906095,3117.2727272727275,2.701255022638954
0.0003212098487689039,3113.229571984436,2.409447710369298
0.0003216264633587468,3109.19689119171,2.4974010743744772
0.0003220430779485898,3105.174644243208,2.5063418502110477
0.0003224596925384327,3101.162790697674,2.9896527845300884
0.00032287630712827566,3097.1612903225805,1.9640004101211623
0.0003232929217181186,3093.1701030927834,2.1859494067309497
0.0003237095363079615,3089.189189189189,3.231271052805645
0.00032412615089780444,3085.218508997429,2.6563618767740134
0.0003245427654876474,3081.2580231065467,2.726985157727472
0.0003249593800774903,3077.3076923076924,1.7030449139181092
0.0003253759946673333,3073.3674775928293,2.3592200762350664
0.0003257926092571762,3069.437340153452,1.2508931819357052
0.00032620922384701915,3065.5172413793102,2.849932347470885
0.0003266258384368621,3061.6071428571427,2.4554076498493043
0.000327042453026705,3057.707006369427,2.7350168230504788
0.00032745906761654794,3053.8167938931297,3.439743576565259
0.00032787568220639087,3049.9364675984752,3.375166897158974
0.0003282922967962338,3046.0659898477156,2.721747429275687
0.0003287089113860768,3042.205323193916,1.9210978221306036
0.0003291255259759197,3038.3544303797466,3.106580908022259
0.00032954214056576264,3034.513274336283,2.249028706284405
0.00032995875515560557,3030.681818181818,2.7419295322377533
0.0003303753697454485,3026.8600252206807,2.1079580268193703
0.00033079198433529143,3023.0478589420654,1.9594020823717846
0.00033120859892513436,3019.245283018868,2.2734188976134058
0.0003316252135149773,3015.452261306533,3.5309859556348724
0.00033204182810482027,3011.668757841907,2.389847579765039
0.0003324584426946632,3007.894736842105,1.8863303529490403
0.00033287505728450613,3004.130162703379,2.0120228605885853
0.00033329167187434906,3000.375,2.7675472582074385
0.000333708286464192,2996.629213483146,1.7212167609948592
0.0003341249010540349,2992.8927680798006,2.7072389380773516
0.00033454151564387785,2989.165628891656,1.808470862075679
0.0003349581302337208,2985.4477611940297,1.781810395605226
0.0003353747448235637,2981.7391304347825,2.987020096411824
0.0003357913594134067,2978.0397022332504,2.73363102860331
0.0003362079740032496,2974.3494423791817,2.1856325631217177
0.00033662458859309255,2970.668316831683,1.3917536032754987
0.0003370412031829355,2966.9962917181706,2.596278289347382
0.0003374578177727784,2963.333333333333,2.069663879297405
0.00033787443236262134,2959.6794081381013,2.5108678246499014
0.0003382910469524643,2956.034482758621,2.97135195122668
0.0003387076615423072,2952.39852398524,3.1863086204666087
0.0003391242761321502,2948.7714987714985,2.848944147460744
0.0003395408907219931,2945.1533742331285,2.017881162076911
0.00033995750531183605,2941.5441176470586,3.3258732481339095
0.000340374119901679,2937.9436964504284,1.1449215870018958
0.0003407907344915219,2934.3520782396085,2.1251789281370104
0.00034120734908136484,2930.769230769231,1.931521275469051
0.00034162396367120777,2927.1951219512193,0.8680259732156557
0.0003420405782610507,2923.629719853837,2.0239755434966407
0.0003424571928508937,2920.0729927007296,1.6387270624958397
0.0003428738074407366,2916.5249088699875,2.1644474066928896
0.00034329042203057954,2912.9854368932038,1.763723761209697
0.00034370703662042247,2909.4545454545455,1.8888875983606832
0.0003441236512102654,2905.93220338983,2.653514212679702
0.00034454026580010833,2902.4183796856105,1.6776755155453957
0.00034495688038995126,2898.913043478261,1.9027376164787129
0.0003453734949797942,2895.416164053076,1.9567401743751296
0.00034579010956963717,2891.927710843373,2.936831145746158
0.0003462067241594801,2888.4476534296027,2.213959993054726
0.00034662333874932303,2884.9759615384614,1.7638660782957107
0.00034703995333916596,2881.5126050420167,2.564559983008888
0.0003474565679290089,2878.0575539568345,1.7974343823411205
0.0003478731825188518,2874.6107784431138,1.443167948876416
0.00034828979710869475,2871.1722488038276,2.5914615581861105
0.0003487064116985377,2867.741935483871,1.6205741245903083
0.0003491230262883806,2864.3198090692126,1.9851857428215636
0.0003495396408782236,2860.9058402860546,2.500607656724221
0.0003499562554680665,2857.4999999999995,2.341329819219893
0.00035037287005790945,2854.10225921522,1.941397296773906
0.0003507894846477524,2850.7125890736343,2.966479011017382
0.0003512060992375953,2847.3309608540926,1.9396507267064838
0.00035162271382743824,2843.957345971564,0.6575273770853839
0.00035203932841728117,2840.591715976331,2.029651768309392
0.0003524559430071241,2837.2340425531916,1.6638459520836428
0.0003528725575969671,2833.8842975206608,2.943930774084068
0.00035328917218681,2830.5424528301883,3.031378680027037
0.00035370578677665294,2827.208480565371,1.4958116387325675
0.0003541224013664959,2823.882352941176,3.0207928811331026
0.0003545390159563388,2820.5640423031728,2.369057508139483
0.00035495563054618173,2817.2535211267605,2.303996902390682
0.00035537224513602466,2813.9507620164127,2.74128215709568
0.0003557888597258676,2810.655737704918,2.2490592383682433
0.0003562054743157106,2807.368421052631,2.8639891602564083
0.0003566220889055535,2804.088785046729,2.9038491590361866
0.00035703870349539644,2800.8168028004666,1.6661663059161418
0.00035745531808523937,2797.5524475524476,3.0792252828190647
0.0003578719326750823,2794.2956926658903,2.1633617296818093
0.0003582885472649252,2791.046511627907,2.0145206401605935
0.00035870516185476816,2787.8048780487807,1.3210110466296219
0.0003591217764446111,2784.570765661253,1.8592293824240071
0.00035953839103445407,2781.3441483198144,1.2841157725956807
0.000359955005624297,2778.1249999999995,1.938841527344966
0.00036037162021413993,2774.9132947976877,2.2351609000022914
0.00036078823480398286,2771.7090069284063,2.686604831730427
0.0003612048493938258,2768.5121107266436,2.1238724853728925
0.0003616214639836687,2765.322580645161,2.2092419169191655
0.00036203807857351165,2762.140391254315,3.1921624072580337
0.0003624546931633546,2758.9655172413795,2.921066222442895
0.0003628713077531975,2755.7979334098736,1.8531369409367728
0.0003632879223430405,2752.637614678899,2.687300001070495
0.0003637045369328834,2749.484536082474,2.9631684008551025
0.00036412115152272635,2746.3386727688785,2.754861484412834
0.0003645377661125693,2743.2,1.530117493460107
0.0003649543807024122,2740.068493150685,2.5363836851516255
0.00036537099529225514,2736.944127708096,2.297403700299397
0.00036578760988209807,2733.8268792710705,2.3231981910901163
0.000366204224471941,2730.716723549488,2.237439895807214
0.000366620839061784,2727.613636363636,1.6232591153074605
0.0003670374536516269,2724.5175936435867,2.816087664012594
0.00036745406824146984,2721.428571428571,2.0587316176267563
0.0003678706828313128,2718.3465458663645,2.892631014838982
0.0003682872974211557,2715.2714932126696,2.6084052849472714
0.00036870391201099863,2712.2033898305085,0.5949974032396169
0.00036912052660084156,2709.142212189616,2.3631421728877267
0.0003695371411906845,2706.0879368658398,3.0433677040294453
0.0003699537557805275,2703.0405405405404,1.5697021727643383
0.0003703703703703704,2699.9999999999995,1.8196449516320354
0.00037078698496021334,2696.9662921348313,2.1110018736750717
0.00037120359955005627,2693.939393939394,1.8625509502595805
0.0003716202141398992,2690.9192825112104,1.2492995877236694
0.0003720368287297421,2687.9059350503917,2.499466730786377
0.00037245344331958505,2684.8993288590605,2.371129158259167
0.000372870057909428,2681.8994413407822,2.556825582678557
0.0003732866724992709,2678.90625,2.4235342292835593
0.0003737032870891139,2675.9197324414713,1.9003063161117335
0.00037411990167895683,2672.93986636971,2.371612139576107
0.00037453651626879976,2669.9666295884313,1.3600119808199664
0.0003749531308586427,2667.0,2.1838987006912136
0.0003753697454484856,2664.0399556048833,3.159039243044303
0.00037578636003832855,2661.0864745011086,1.885731024679367
0.0003762029746281715,2658.139534883721,2.085050904701207
0.0003766195892180144,2655.1991150442477,2.543493077790358
0.0003770362038078574,2652.2651933701654,1.8024998567062733
0.0003774528183977003,2649.3377483443705,2.4157724543289123
0.00037786943298754325,2646.4167585446526,1.9607949246518368
0.0003782860475773862,2643.5022026431716,3.8223725450628976
0.0003787026621672291,2640.5940594059407,2.1006853990175287
0.00037911927675707204,2637.6923076923076,1.921077340839438
0.00037953589134691497,2634.796926454446,1.4571215267353408
0.0003799525059367579,2631.907894736842,1.9600154561310488
0.0003803691205266009,2629.025191675794,2.0071142055442985
0.0003807857351164438,2626.1487964989055,1.0123729083893742
0.00038120234970628674,2623.27868852459,3.5972688947287534
0.00038161896429612967,2620.4148471615717,3.000428727311855
0.0003820355788859726,2617.5572519083967,1.4426719892436257
0.00038245219347581553,2614.705882352941,2.170374692968103
0.00038286880806565846,2611.860718171926,1.5820080715250904
0.0003832854226555014,2609.021739130435,2.0431491933484476
0.0003837020372453444,2606.188925081433,1.9815422121823407
0.0003841186518351873,2603.3622559652927,1.7235603069547445
0.00038453526642503023,2600.5417118093173,1.4084516324619378
0.00038495188101487316,2597.7272727272725,1.5502589642595779
0.0003853684956047161,2594.9189189189187,1.4797223500086603
0.000385785110194559,2592.1166306695463,2.1969712199954907
0.00038620172478440195,2589.3203883495144,2.1194825780923274
0.0003866183393742449,2586.530172413793,2.906060622812498
0.0003870349539640878,2583.745963401507,2.75541206431809
0.0003874515685539308,2580.9677419354834,2.2236746771899716
0.0003878681831437737,2578.1954887218044,2.000112810603306
0.00038828479773361666,2575.4291845493563,2.0604223322882036
0.0003887014123234596,2572.668810289389,2.2709819576148553
0.0003891180269133025,2569.9143468950747,2.7420085783330634
0.00038953464150314545,2567.1657754010694,1.597564504830377
0.0003899512560929884,2564.423076923077,2.2594524345790257
0.0003903678706828313,2561.6862326574173,1.0149944697249376
0.0003907844852726743,2558.955223880597,0.8990460865140881
0.0003912010998625172,2556.230031948882,1.4731605141181567
0.00039161771445236015,2553.510638297872,2.283646131024519
0.0003920343290422031,2550.7970244420826,1.8408954737698555
0.000392450943632046,2548.0891719745223,2.086029717830405
0.00039286755822188894,2545.3870625662776,1.9730594344001793
0.00039328417281173187,2542.6906779661017,1.1957427475584677
0.0003937007874015748,2540.0,1.8500884994760243
0.0003941174019914178,2537.315010570824,2.6572566348236606
0.0003945340165812607,2534.6356916578666,1.9413790223351222
0.00039495063117110364,2531.9620253164553,1.8905825167458785
0.00039536724576094657,2529.293993677555,2.1941280565691006
0.0003957838603507895,2526.6315789473683,2.011658103686582
0.00039620047494063243,2523.97476340694,1.9009986014089233
0.00039661708953047536,2521.323529411765,0.5837180092371577
0.0003970337041203183,2518.6778593913955,3.0769542616558976
0.0003974503187101613,2516.0377358490564,0.3752982453460519
0.0003978669333000042,2513.4031413612565,2.8800565032259025
0.00039828354788984713,2510.774058577406,2.6016792341041
0.00039870016247969006,2508.1504702194356,2.216705384976967
0.000399116777069533,2505.5323590814196,1.356941394967287
0.0003995333916593759,2502.919708029197,1.5257274128057023
0.00039995000624921885,2500.3125,1.8960795512697126
0.0004003666208390618,2497.710718002081,1.789026293615478
0.0004007832354289047,2495.1143451143453,2.1410710189019264
0.0004011998500187477,2492.523364485981,2.00911386519596
0.0004016164646085906,2489.9377593360996,2.393831748766013
0.00040203307919843356,2487.357512953368,2.9923999323325066
0.0004024496937882765,2484.782608695652,0.5323271896983418
0.0004028663083781194,2482.2130299896585,3.29536733121087
0.00040328292296796234,2479.6487603305786,2.0661423435746924
0.0004036995375578053,2477.0897832817336,1.3452549308599588
0.0004041161521476482,2474.536082474227,3.399763245968464
0.0004045327667374912,2471.987641606591,3.465939237517757
0.0004049493813273341,2469.4444444444443,1.9567486016324414
0.00040536599591717705,2466.9064748201436,2.3713073464121757
0.00040578261050702,2464.3737166324436,2.9440192933323885
0.0004061992250968629,2461.846153846154,2.7596120987222625
0.00040661583968670584,2459.3237704918033,1.1036607888720549
0.00040703245427654877,2456.806550665302,2.4020870589995034
0.0004074490688663917,2454.294478527607,2.235289469973818
0.0004078656834562347,2451.787538304392,1.6555182592750775
0.0004082822980460776,2449.285714285714,1.962297652400495
0.00040869891263592054,2446.788990825688,2.9890890465592306
0.00040911552722576347,2444.297352342159,1.1677660420123335
0.0004095321418156064,2441.8107833163785,1.3324456046946005
0.00040994875640544933,2439.329268292683,1.291911499656201
0.00041036537099529226,2436.8527918781724,2.405520821438473
0.0004107819855851352,2434.3813387423934,2.3266057644684968
0.00041119860017497817,2431.914893617021,1.6884796420527588
0.0004116152147648211,2429.4534412955463,1.6319770239480662
0.00041203182935466403,2426.9969666329625,0.7329650482268123
0.00041244844394450696,2424.5454545454545,1.4006048173351893
0.0004128650585343499,2422.0988900100906,2.7092416244646107
0.0004132816731241928,2419.657258064516,1.8549484449374665
0.00041369828771403575,2417.2205438066467,2.1137742080272988
0.0004141149023038787,2414.788732394366,1.7916555760754218
0.0004145315168937216,2412.361809045226,2.7815484127002637
0.0004149481314835646,2409.9397590361446,1.4100303534717162
0.0004153647460734075,2407.522567703109,1.3131119026192422
0.00041578136066325045,2405.1102204408817,1.575392044747645
0.0004161979752530934,2402.7027027027025,3.1056078475326987
0.0004166145898429363,2400.2999999999997,2.593328255014036
0.00041703120443277924,2397.902097902098,2.6286909030531693
0.0004174478190226222,2395.508982035928,2.0053648672021573
0.0004178644336124651,2393.120638085743,1.5348374407123015
0.0004182810482023081,2390.7370517928284,1.8945695606278794
0.000418697662792151,2388.3582089552237,2.379583672891826
0.00041911427738199395,2385.984095427435,1.6570368281273857
0.0004195308919718369,2383.614697120159,1.3583528275878096
0.0004199475065616798,2381.25,0.9529867689020853
0.00042036412115152274,2378.889990089197,3.1080667727066786
0.00042078073574136567,2376.5346534653463,2.6186261140290354
0.0004211973503312086,2374.1839762611276,1.5500175245621701
0.0004216139649210516,2371.8379446640315,3.2372199746231978
0.0004220305795108945,2369.4965449160904,2.688333175945864
0.00042244719410073744,2367.1597633136093,2.57003749780718
0.00042286380869058037,2364.8275862068963,1.7219576364898364
0.0004232804232804233,2362.5,3.5180509064644467
0.00042369703787026623,2360.1769911504425,1.758680969713983
0.00042411365246010916,2357.8585461689586,2.098745398612362
0.0004245302670499521,2355.5446516192346,1.8613230360640745
0.00042494688163979507,2353.235294117647,2.7942832929702304
0.000425363496229638,2350.9304603330065,1.7578609038740747
0.00042578011081948093,2348.6301369863013,3.1001346523068696
0.00042619672540932386,2346.3343108504396,1.9562111718590145
0.0004266133399991668,2344.04296875,2.272773285650204
0.0004270299545890097,2341.7560975609754,1.0353697805306097
0.00042744656917885265,2339.4736842105262,2.9827424597889673
0.0004278631837686956,2337.1957156767285,1.77619015536255
0.0004282797983585385,2334.922178988327,1.1239027321177013
0.0004286964129483815,2332.6530612244896,2.634929921156581
0.0004291130275382244,2330.388349514563,2.0785175324005105
0.00042952964212806735,2328.128031037827,1.203430896557344
0.0004299462567179103,2325.8720930232557,2.3894001789592134
0.0004303628713077532,2323.6205227492737,2.7402870503713497
0.00043077948589759614,2321.3733075435202,2.3786357241285048
0.00043119610048743907,2319.1304347826085,2.3416419896916767
0.000431612715077282,2316.891891891892,1.7095341619935134
0.000432029329667125,2314.6576663452265,2.1945016490919502
0.0004324459442569679,2312.4277456647396,2.1729513609408917
0.00043286255884681085,2310.2021174205966,1.5060292998242657
0.0004332791734366538,2307.980769230769,2.155127111785749
0.0004336957880264967,2305.763688760807,1.9531326977305963
0.00043411240261633963,2303.5508637236085,2.3134528314817
0.00043452901720618256,2301.3422818791946,0.9463542987698058
0.0004349456317960255,2299.137931034483,2.3669606686400813
0.0004353622463858685,2296.937799043062,2.0234976649439007
0.0004357788609757114,2294.741873804971,1.213366037387486
0.00043619547556555434,2292.5501432664755,2.4267502296178436
0.00043661209015539727,2290.3625954198474,3.3536873922818806
0.0004370287047452402,2288.1792183031457,2.4505567362590566
0.0004374453193350831,2286.0,1.2891929659332988
0.00043786193392492606,2283.824928639391,2.388508447315659
0.000438278548514769,2281.6539923954374,3.287346139385735
0.00043869516310461197,2279.487179487179,1.5151866168591266
0.0004391117776944549,2277.324478178368,1.893938283883576
0.00043952839228429783,2275.165876777251,1.2201142112138912
0.00043994500687414076,2273.0113636363635,2.9970757481639065
0.0004403616214639837,2270.860927152318,2.356828319522859
0.0004407782360538266,2268.7145557655954,2.5479686056550657
0.00044119485064366955,2266.57223796034,2.431727329450468
0.0004416114652335125,2264.433962264151,1.8535068738890903
0.0004420280798233554,2262.2997172478795,2.0080071066603784
0.0004424446944131984,2260.1694915254234,2.6227755903846752
0.0004428613090030413,2258.0432737535275,1.7010800814269358
0.00044327792359288425,2255.9210526315787,1.4511251300208687
0.0004436945381827272,2253.8028169014083,1.6703293187095027
0.0004441111527725701,2251.688555347092,1.9571781923339178
0.00044452776736241304,2249.5782567947517,1.4778107668220835
0.00044494438195225597,2247.4719101123596,1.6515148130292867
0.0004453609965420989,2245.3695042095414,1.8767942904405457
0.0004457776111319419,2243.271028037383,3.422875771129132
0.0004461942257217848,2241.176470588235,1.9927779934746415
0.00044661084031162774,2239.0858208955224,2.145663339504647
0.0004470274549014707,2236.999068033551,1.744238807090009
0.0004474440694913136,2234.9162011173185,1.5229617351760794
0.00044786068408115653,2232.8372093023254,2.1246720683735965
0.00044827729867099946,2230.7620817843867,2.0245286310922648
0.0004486939132608424,2228.690807799443,1.464331818101765
0.0004491105278506854,2226.6233766233763,0.8728565663928542
0.0004495271424405283,2224.5597775718256,2.4749324334455154
0.00044994375703037124,2222.5,3.0387242480121692
0.00045036037162021417,2220.4440333024977,2.136960307207397
0.0004507769862100571,2218.3918669131235,1.33947044019586
0.0004511936007999,2216.343490304709,3.307222644516199
0.00045161021538974296,2214.2988929889298,1.886061157626825
0.0004520268299795859,2212.2580645161293,1.3221410070062767
0.00045244344456942887,2210.220994475138,2.2589474125215974
0.0004528600591592718,2208.1876724931,2.463415121711563
0.00045327667374911473,2206.158088235294,1.3153506207078942
0.00045369328833895766,2204.1322314049585,1.791220744132076
0.0004541099029288006,2202.110091743119,2.16092776583257
0.0004545265175186435,2200.091659028414,1.768788761552636
0.00045494313210848645,2198.076923076923,2.9245470647014766
0.0004553597466983294,2196.0658737419944,1.7429399515178787
0.0004557763612881723,2194.058500914077,3.7171689688978264
0.0004561929758780153,2192.0547945205476,2.398357648909651
0.0004566095904678582,2190.0547445255474,2.273681362784786
0.00045702620505770115,2188.0583409298083,2.4778826101263287
0.0004574428196475441,2186.0655737704915,2.836880892077503
0.000457859434237387,2184.076433121019,2.0832181123487308
0.00045827604882722994,2182.090909090909,2.886595022507766
0.00045869266341707287,2180.108991825613,2.872085332260716
0.0004591092780069158,2178.130671506352,1.0841412663021572
0.0004595258925967588,2176.1559383499543,2.12387217729969
0.0004599425071866017,2174.1847826086955,2.3471012340053803
0.00046035912177644464,2172.2171945701357,2.861416693829035
0.00046077573636628757,2170.253164556962,0.9998843795492336
0.0004611923509561305,2168.292682926829,1.6949104841034985
0.00046160896554597343,2166.335740072202,3.5043009776806375
0.00046202558013581636,2164.3823264201983,1.7531328273634916
0.0004624421947256593,2162.4324324324325,2.0423791794451303
0.0004628588093155023,2160.48604860486,2.568953565179392
0.0004632754239053452,2158.543165467626,2.878517960204694
0.00046369203849518813,2156.6037735849054,0.6301868057703771
0.00046410865308503106,2154.6678635547573,2.3293011703178412
0.000464525267674874,2152.7354260089687,1.9390640602753713
0.0004649418822647169,2150.806451612903,2.462757452916816
0.00046535849685455985,2148.8809310653537,0.8749015722384537
0.0004657751114444028,2146.95885509839,2.5335031064618287
0.00046619172603424577,2145.0402144772115,2.4759342135590097
0.0004666083406240887,2143.125,2.0554157927184393
0.0004670249552139316,2141.2132024977695,1.5641459466186054
0.00046744156980377456,2139.3048128342243,3.5394579816544662
0.0004678581843936175,2137.3998219056098,2.19963979981716
0.0004682747989834604,2135.4982206405693,2.3324445207015354
0.00046869141357330335,2133.6,2.0479506268823253
0.0004691080281631463,2131.7051509769094,1.5931273796157663
0.0004695246427529892,2129.813664596273,0.8997475750128229
0.0004699412573428322,2127.9255319148933,1.8301674019445549
0.0004703578719326751,2126.0407440212575,3.580470442419378
0.00047077448652251805,2124.1592920353983,2.1917422885412314
0.000471191101112361,2122.2811671087534,1.422940720459873
0.0004716077157022039,2120.406360424028,2.6770628234639484
0.00047202433029204684,2118.5348631950574,2.8311088345711797
0.00047244094488188977,2116.6666666666665,0.7809909066670819
0.0004728575594717327,2114.8017621145373,1.5831227856832735
0.0004732741740615757,2112.9401408450703,2.3627330910191553
0.0004736907886514186,2111.0817941952505,1.0438048070142658
0.00047410740324126154,2109.2267135325133,2.206743349817072
0.00047452401783110447,2107.374890254609,2.0679452890968157
0.0004749406324209474,2105.5263157894738,2.2577681131980705
0.00047535724701079033,2103.680981595092,1.0984162051818664
0.00047577386160063326,2101.8388791593693,2.3145546125279406
0.0004761904761904762,2100.0,1.4055434802373403
0.0004766070907803192,2098.1643356643353,0.7088524819536199
0.0004770237053701621,2096.3318777292575,1.647941877593535
0.00047744031996000503,2094.502617801047,2.7387122437900606
0.00047785693454984796,2092.676547515257,2.122847606035041
0.0004782735491396909,2090.8536585365855,1.7118023869990642
0.0004786901637295338,2089.0339425587467,1.7119108225919755
0.00047910677831937675,2087.217391304348,2.25394511156034
0.0004795233929092197,2085.403996524761,2.2281079711858607
0.00047994000749906267,2083.59375,1.7877883910090573
0.0004803566220889056,2081.786643538595,1.9289384465313115
0.0004807732366787485,2079.9826689774695,2.435902568045985
0.00048118985126859146,2078.181818181818,1.4060220800323506
0.0004816064658584344,2076.3840830449826,2.4063738594287973
0.0004820230804482773,2074.5894554883316,2.8134625117293015
0.00048243969503812024,2072.79792746114,1.0480171250644388
0.0004828563096279632,2071.009490940466,2.0549253334640825
0.0004832729242178061,2069.2241379310344,1.6236769197229939
0.0004836895388076491,2067.441860465116,4.522601862794558
0.000484106153397492,2065.6626506024095,1.8911169745750727
0.00048452276798733495,2063.8865004299223,2.9527367271095106
0.0004849393825771779,2062.1134020618556,3.2609976606675235
0.0004853559971670208,2060.343347639485,2.1135052993368837
0.00048577261175686374,2058.576329331046,1.4984386621543144
0.00048618922634670667,2056.8123393316196,1.9951058716917722
0.0004866058409365496,2055.051369863014,2.0372608195469284
0.0004870224555263926,2053.2934131736524,1.0405696752898905
0.0004874390701162355,2051.5384615384614,2.966002402720491
0.00048785568470607844,2049.786507258753,1.8493465313139943
0.00048827229929592137,2048.037542662116,1.927632690600027
0.0004886889138857643,2046.2915601023017,2.6428909517388544
0.0004891055284756072,2044.548551959114,1.3408085574391742
0.0004895221430654502,2042.8085106382978,1.9281659440255015
0.0004899387576552931,2041.0714285714287,2.1668210842563793
0.000490355372245136,2039.337298215803,2.740149956812678
0.000490771986834979,2037.6061120543295,2.7733961415047745
0.0004911886014248219,2035.8778625954199,1.8493016779682303
0.0004916052160146648,2034.1525423728815,1.5073466957523793
0.0004920218306045078,2032.4301439458084,2.109768119021641
0.0004924384451943508,2030.710659898477,3.2864224126806985
0.0004928550597841937,2028.9940828402364,1.1597156966082791
0.0004932716743740366,2027.2804054054052,1.8611872096819255
0.0004936882889638796,2025.5696202531644,2.804156091781721
0.0004941049035537225,2023.8617200674535,1.9182649484461767
0.0004945215181435654,2022.156697556866,2.6749141191344865
0.0004949381327334084,2020.4545454545453,1.4516096017162863
0.0004953547473232513,2018.7552565180824,3.2484660123450104
0.0004957713619130942,2017.0588235294117,2.151142841585954
0.0004961879765029371,2015.3652392947104,0.8039247446115577
0.0004966045910927801,2013.6744966442952,2.1575623936127686
0.000497021205682623,2011.9865884325231,2.3481296569018926
0.0004974378202724659,2010.3015075376884,1.8209141938792222
0.0004978544348623089,2008.6192468619247,2.0100813706959006
0.0004982710494521518,2006.9397993311038,2.198562850019469
0.0004986876640419947,2005.2631578947369,1.3426939823066695
0.0004991042786318378,2003.5893155258761,1.1717900279629765
0.0004995208932216807,2001.9182652210172,1.725753876513325
0.0004999375078115236,2000.2499999999998,2.5068578362941536
0.0005003541224013665,1998.5845129059114,1.0815903846059085
0.0005007707369912095,1996.9217970049915,1.0311597201926705
0.0005011873515810524,1995.2618453865334,1.9589709680290672
0.0005016039661708953,1993.6046511627906,1.8189106495053482
0.0005020205807607383,1991.9502074688796,1.517353949520204
0.0005024371953505812,1990.2985074626865,2.952218692483792
0.0005028538099404241,1988.649544324772,2.4143910725431277
0.0005032704245302671,1987.003311258278,1.9870112411733751
0.00050368703912011,1985.3598014888337,2.459294913963398
0.0005041036537099529,1983.719008264463,2.48669785011195
0.0005045202682997958,1982.0809248554913,0.5668259153283844
0.0005049368828896388,1980.4455445544554,2.1366747397377086
0.0005053534974794817,1978.81286067601,2.1702789919437318
0.0005057701120693247,1977.1828665568366,2.3225626432345248
0.0005061867266591677,1975.5555555555552,1.3766859214255072
0.0005066033412490106,1973.9309210526312,1.3876530331235624
0.0005070199558388535,1972.3089564502873,1.6989367237849802
0.0005074365704286965,1970.6896551724135,1.495317598056015
0.0005078531850185394,1969.073010664479,1.1380071214642293
0.0005082697996083823,1967.4590163934424,1.9103584105540035
0.0005086864141982253,1965.8476658476657,1.8943318122771533
0.0005091030287880682,1964.2389525368249,1.8067348166961519
0.0005095196433779111,1962.6328699918233,2.16966624584625
0.000509936257967754,1961.0294117647059,1.542476234183811
0.000510352872557597,1959.4285714285713,1.5363315267012587
0.0005107694871474399,1957.8303425774877,1.9863760733716063
0.0005111861017372828,1956.234718826406,2.2097676088072236
0.0005116027163271258,1954.641693811075,1.2506072557793182
0.0005120193309169687,1953.0512611879578,1.2697987703319416
0.0005124359455068116,1951.4634146341464,2.9790153045654657
0.0005128525600966547,1949.8781478472783,3.0376828430046654
0.0005132691746864976,1948.2954545454543,1.5316764725050864
0.0005136857892763405,1946.715328467153,1.7977510421067548
0.0005141024038661834,1945.1377633711504,1.32735352699009
0.0005145190184560264,1943.562753036437,2.438388947931751
0.0005149356330458693,1941.9902912621358,0.8642372041293677
0.0005153522476357122,1940.420371867421,1.6977297305295673
0.0005157688622255552,1938.8529886914378,2.1287228179679882
0.0005161854768153981,1937.2881355932202,1.246459333434357
0.000516602091405241,1935.725806451613,1.0939462290714956
0.000517018705995084,1934.1659951651893,1.7023643180756545
0.0005174353205849269,1932.608695652174,1.9808488719877402
0.0005178519351747698,1931.053901850362,1.093474354667104
0.0005182685497646127,1929.501607717042,1.8078383821446882
0.0005186851643544557,1927.9518072289156,2.1389803407838195
0.0005191017789442986,1926.4044943820224,1.447643703652127
0.0005195183935341416,1924.8596631916596,1.7269898412957718
0.0005199350081239846,1923.3173076923074,3.2206726119335736
0.0005203516227138275,1921.77742193755,1.7057759474973866
0.0005207682373036704,1920.2399999999998,0.7877124176418276
0.0005211848518935134,1918.7050359712227,2.0668121018871806
0.0005216014664833563,1917.1725239616612,1.7831376271901889
0.0005220180810731992,1915.6424581005585,2.6576426848181347
0.0005224346956630422,1914.114832535885,1.8321365897478765
0.0005228513102528851,1912.5896414342628,3.236513380567671
0.000523267924842728,1911.0668789808917,1.2570088636160228
0.0005236845394325709,1909.546539379475,1.675723153206124
0.0005241011540224139,1908.0286168521463,1.9683597214117787
0.0005245177686122568,1906.5131056393964,1.164234446725316
0.0005249343832020997,1905.0,2.25392913032478
0.0005253509977919427,1903.4892942109439,2.404029571345796
0.0005257676123817856,1901.9809825673535,2.478075369731935
0.0005261842269716285,1900.4750593824228,1.8300952589107438
0.0005266008415614716,1898.9715189873416,2.053560977004388
0.0005270174561513145,1897.470355731225,1.4882412549209287
0.0005274340707411574,1895.9715639810424,2.830309966058247
0.0005278506853310003,1894.4751381215467,2.1283014129258846
0.0005282672999208433,1892.981072555205,2.727550565165207
0.0005286839145106862,1891.4893617021276,2.815614457685224
0.0005291005291005291,1889.9999999999998,3.0417030470581756
0.0005295171436903721,1888.5129819040126,1.5708238302350066
0.000529933758280215,1887.0283018867924,2.389262066388811
0.0005303503728700579,1885.5459544383345,2.458595007241865
0.0005307669874599009,1884.065934065934,2.039412148594169
0.0005311836020497438,1882.5882352941176,1.6572995468467338
0.0005316002166395867,1881.1128526645768,2.2177760813956993
0.0005320168312294296,1879.6397807361002,1.7299314427518975
0.0005324334458192726,1878.1690140845071,2.018407525085225
0.0005328500604091155,1876.7005473025802,0.7966232981228103
0.0005332666749989585,1875.2343749999998,2.683330681138582
0.0005336832895888015,1873.7704918032784,1.7792100006411573
0.0005340999041786444,1872.308892355694,2.0949903482908048
0.0005345165187684873,1870.8495713172251,1.5389044426671323
0.0005349331333583303,1869.392523364486,0.7795919577698771
0.0005353497479481732,1867.9377431906614,2.0262817222709057
0.0005357663625380161,1866.4852255054432,2.3589010194561104
0.000536182977127859,1865.034965034965,1.7736017602450103
0.000536599591717702,1863.586956521739,1.424392914012511
0.0005370162063075449,1862.1411947245927,1.8820444671897272
0.0005374328208973878,1860.6976744186045,2.3678087366208227
0.0005378494354872308,1859.2563903950427,1.2526171580749692
0.0005382660500770737,1857.8173374613002,1.2685497792177005
0.0005386826646669166,1856.3805104408352,2.311200501652789
0.0005390992792567596,1854.9459041731068,0.8859893355497875
0.0005395158938466025,1853.5135135135135,0.9905363663846861
0.0005399325084364454,1852.0833333333335,1.076546453729612
0.0005403491230262885,1850.6553585196605,2.646927989510905
0.0005407657376161314,1849.2295839753465,1.5883276712028092
0.0005411823522059743,1847.8060046189373,2.039890532230931
0.0005415989667958172,1846.3846153846152,1.853709306721626
0.0005420155813856602,1844.9654112221367,2.277075452581474
0.0005424321959755031,1843.5483870967741,1.1450382102081336
0.000542848810565346,1842.1335379892555,2.6674816793657863
0.000543265425155189,1840.7208588957055,1.9036339425468218
0.0005436820397450319,1839.310344827586,2.2091128441541374
0.0005440986543348748,1837.9019908116386,2.2307797827844826
0.0005445152689247178,1836.495791889824,2.466792219643472
0.0005449318835145607,1835.091743119266,1.3460332822718684
0.0005453484981044036,1833.6898395721926,2.0091510206298575
0.0005457651126942465,1832.290076335878,1.6651315868665983
0.0005461817272840895,1830.8924485125858,2.10737821764162
0.0005465983418739324,1829.4969512195123,2.132853930405623
0.0005470149564637753,1828.1035795887283,2.2147554970285994
0.0005474315710536184,1826.7123287671232,2.245884182734079
0.0005478481856434613,1825.3231939163495,1.9846779375548516
0.0005482648002333042,1823.9361702127658,2.221991496490901
0.0005486814148231472,1822.5512528473803,1.5187810288250818
0.0005490980294129901,1821.1684370257965,1.8977414592453168
0.000549514644002833,1819.7877179681575,2.1913860606202755
0.000549931258592676,1818.4090909090908,2.0672960263588527
0.0005503478731825189,1817.0325510976531,1.8570179191248903
0.0005507644877723618,1815.6580937972767,2.5642174387474745
0.0005511811023622047,1814.2857142857142,2.7109610335258836
0.0005515977169520477,1812.9154078549848,0.8392030501032594
0.0005520143315418906,1811.5471698113208,2.456910908899072
0.0005524309461317335,1810.1809954751131,2.4485574338880878
0.0005528475607215765,1808.816880180859,2.646807297354429
0.0005532641753114194,1807.4548192771085,2.2851717229409454
0.0005536807899012623,1806.094808126411,1.821160920254514
0.0005540974044911054,1804.736842105263,1.2587978284752652
0.0005545140190809483,1803.380916604057,2.619820816768676
0.0005549306336707912,1802.0270270270269,1.406544309494594
0.0005553472482606341,1800.6751687921978,1.2756256948045446
