TC,Posición,Prof (cm),N,T_media (°C),T_min (°C),T_max (°C),Rango (°C),Desv.std (°C)
TC1,Superficie,0.0,1560,17.5,13.06,23.76,10.7,2.7
TC1,Intermedio,28.000000000000004,1560,17.53,14.73,20.3,5.57,1.17
TC1,Inferior,56.00000000000001,1560,17.65,16.51,19.08,2.57,0.467
TC3,Superficie,0.0,1560,18.66,12.8,26.07,13.27,3.643
TC3,Intermedio,20.0,1560,18.37,12.93,25.25,12.32,3.31
TC3,Inferior,40.0,1560,18.45,13.1,24.74,11.64,3.133
TC5,Superficie,0.0,1560,18.21,14.23,22.75,8.52,2.122
TC5,Intermedio,28.000000000000004,1560,18.2,16.38,19.38,3.0,0.672
TC5,Inferior,56.00000000000001,1560,18.01,16.45,19.08,2.63,0.613
