Par_Sensores,Fecha_Hora_Centro,Inicio_Ventana,Fin_Ventana,Flujo_McCallum_mm_dia,Flujo_Hatch_Amplitud_mm_dia,Flujo_Keery_mm_dia,Flujo_Luce_mm_dia,Amplitud_Sup_C,Amplitud_Prof_C,R2_Sup,R2_Prof,Desfase_rad,Flag_Calidad,R2_promedio,Amp_promedio,flag_r2_ok,flag_amp_ok,flag_fisica_ok,flag_calidad_total,Flujo_Consenso
TC1_int_inf,2026-01-02 00:00:00,2026-01-01 00:00:00,2026-01-02 23:00:00,0.0,0.0,0.0,0.0,0.0,0.0,-0.0,-0.0,0.0,1,-0.0,0.0,False,False,True,False,0.0
TC1_int_inf,2026-01-02 12:00:00,2026-01-01 12:00:00,2026-01-03 11:00:00,0.0,0.0,0.0,0.0,0.0,0.0,-0.0,-0.0,0.0,1,-0.0,0.0,False,False,True,False,0.0
TC1_int_inf,2026-01-03 00:00:00,2026-01-02 00:00:00,2026-01-03 23:00:00,0.0,0.0,0.0,0.0,0.0,0.0,-0.0,-0.0,0.0,1,-0.0,0.0,False,False,True,False,0.0
TC1_int_inf,2026-01-03 12:00:00,2026-01-02 12:00:00,2026-01-04 11:00:00,0.0,0.0,0.0,0.0,0.3366,0.3366,0.0531,0.0531,0.0,1,0.0531,0.3366,False,True,True,False,0.0
TC1_int_inf,2026-01-04 00:00:00,2026-01-03 00:00:00,2026-01-04 23:00:00,0.0,0.0,0.0,0.0,0.4157,0.4157,0.0753,0.0753,0.0,1,0.0753,0.4157,False,True,True,False,0.0
TC1_int_inf,2026-01-04 12:00:00,2026-01-03 12:00:00,2026-01-05 11:00:00,0.0,0.0,0.0,0.0,0.0,0.0,0.0,0.0,0.0,1,0.0,0.0,False,False,True,False,0.0
TC1_int_inf,2026-01-05 00:00:00,2026-01-04 00:00:00,2026-01-05 23:00:00,0.0,0.0,0.0,0.0,0.2872,0.2872,0.034,0.034,0.0,1,0.034,0.2872,False,False,True,False,0.0
TC1_int_inf,2026-01-05 12:00:00,2026-01-04 12:00:00,2026-01-06 11:00:00,0.0,0.0,0.0,0.0,0.4481,0.4481,0.1086,0.1086,0.0,1,0.1086,0.4481,False,True,True,False,0.0
TC1_int_inf,2026-01-06 00:00:00,2026-01-05 00:00:00,2026-01-06 23:00:00,0.0,0.0,0.0,0.0,0.0,0.0,0.0,0.0,0.0,1,0.0,0.0,False,False,True,False,0.0
TC1_int_inf,2026-01-06 12:00:00,2026-01-05 12:00:00,2026-01-07 11:00:00,0.0,0.0,0.0,0.0,0.3984,0.3984,0.0884,0.0884,0.0,1,0.0884,0.3984,False,True,True,False,0.0
TC1_int_inf,2026-01-07 00:00:00,2026-01-06 00:00:00,2026-01-07 23:00:00,0.0,0.0,0.0,0.0,0.2728,0.2728,0.0378,0.0378,0.0,1,0.0378,0.2728,False,False,True,False,0.0
TC1_int_inf,2026-01-07 12:00:00,2026-01-06 12:00:00,2026-01-08 11:00:00,0.0,0.0,0.0,0.0,0.3166,0.3166,0.0538,0.0538,0.0,1,0.0538,0.3166,False,True,True,False,0.0
TC1_int_inf,2026-01-08 00:00:00,2026-01-07 00:00:00,2026-01-08 23:00:00,0.0,0.0,0.0,0.0,0.2614,0.2614,0.0386,0.0386,0.0,1,0.0386,0.2614,False,False,True,False,0.0
TC1_int_inf,2026-01-08 12:00:00,2026-01-07 12:00:00,2026-01-09 11:00:00,0.0,0.0,0.0,0.0,0.0,0.0,0.0,0.0,0.0,1,0.0,0.0,False,False,True,False,0.0
TC1_int_inf,2026-01-09 00:00:00,2026-01-08 00:00:00,2026-01-09 23:00:00,0.0,0.0,0.0,0.0,0.0,0.0,0.0,0.0,0.0,1,0.0,0.0,False,False,True,False,0.0
TC1_int_inf,2026-01-09 12:00:00,2026-01-08 12:00:00,2026-01-10 11:00:00,0.0,0.0,0.0,0.0,0.4257,0.4257,0.0724,0.0724,0.0,1,0.0724,0.4257,False,True,True,False,0.0
TC1_int_inf,2026-01-10 00:00:00,2026-01-09 00:00:00,2026-01-10 23:00:00,0.0,0.0,0.0,0.0,0.0,0.0,-0.0,-0.0,0.0,1,-0.0,0.0,False,False,True,False,0.0
TC1_int_inf,2026-01-10 12:00:00,2026-01-09 12:00:00,2026-01-11 11:00:00,0.0,0.0,0.0,0.0,0.3673,0.3673,0.0583,0.0583,0.0,1,0.0583,0.3673,False,True,True,False,0.0
TC1_int_inf,2026-01-11 00:00:00,2026-01-10 00:00:00,2026-01-11 23:00:00,0.0,0.0,0.0,0.0,0.3457,0.3457,0.0509,0.0509,0.0,1,0.0509,0.3457,False,True,True,False,0.0
TC1_int_inf,2026-01-11 12:00:00,2026-01-10 12:00:00,2026-01-12 11:00:00,0.0,0.0,0.0,0.0,0.3901,0.3901,0.0687,0.0687,0.0,1,0.0687,0.3901,False,True,True,False,0.0
TC1_int_inf,2026-01-12 00:00:00,2026-01-11 00:00:00,2026-01-12 23:00:00,0.0,0.0,0.0,0.0,0.0,0.0,0.0,0.0,0.0,1,0.0,0.0,False,False,True,False,0.0
TC1_int_inf,2026-01-12 12:00:00,2026-01-11 12:00:00,2026-01-13 11:00:00,0.0,0.0,0.0,0.0,0.3783,0.3783,0.0646,0.0646,0.0,1,0.0646,0.3783,False,True,True,False,0.0
TC1_int_inf,2026-01-13 00:00:00,2026-01-12 00:00:00,2026-01-13 23:00:00,0.0,0.0,0.0,0.0,0.0,0.0,0.0,0.0,0.0,1,0.0,0.0,False,False,True,False,0.0
TC1_int_inf,2026-01-13 12:00:00,2026-01-12 12:00:00,2026-01-14 11:00:00,0.0,0.0,0.0,0.0,0.0,0.0,0.0,0.0,0.0,1,0.0,0.0,False,False,True,False,0.0
TC1_int_inf,2026-01-14 00:00:00,2026-01-13 00:00:00,2026-01-14 23:00:00,0.0,0.0,0.0,0.0,0.3092,0.3092,0.0477,0.0477,0.0,1,0.0477,0.3092,False,True,True,False,0.0
TC1_int_inf,2026-01-14 12:00:00,2026-01-13 12:00:00,2026-01-15 11:00:00,0.0,0.0,0.0,0.0,0.3067,0.3067,0.0476,0.0476,0.0,1,0.0476,0.3067,False,True,True,False,0.0
TC1_int_inf,2026-01-15 00:00:00,2026-01-14 00:00:00,2026-01-15 23:00:00,0.0,0.0,0.0,0.0,0.3265,0.3265,0.0549,0.0549,0.0,1,0.0549,0.3265,False,True,True,False,0.0
TC1_int_inf,2026-01-15 12:00:00,2026-01-14 12:00:00,2026-01-16 11:00:00,0.0,0.0,0.0,0.0,0.0,0.0,0.0,0.0,0.0,1,0.0,0.0,False,False,True,False,0.0
TC1_int_inf,2026-01-16 00:00:00,2026-01-15 00:00:00,2026-01-16 23:00:00,0.0,0.0,0.0,0.0,0.0,0.0,-0.0,-0.0,0.0,1,-0.0,0.0,False,False,True,False,0.0
TC1_int_inf,2026-01-16 12:00:00,2026-01-15 12:00:00,2026-01-17 11:00:00,0.0,0.0,0.0,0.0,0.3852,0.3852,0.0687,0.0687,0.0,1,0.0687,0.3852,False,True,True,False,0.0
TC1_int_inf,2026-01-17 00:00:00,2026-01-16 00:00:00,2026-01-17 23:00:00,0.0,0.0,0.0,0.0,0.0,0.0,-0.0,-0.0,0.0,1,-0.0,0.0,False,False,True,False,0.0
TC1_int_inf,2026-01-17 12:00:00,2026-01-16 12:00:00,2026-01-18 11:00:00,0.0,0.0,0.0,0.0,0.0,0.0,0.0,0.0,0.0,1,0.0,0.0,False,False,True,False,0.0
TC1_int_inf,2026-01-18 00:00:00,2026-01-17 00:00:00,2026-01-18 23:00:00,0.0,0.0,0.0,0.0,0.3169,0.3169,0.0502,0.0502,0.0,1,0.0502,0.3169,False,True,True,False,0.0
TC1_int_inf,2026-01-18 12:00:00,2026-01-17 12:00:00,2026-01-19 11:00:00,0.0,0.0,0.0,0.0,0.383,0.383,0.0642,0.0642,0.0,1,0.0642,0.383,False,True,True,False,0.0
TC1_int_inf,2026-01-19 00:00:00,2026-01-18 00:00:00,2026-01-19 23:00:00,0.0,0.0,0.0,0.0,0.2884,0.2884,0.034,0.034,0.0,1,0.034,0.2884,False,False,True,False,0.0
TC1_int_inf,2026-01-19 12:00:00,2026-01-18 12:00:00,2026-01-20 11:00:00,0.0,0.0,0.0,0.0,0.3544,0.3544,0.0553,0.0553,0.0,1,0.0553,0.3544,False,True,True,False,0.0
TC1_int_inf,2026-01-20 00:00:00,2026-01-19 00:00:00,2026-01-20 23:00:00,0.0,0.0,0.0,0.0,0.0,0.0,-0.0,-0.0,0.0,1,-0.0,0.0,False,False,True,False,0.0
TC1_int_inf,2026-01-20 12:00:00,2026-01-19 12:00:00,2026-01-21 11:00:00,0.0,0.0,0.0,0.0,0.0,0.0,0.0,0.0,0.0,1,0.0,0.0,False,False,True,False,0.0
TC1_int_inf,2026-01-21 00:00:00,2026-01-20 00:00:00,2026-01-21 23:00:00,0.0,0.0,0.0,0.0,0.3559,0.3559,0.0537,0.0537,0.0,1,0.0537,0.3559,False,True,True,False,0.0
TC1_int_inf,2026-01-21 12:00:00,2026-01-20 12:00:00,2026-01-22 11:00:00,0.0,0.0,0.0,0.0,0.0,0.0,0.0,0.0,0.0,1,0.0,0.0,False,False,True,False,0.0
TC1_int_inf,2026-01-22 00:00:00,2026-01-21 00:00:00,2026-01-22 23:00:00,0.0,0.0,0.0,0.0,0.3777,0.3777,0.0601,0.0601,0.0,1,0.0601,0.3777,False,True,True,False,0.0
TC1_int_inf,2026-01-22 12:00:00,2026-01-21 12:00:00,2026-01-23 11:00:00,0.0,0.0,0.0,0.0,0.3041,0.3041,0.0441,0.0441,0.0,1,0.0441,0.3041,False,True,True,False,0.0
TC1_int_inf,2026-01-23 00:00:00,2026-01-22 00:00:00,2026-01-23 23:00:00,0.0,0.0,0.0,0.0,0.3444,0.3444,0.0594,0.0594,0.0,1,0.0594,0.3444,False,True,True,False,0.0
TC1_int_inf,2026-01-23 12:00:00,2026-01-22 12:00:00,2026-01-24 11:00:00,0.0,0.0,0.0,0.0,0.3174,0.3174,0.0488,0.0488,0.0,1,0.0488,0.3174,False,True,True,False,0.0
TC1_int_inf,2026-01-24 00:00:00,2026-01-23 00:00:00,2026-01-24 23:00:00,0.0,0.0,0.0,0.0,0.3704,0.3704,0.0615,0.0615,0.0,1,0.0615,0.3704,False,True,True,False,0.0
TC1_int_inf,2026-01-24 12:00:00,2026-01-23 12:00:00,2026-01-25 11:00:00,0.0,0.0,0.0,0.0,0.0,0.0,0.0,0.0,0.0,1,0.0,0.0,False,False,True,False,0.0
TC1_int_inf,2026-01-25 00:00:00,2026-01-24 00:00:00,2026-01-25 23:00:00,0.0,0.0,0.0,0.0,0.3421,0.3421,0.0637,0.0637,0.0,1,0.0637,0.3421,False,True,True,False,0.0
TC1_int_inf,2026-01-26 12:00:00,2026-01-25 12:00:00,2026-01-27 11:00:00,-71.0208,-81.4844,711.4856,-380.9657,0.3792,0.4657,0.066,0.5017,3.7921,1,0.28385000000000005,0.42245,False,True,True,False,-76.2526
TC1_int_inf,2026-01-27 00:00:00,2026-01-26 00:00:00,2026-01-27 23:00:00,246.5811,103.0871,321.1599,382.3411,0.0,0.0,-0.0,0.0,1.3592,1,0.0,0.0,False,False,True,False,174.8341
TC1_int_inf,2026-01-30 12:00:00,2026-01-29 12:00:00,2026-01-31 11:00:00,27.6697,22.3687,541.8664,91.6016,0.0,0.0,0.0,0.0,2.6752,1,0.0,0.0,False,False,True,False,25.019199999999998
TC1_int_inf,2026-02-01 12:00:00,2026-01-31 12:00:00,2026-02-02 11:00:00,391.4949,436.6418,917.331,1115.0296,0.2268,0.0755,0.028,0.056,3.5238,1,0.042,0.15115,False,False,True,False,414.06835
TC1_int_inf,2026-02-05 12:00:00,2026-02-04 12:00:00,2026-02-06 11:00:00,228.9873,368.4018,1224.3633,1010.7032,0.118,0.0466,0.015,0.0508,5.2436,1,0.0329,0.0823,False,False,True,False,298.69455
TC1_int_inf,2026-02-07 12:00:00,2026-02-06 12:00:00,2026-02-08 11:00:00,426.4494,471.3793,922.1245,1161.6303,0.3453,0.1052,0.0799,0.0905,3.4604,1,0.0852,0.22525,False,False,True,False,448.91435
TC1_int_inf,2026-02-09 00:00:00,2026-02-08 00:00:00,2026-02-09 23:00:00,-293.7469,-361.4547,606.7354,-2484.6078,0.0,0.0,0.0,0.0,3.9697,1,0.0,0.0,False,False,True,False,-327.6008
TC1_int_inf,2026-02-10 00:00:00,2026-02-09 00:00:00,2026-02-10 23:00:00,232.1306,263.7415,866.1289,811.4092,0.19,0.0978,0.0161,0.1571,3.7015,1,0.0866,0.1439,False,False,True,False,247.93604999999997
TC1_int_inf,2026-02-11 12:00:00,2026-02-10 12:00:00,2026-02-12 11:00:00,-61.512,-59.7707,607.4202,-271.6833,0.0,0.0,0.0,-0.0,3.2128,1,0.0,0.0,False,False,True,False,-60.64135
TC1_int_inf,2026-02-12 00:00:00,2026-02-11 00:00:00,2026-02-12 23:00:00,236.6387,267.1712,862.7605,818.8072,0.2001,0.1021,0.0179,0.1763,3.6759,1,0.0971,0.1511,False,False,True,False,251.90494999999999
TC1_int_inf,2026-02-14 00:00:00,2026-02-13 00:00:00,2026-02-14 23:00:00,423.5653,485.8662,955.8475,1179.8908,0.2981,0.0876,0.0473,0.1773,3.5939,1,0.11230000000000001,0.19285,False,False,True,False,454.71574999999996
TC1_int_inf,2026-02-19 12:00:00,2026-02-18 12:00:00,2026-02-20 11:00:00,430.5683,491.7004,954.2156,1187.0585,0.2498,0.0723,0.0339,0.0682,3.571,1,0.05105,0.16105,False,False,True,False,461.13435000000004
TC1_int_inf,2026-02-22 00:00:00,2026-02-21 00:00:00,2026-02-22 23:00:00,21.711,22.4568,690.2829,91.9524,0.0,0.0,0.0,0.0,3.4232,1,0.0,0.0,False,False,True,False,22.0839
TC1_int_inf,2026-02-25 00:00:00,2026-02-24 00:00:00,2026-02-25 23:00:00,373.8152,428.0664,934.8091,1102.8837,0.232,0.0789,0.0336,0.0998,3.6335,1,0.0667,0.15545,False,False,True,False,400.94079999999997
TC1_int_inf,2026-02-26 00:00:00,2026-02-25 00:00:00,2026-02-26 23:00:00,356.9499,415.7819,943.9061,1085.0207,0.2513,0.0881,0.0259,0.1188,3.7104,1,0.07235,0.16970000000000002,False,False,True,False,386.3659
TC1_int_inf,2026-03-08 12:00:00,2026-03-07 12:00:00,2026-03-09 11:00:00,382.876,484.2371,1036.4551,1177.8705,0.4387,0.1295,0.052,0.0506,4.0044,1,0.0513,0.2841,False,False,True,False,433.55655
TC1_int_inf,2026-03-10 00:00:00,2026-03-09 00:00:00,2026-03-10 23:00:00,316.3601,438.1972,1101.7734,1117.2045,0.4876,0.1616,0.0558,0.0474,4.4497,1,0.0516,0.3246,False,True,True,False,377.27864999999997
TC1_int_inf,2026-03-10 12:00:00,2026-03-09 12:00:00,2026-03-11 11:00:00,373.5988,486.1285,1062.1207,1180.2153,0.4711,0.1383,0.0511,0.0321,4.129,1,0.0416,0.3047,False,True,True,False,429.86365
TC1_int_inf,2026-03-12 12:00:00,2026-03-11 12:00:00,2026-03-13 11:00:00,233.4251,395.4504,1292.3588,1054.2138,0.5642,0.2082,0.0978,0.0877,5.5182,1,0.09275,0.3862,False,True,True,False,314.43775
TC1_int_inf,2026-03-19 00:00:00,2026-03-18 00:00:00,2026-03-19 23:00:00,411.4569,461.3782,929.8711,1148.6294,0.3701,0.1157,0.0523,0.0677,3.5247,1,0.06,0.2429,False,False,True,False,436.41755
TC1_int_inf,2026-03-20 00:00:00,2026-03-19 00:00:00,2026-03-20 23:00:00,118.5382,163.0732,981.1245,563.1558,0.0,0.0,0.0,0.0,4.535,1,0.0,0.0,False,False,True,False,140.8057
TC1_int_inf,2026-03-23 12:00:00,2026-03-22 12:00:00,2026-03-24 11:00:00,-184.1513,-127.6827,386.914,-634.3648,0.0,0.0,0.0,0.0,2.2723,1,0.0,0.0,False,False,True,False,-155.917
TC1_int_inf,2026-03-24 00:00:00,2026-03-23 00:00:00,2026-03-24 23:00:00,-187.723,-354.5751,1050.1614,-2413.1703,0.0,0.0,0.0,0.0,6.1878,1,0.0,0.0,False,False,True,False,-271.14905
TC1_int_inf,2026-03-24 12:00:00,2026-03-23 12:00:00,2026-03-25 11:00:00,136.049,120.8766,640.6677,438.8432,0.1523,0.1123,0.0134,0.1852,2.925,1,0.0993,0.1323,False,False,True,False,128.46280000000002
TC1_int_inf,2026-03-25 12:00:00,2026-03-24 12:00:00,2026-03-26 11:00:00,98.9047,82.5331,587.618,313.8244,0.1631,0.1324,0.0193,0.071,2.7542,1,0.045149999999999996,0.14775,False,False,True,False,90.7189
TC1_int_inf,2026-04-03 00:00:00,2026-04-02 00:00:00,2026-04-03 23:00:00,-257.9563,-49.4462,98.6833,-221.782,0.535,0.606,0.1392,0.3232,0.6221,1,0.2312,0.5705,False,True,True,False,-153.70125
TC1_int_inf,2026-04-03 12:00:00,2026-04-02 12:00:00,2026-04-04 11:00:00,-187.9682,-16.4557,48.6619,-70.7627,0.4155,0.4331,0.0987,0.2553,0.2868,1,0.17700000000000002,0.4243,False,True,True,False,-102.21195
TC1_int_inf,2026-04-06 00:00:00,2026-04-05 00:00:00,2026-04-06 23:00:00,188.9393,302.8346,1192.864,892.0615,0.0,0.0,0.0,0.0,5.2501,1,0.0,0.0,False,False,True,False,245.88695
TC1_int_inf,2026-04-08 00:00:00,2026-04-07 00:00:00,2026-04-08 23:00:00,113.3247,208.3165,1306.6216,682.5445,0.0,0.0,-0.0,-0.0,6.0618,1,-0.0,0.0,False,False,True,False,160.8206
TC1_int_inf,2026-04-15 12:00:00,2026-04-14 12:00:00,2026-04-16 11:00:00,254.1402,289.7627,879.3548,865.9726,0.1962,0.0945,0.0257,0.1902,3.7026,1,0.10795,0.14535,False,False,True,False,271.95145
TC1_int_inf,2026-04-16 00:00:00,2026-04-15 00:00:00,2026-04-16 23:00:00,247.9987,477.7155,1480.882,1169.6991,0.3679,0.1104,0.0652,0.0609,6.2612,1,0.06305,0.23915,False,False,True,False,362.8571
TC1_int_inf,2026-04-17 00:00:00,2026-04-16 00:00:00,2026-04-17 23:00:00,246.2325,452.9854,1412.9794,1137.4632,0.3765,0.1202,0.0847,0.1478,5.9813,1,0.11624999999999999,0.24835000000000002,False,False,True,False,349.60895
TC1_int_inf,2026-04-23 12:00:00,2026-04-22 12:00:00,2026-04-24 11:00:00,307.2877,446.6542,1151.2123,1128.8824,0.2743,0.089,0.0418,0.0674,4.6776,1,0.054599999999999996,0.18164999999999998,False,False,True,False,376.97095
TC1_int_inf,2026-04-24 00:00:00,2026-04-23 00:00:00,2026-04-24 23:00:00,385.248,292.7259,623.3147,871.962,0.0,0.0,0.0,-0.0,2.4044,1,0.0,0.0,False,False,True,False,338.98695
TC1_int_inf,2026-04-30 00:00:00,2026-04-29 00:00:00,2026-04-30 23:00:00,337.2201,483.1163,1150.6774,1176.4756,0.2474,0.0732,0.0431,0.0495,4.583,1,0.0463,0.1603,False,False,True,False,410.1682
TC1_int_inf,2026-05-05 00:00:00,2026-05-04 00:00:00,2026-05-05 23:00:00,-214.4752,-347.2544,875.1806,-2338.5005,0.0,0.0,0.0,0.0,5.2872,1,0.0,0.0,False,False,True,False,-280.8648
TC1_sup_inf,2026-01-08 12:00:00,2026-01-07 12:00:00,2026-01-09 11:00:00,-328.853,-133.2839,461.4028,-1600.6545,0.0,0.0,0.0,0.0,5.3239,1,0.0,0.0,False,False,True,False,-231.06844999999998
TC1_sup_inf,2026-01-20 12:00:00,2026-01-19 12:00:00,2026-01-21 11:00:00,-482.3688,-82.1404,178.7424,-857.1383,0.0,0.0,-0.0,0.0,2.2162,1,0.0,0.0,False,False,True,False,-282.2546
TC1_sup_inf,2026-02-11 12:00:00,2026-02-10 12:00:00,2026-02-12 11:00:00,208.3011,25.319,171.7743,200.2183,0.0,0.0,0.0,-0.0,1.6042,1,0.0,0.0,False,False,True,False,116.81004999999999
TC1_sup_inf,2026-02-26 12:00:00,2026-02-25 12:00:00,2026-02-27 11:00:00,-173.3755,-62.0297,437.7872,-613.4067,0.0,0.0,0.0,0.0,4.7266,1,0.0,0.0,False,False,True,False,-117.70259999999999
TC1_sup_inf,2026-04-06 00:00:00,2026-04-05 00:00:00,2026-04-06 23:00:00,-300.0276,-74.4146,286.3645,-760.5718,0.0,0.0,0.0,0.0,3.2623,1,0.0,0.0,False,False,True,False,-187.2211
TC1_sup_inf,2026-04-18 00:00:00,2026-04-17 00:00:00,2026-04-18 23:00:00,-143.7319,-5.9315,51.1457,-50.7173,0.0,0.0,0.0,-0.0,0.5456,1,0.0,0.0,False,False,True,False,-74.8317
TC1_sup_inf,2026-04-18 12:00:00,2026-04-17 12:00:00,2026-04-19 11:00:00,-13.0164,-6.1175,614.1103,-52.3321,0.0,0.0,0.0,-0.0,6.2225,1,0.0,0.0,False,False,True,False,-9.56695
TC1_sup_inf,2026-04-24 00:00:00,2026-04-23 00:00:00,2026-04-24 23:00:00,94.9541,22.8207,326.8074,181.5793,0.0,0.0,-0.0,-0.0,3.1799,1,-0.0,0.0,False,False,True,False,58.8874
TC1_sup_inf,2026-05-04 00:00:00,2026-05-03 00:00:00,2026-05-04 23:00:00,-352.7424,-71.639,228.4611,-726.7872,0.0,0.0,0.0,0.0,2.6646,1,0.0,0.0,False,False,True,False,-212.1907
TC1_sup_int,2026-01-04 00:00:00,2026-01-03 00:00:00,2026-01-04 23:00:00,330.2057,495.1583,1200.5342,1191.2573,1.4481,0.4157,0.1509,0.0753,4.804,1,0.1131,0.9319,False,True,True,False,412.682
TC1_sup_int,2026-01-05 12:00:00,2026-01-04 12:00:00,2026-01-06 11:00:00,314.5361,452.3508,1142.9689,1136.6093,1.4015,0.4481,0.1528,0.1086,4.6217,1,0.13069999999999998,0.9248,False,True,True,False,383.44345
TC1_sup_int,2026-01-06 12:00:00,2026-01-05 12:00:00,2026-01-07 11:00:00,322.5176,462.7267,1144.5457,1150.4015,1.2788,0.3984,0.1229,0.0884,4.6035,1,0.10565,0.8386,False,True,True,False,392.62215000000003
TC1_sup_int,2026-01-08 12:00:00,2026-01-07 12:00:00,2026-01-09 11:00:00,-164.4265,-266.5678,922.8055,-1600.6545,0.0,0.0,0.0,0.0,5.3239,1,0.0,0.0,False,False,True,False,-215.49714999999998
TC1_sup_int,2026-01-11 12:00:00,2026-01-10 12:00:00,2026-01-12 11:00:00,349.3893,494.4308,1142.8877,1190.3769,1.3564,0.3901,0.1334,0.0687,4.5152,1,0.10105,0.8732500000000001,False,True,True,False,421.91004999999996
TC1_sup_int,2026-01-12 12:00:00,2026-01-11 12:00:00,2026-01-13 11:00:00,345.1737,482.9928,1127.9432,1176.3217,1.2781,0.3783,0.1153,0.0646,4.4687,1,0.08995,0.8282,False,True,True,False,414.08325
TC1_sup_int,2026-01-16 12:00:00,2026-01-15 12:00:00,2026-01-17 11:00:00,332.0887,466.6025,1125.8626,1155.4615,1.2489,0.3852,0.1084,0.0687,4.4995,1,0.08854999999999999,0.8170499999999999,False,True,True,False,399.3456
TC1_sup_int,2026-01-18 12:00:00,2026-01-17 12:00:00,2026-01-19 11:00:00,334.5376,470.1783,1127.4553,1160.0863,1.2527,0.383,0.1028,0.0642,4.4986,1,0.08349999999999999,0.81785,False,True,True,False,402.35794999999996
TC1_sup_int,2026-01-20 12:00:00,2026-01-19 12:00:00,2026-01-21 11:00:00,-241.1844,-164.2808,357.4848,-857.1383,0.0,0.0,-0.0,0.0,2.2162,1,0.0,0.0,False,False,True,False,-202.7326
TC1_sup_int,2026-01-21 12:00:00,2026-01-20 12:00:00,2026-01-22 11:00:00,-354.5262,-138.343,177.5298,-697.1468,0.0,0.0,-0.0,0.0,1.2437,1,0.0,0.0,False,False,True,False,-246.4346
TC1_sup_int,2026-01-26 00:00:00,2026-01-25 00:00:00,2026-01-26 23:00:00,109.6642,144.6178,935.1547,510.4084,0.0,0.0,0.0,0.0,4.3497,1,0.0,0.0,False,False,True,False,127.14099999999999
TC1_sup_int,2026-01-30 12:00:00,2026-01-29 12:00:00,2026-01-31 11:00:00,-234.1652,-326.7919,738.2337,-2136.9492,0.0,0.0,0.0,0.0,4.5453,1,0.0,0.0,False,False,True,False,-280.47855
TC1_sup_int,2026-02-01 00:00:00,2026-01-31 00:00:00,2026-02-01 23:00:00,339.2843,471.0091,1116.0663,1161.1549,1.3474,0.411,0.1304,0.0686,4.439,1,0.09949999999999999,0.8792,False,True,True,False,405.1467
TC1_sup_int,2026-02-05 00:00:00,2026-02-04 00:00:00,2026-02-05 23:00:00,250.9477,358.2791,1099.284,993.6416,0.8248,0.3343,0.0803,0.0668,4.6386,1,0.07355,0.57955,False,True,True,False,304.6134
TC1_sup_int,2026-02-08 12:00:00,2026-02-07 12:00:00,2026-02-09 11:00:00,219.5935,294.0783,1013.9633,874.6809,0.0,0.0,0.0,0.0,4.3703,1,0.0,0.0,False,False,True,False,256.83590000000004
TC1_sup_int,2026-02-09 00:00:00,2026-02-08 00:00:00,2026-02-09 23:00:00,-258.3494,-300.7006,598.9423,-1894.5823,0.0,0.0,0.0,0.0,3.7773,1,0.0,0.0,False,False,True,False,-279.525
TC1_sup_int,2026-02-11 12:00:00,2026-02-10 12:00:00,2026-02-12 11:00:00,78.0386,110.4087,982.5071,405.9028,0.0,0.0,0.0,0.0,4.6747,1,0.0,0.0,False,False,True,False,94.22364999999999
TC1_sup_int,2026-03-06 00:00:00,2026-03-05 00:00:00,2026-03-06 23:00:00,118.4093,214.948,1294.5296,698.9278,1.6699,0.9714,0.0875,0.1218,5.9841,1,0.10464999999999999,1.32065,False,True,True,False,166.67865
TC1_sup_int,2026-03-07 00:00:00,2026-03-06 00:00:00,2026-03-07 23:00:00,169.7347,249.07,1079.9418,779.0297,1.8462,0.9854,0.0575,0.1075,4.8164,1,0.0825,1.4158,False,True,True,False,209.40235
TC1_sup_int,2026-03-08 00:00:00,2026-03-07 00:00:00,2026-03-08 23:00:00,361.7342,489.0371,1097.84,1183.7996,1.7148,0.4999,0.049,0.0726,4.3017,1,0.0608,1.10735,False,True,True,False,425.38565
TC1_sup_int,2026-03-09 12:00:00,2026-03-08 12:00:00,2026-03-10 11:00:00,75.0135,23.3671,215.8817,95.5712,0.0,0.0,0.0,-0.0,1.0294,1,0.0,0.0,False,False,True,False,49.19029999999999
TC1_sup_int,2026-03-11 00:00:00,2026-03-10 00:00:00,2026-03-11 23:00:00,350.5508,482.7595,1112.7906,1176.0308,1.6887,0.5001,0.0496,0.0561,4.3929,1,0.052849999999999994,1.0944,False,True,True,False,416.65515
TC1_sup_int,2026-03-17 12:00:00,2026-03-16 12:00:00,2026-03-18 11:00:00,-77.2347,-100.6467,803.8204,-482.5031,0.0,0.0,0.0,0.0,4.3059,1,0.0,0.0,False,False,True,False,-88.94069999999999
TC1_sup_int,2026-03-21 00:00:00,2026-03-20 00:00:00,2026-03-21 23:00:00,226.9734,294.8727,987.6114,876.2735,0.0,0.0,-0.0,-0.0,4.2355,1,-0.0,0.0,False,False,True,False,260.92305
TC1_sup_int,2026-03-26 12:00:00,2026-03-25 12:00:00,2026-03-27 11:00:00,485.0582,194.9021,342.62,648.555,0.0,0.0,-0.0,0.0,1.2359,1,0.0,0.0,False,False,True,False,339.98015
TC1_sup_int,2026-03-29 12:00:00,2026-03-28 12:00:00,2026-03-30 11:00:00,210.7087,262.793,939.6796,809.3518,2.0328,1.0482,0.0612,0.071,4.0747,1,0.06609999999999999,1.5405,False,True,True,False,236.75085
TC1_sup_int,2026-03-30 12:00:00,2026-03-29 12:00:00,2026-03-31 11:00:00,321.353,392.8194,974.6207,1050.1105,2.1671,0.8051,0.0684,0.0402,3.9231,1,0.0543,1.4861,False,True,True,False,357.08619999999996
TC1_sup_int,2026-04-06 00:00:00,2026-04-05 00:00:00,2026-04-06 23:00:00,-336.4277,-451.6638,626.2438,-3545.5299,0.0,0.0,0.0,0.0,4.2954,1,0.0,0.0,False,False,True,False,-394.04575
TC1_sup_int,2026-04-17 12:00:00,2026-04-16 12:00:00,2026-04-18 11:00:00,-168.2714,-211.7263,713.4794,-1178.2861,0.0,0.0,0.0,0.0,4.1304,1,0.0,0.0,False,False,True,False,-189.99885
TC1_sup_int,2026-05-01 12:00:00,2026-04-30 12:00:00,2026-05-02 11:00:00,293.7303,360.1342,964.6996,996.8011,0.0,0.0,0.0,0.0,3.9555,1,0.0,0.0,False,False,True,False,326.93225
TC1_sup_int,2026-05-02 00:00:00,2026-05-01 00:00:00,2026-05-02 23:00:00,305.2969,328.6245,851.7097,941.0793,0.0,0.0,0.0,0.0,3.4653,1,0.0,0.0,False,False,True,False,316.9607
TC1_sup_int,2026-05-10 00:00:00,2026-05-09 00:00:00,2026-05-10 23:00:00,158.8902,177.089,814.9646,601.6066,0.0,0.0,0.0,0.0,3.662,1,0.0,0.0,False,False,True,False,167.9896
TC3_int_inf,2026-03-08 12:00:00,2026-03-07 12:00:00,2026-03-09 11:00:00,15.4917,15.4917,,45.9596,4.599,4.4725,0.0,0.0,,1,0.0,4.53575,False,True,True,False,15.4917
TC3_int_inf,2026-03-09 00:00:00,2026-03-08 00:00:00,2026-03-09 23:00:00,0.465,1.6406,1655.6296,4.9281,1.2169,1.2133,0.0769,0.0791,5.9587,1,0.078,1.2151,False,True,True,False,1.0528
TC3_int_inf,2026-03-09 12:00:00,2026-03-08 12:00:00,2026-03-10 11:00:00,-0.9981,-3.5239,1654.0466,-10.6345,1.1884,1.1959,0.0733,0.0771,5.9623,1,0.0752,1.1921499999999998,False,True,True,False,-2.261
TC3_int_inf,2026-03-10 00:00:00,2026-03-09 00:00:00,2026-03-10 23:00:00,-2.6077,-9.1839,1647.1512,-27.8575,1.1034,1.1218,0.0622,0.0665,5.9476,1,0.06435,1.1126,False,True,True,False,-5.8957999999999995
TC3_int_inf,2026-03-11 00:00:00,2026-03-10 00:00:00,2026-03-11 23:00:00,0.7807,2.7551,1656.5311,8.2676,1.1083,1.1028,0.0608,0.0624,5.9599,1,0.0616,1.10555,False,True,True,False,1.7679
TC3_int_inf,2026-03-11 12:00:00,2026-03-10 12:00:00,2026-03-12 11:00:00,4.2247,14.8981,1661.2937,44.2221,1.1798,1.1486,0.0701,0.0684,5.9552,1,0.06925,1.1642000000000001,False,True,True,False,9.561399999999999
TC3_int_inf,2026-03-12 00:00:00,2026-03-11 00:00:00,2026-03-12 23:00:00,-0.8267,-2.9382,1665.335,-8.8625,1.4794,1.4872,0.1119,0.1182,6.0019,1,0.11505,1.4833,False,True,True,False,-1.88245
TC3_int_inf,2026-03-16 12:00:00,2026-03-15 12:00:00,2026-03-17 11:00:00,-0.3571,-1.2812,1681.7847,-3.8586,1.3424,1.3455,0.0884,0.0906,6.0581,1,0.0895,1.34395,False,True,True,False,-0.8191499999999999
TC3_int_inf,2026-03-17 00:00:00,2026-03-16 00:00:00,2026-03-17 23:00:00,2.8516,10.2158,1685.2524,30.4511,1.2425,1.2199,0.0768,0.0766,6.0499,1,0.07669999999999999,1.2311999999999999,False,True,True,False,6.5337
TC3_int_inf,2026-03-17 12:00:00,2026-03-16 12:00:00,2026-03-18 11:00:00,-1.2245,-4.4121,1687.7338,-13.3259,1.3764,1.3874,0.0828,0.0865,6.0852,1,0.08465,1.3819,False,True,True,False,-2.8183
TC3_int_inf,2026-03-18 00:00:00,2026-03-17 00:00:00,2026-03-18 23:00:00,2.883,10.3194,1683.8731,30.7572,1.1758,1.1541,0.061,0.0597,6.0447,1,0.06035,1.16495,False,True,True,False,6.6012
TC3_int_inf,2026-03-19 12:00:00,2026-03-18 12:00:00,2026-03-20 11:00:00,0.2836,1.0215,1689.7544,3.07,1.3263,1.3238,0.0936,0.0954,6.0827,1,0.0945,1.32505,False,True,True,False,0.6525500000000001
TC3_int_inf,2026-03-20 00:00:00,2026-03-19 00:00:00,2026-03-20 23:00:00,0.3268,1.1771,1689.8749,3.5373,1.3189,1.3161,0.0928,0.0945,6.0828,1,0.09365,1.3175,False,True,True,False,0.75195
TC3_int_inf,2026-03-20 12:00:00,2026-03-19 12:00:00,2026-03-21 11:00:00,0.7188,2.5927,1692.8801,7.7814,1.3157,1.3096,0.0926,0.0934,6.0911,1,0.093,1.31265,False,True,True,False,1.6557499999999998
TC3_int_inf,2026-03-21 12:00:00,2026-03-20 12:00:00,2026-03-22 11:00:00,1.5957,5.7512,1693.1577,17.2119,1.2568,1.2438,0.0894,0.0891,6.0864,1,0.08925,1.2503,False,True,True,False,3.67345
TC3_int_inf,2026-03-22 00:00:00,2026-03-21 00:00:00,2026-03-22 23:00:00,-0.1154,-0.4163,1691.6567,-1.2527,1.2985,1.2994,0.0948,0.097,6.0921,1,0.0959,1.29895,False,True,True,False,-0.26585000000000003
TC3_int_inf,2026-03-23 00:00:00,2026-03-22 00:00:00,2026-03-23 23:00:00,-4.0104,-14.5408,1693.1733,-44.3205,1.2791,1.313,0.0846,0.0892,6.123,1,0.0869,1.29605,False,True,True,False,-9.2756
TC3_int_inf,2026-03-24 00:00:00,2026-03-23 00:00:00,2026-03-24 23:00:00,-6.811,-24.6775,1686.8725,-75.9111,1.0741,1.1229,0.1194,0.1333,6.1186,1,0.12635000000000002,1.0985,False,True,True,False,-15.74425
TC3_int_inf,2026-03-24 12:00:00,2026-03-23 12:00:00,2026-03-25 11:00:00,1.2697,4.5709,1690.6132,13.6942,0.8667,0.8596,0.0615,0.0616,6.0794,1,0.06155,0.8631500000000001,False,True,True,False,2.9203
TC3_int_inf,2026-03-25 00:00:00,2026-03-24 00:00:00,2026-03-25 23:00:00,-2.5373,-9.1701,1690.4113,-27.8153,0.9863,1.0027,0.0777,0.0804,6.1034,1,0.07905000000000001,0.9944999999999999,False,True,True,False,-5.8537
TC3_int_inf,2026-03-26 00:00:00,2026-03-25 00:00:00,2026-03-26 23:00:00,-2.9717,-10.7326,1688.4319,-32.6008,1.1838,1.2069,0.1335,0.1409,6.0991,1,0.1372,1.19535,False,True,True,False,-6.85215
TC3_int_inf,2026-03-27 00:00:00,2026-03-26 00:00:00,2026-03-27 23:00:00,-6.0996,-21.3926,1634.1426,-65.6106,1.2772,1.3273,0.1442,0.1624,5.9228,1,0.1533,1.30225,False,True,True,False,-13.7461
TC3_int_inf,2026-03-28 00:00:00,2026-03-27 00:00:00,2026-03-28 23:00:00,164.4578,488.1907,1614.7344,977.1039,0.8644,0.3589,0.0187,0.0047,4.9354,1,0.0117,0.61165,False,True,True,False,326.32425
TC3_int_inf,2026-03-30 12:00:00,2026-03-29 12:00:00,2026-03-31 11:00:00,92.1813,285.6379,1589.0359,671.8007,1.4082,0.842,0.0919,0.0547,5.2076,1,0.0733,1.1251,False,True,True,False,188.9096
TC3_int_inf,2026-04-01 00:00:00,2026-03-31 00:00:00,2026-04-01 23:00:00,75.0208,238.7809,1607.354,583.8579,1.5749,1.0246,0.1041,0.0677,5.3579,1,0.0859,1.29975,False,True,True,False,156.90085
TC3_int_inf,2026-04-02 12:00:00,2026-04-01 12:00:00,2026-04-03 11:00:00,144.4796,421.4359,1562.4142,888.5022,0.9506,0.4451,0.0631,0.0148,4.8672,1,0.03895,0.69785,False,True,True,False,282.95775000000003
TC3_int_inf,2026-04-03 00:00:00,2026-04-02 00:00:00,2026-04-03 23:00:00,13.8919,45.921,1573.0938,132.5876,1.5495,1.4266,0.1974,0.2447,5.5818,1,0.22105,1.48805,False,True,True,False,29.90645
TC3_int_inf,2026-04-03 12:00:00,2026-04-02 12:00:00,2026-04-04 11:00:00,45.1271,143.3325,1559.5596,380.0435,1.209,0.934,0.1002,0.0851,5.3576,1,0.09265,1.0715000000000001,False,True,True,False,94.22980000000001
TC3_int_inf,2026-04-04 12:00:00,2026-04-03 12:00:00,2026-04-05 11:00:00,47.8999,153.1655,1574.2904,402.6949,0.9149,0.6944,0.0818,0.0667,5.393,1,0.07425,0.8046500000000001,False,True,True,False,100.5327
TC3_int_inf,2026-04-05 00:00:00,2026-04-04 00:00:00,2026-04-05 23:00:00,37.3974,51.1959,667.1274,147.1276,0.0,0.0,0.0,-0.0,2.31,1,0.0,0.0,False,False,True,False,44.29665
TC3_int_inf,2026-04-08 00:00:00,2026-04-07 00:00:00,2026-04-08 23:00:00,47.6665,154.2972,1593.3312,405.2764,0.9806,0.7428,0.0844,0.068,5.4595,1,0.0762,0.8617,False,True,True,False,100.98185000000001
TC3_int_inf,2026-04-10 00:00:00,2026-04-09 00:00:00,2026-04-10 23:00:00,39.9745,130.3047,1592.5459,349.4083,1.0159,0.8034,0.0754,0.0647,5.4999,1,0.07005,0.9096500000000001,False,True,True,False,85.1396
TC3_int_inf,2026-04-11 12:00:00,2026-04-10 12:00:00,2026-04-12 11:00:00,34.2003,112.539,1598.5117,306.4565,1.0589,0.8647,0.0891,0.0804,5.5533,1,0.08474999999999999,0.9618,False,True,True,False,73.36965000000001
TC3_int_inf,2026-04-14 00:00:00,2026-04-13 00:00:00,2026-04-14 23:00:00,31.0343,102.6354,1601.5095,281.9096,1.2226,1.0164,0.0964,0.0861,5.582,1,0.09125,1.1195,False,True,True,False,66.83485
TC3_int_inf,2026-04-14 12:00:00,2026-04-13 12:00:00,2026-04-15 11:00:00,29.3772,96.5598,1589.0623,266.6328,1.1304,0.95,0.0911,0.08,5.5481,1,0.08555,1.0402,False,True,True,False,62.9685
TC3_int_inf,2026-04-15 00:00:00,2026-04-14 00:00:00,2026-04-15 23:00:00,0.2861,0.957,1569.316,2.8764,0.0,0.0,-0.0,-0.0,5.6491,1,-0.0,0.0,False,False,True,False,0.62155
TC3_int_inf,2026-04-15 12:00:00,2026-04-14 12:00:00,2026-04-16 11:00:00,103.3526,145.6207,729.5867,385.3505,0.0,0.0,0.0,-0.0,2.3649,1,0.0,0.0,False,False,True,False,124.48665
TC3_int_inf,2026-04-16 00:00:00,2026-04-15 00:00:00,2026-04-16 23:00:00,23.7978,79.4251,1604.4793,222.6367,1.2901,1.1182,0.0955,0.0892,5.6344,1,0.09235,1.20415,False,True,True,False,51.61145
TC3_int_inf,2026-04-16 12:00:00,2026-04-15 12:00:00,2026-04-17 11:00:00,27.889,92.1793,1595.5335,255.5138,1.2195,1.033,0.0899,0.0813,5.5793,1,0.0856,1.12625,False,True,True,False,60.03415
TC3_int_inf,2026-04-17 00:00:00,2026-04-16 00:00:00,2026-04-17 23:00:00,28.6276,94.8079,1599.8798,262.1964,1.2274,1.0348,0.0912,0.0819,5.5902,1,0.08655,1.1311,False,True,True,False,61.71775
TC3_int_inf,2026-04-19 12:00:00,2026-04-18 12:00:00,2026-04-20 11:00:00,23.2914,77.87,1606.4384,218.5762,1.244,1.0813,0.0928,0.0838,5.6443,1,0.08829999999999999,1.16265,False,True,True,False,50.5807
TC3_int_inf,2026-04-21 12:00:00,2026-04-20 12:00:00,2026-04-22 11:00:00,22.5166,75.3164,1605.9562,211.8837,1.1255,0.9828,0.0839,0.076,5.6472,1,0.07995,1.05415,False,True,True,False,48.9165
TC3_int_inf,2026-04-22 00:00:00,2026-04-21 00:00:00,2026-04-22 23:00:00,23.2988,77.6703,1601.8213,218.0539,1.0894,0.9473,0.0801,0.0727,5.628,1,0.0764,1.0183499999999999,False,True,True,False,50.48455
TC3_int_inf,2026-04-22 12:00:00,2026-04-21 12:00:00,2026-04-23 11:00:00,22.088,73.3535,1593.7611,206.7186,1.0171,0.8913,0.0743,0.0672,5.6068,1,0.07075000000000001,0.9541999999999999,False,True,True,False,47.720749999999995
TC3_int_inf,2026-04-23 12:00:00,2026-04-22 12:00:00,2026-04-24 11:00:00,21.7284,71.8146,1585.5691,202.6562,0.9539,0.8382,0.0603,0.0565,5.5801,1,0.0584,0.89605,False,True,True,False,46.7715
TC3_int_inf,2026-04-25 00:00:00,2026-04-24 00:00:00,2026-04-25 23:00:00,17.0073,57.3524,1609.9755,163.9244,1.1646,1.0504,0.0963,0.0955,5.694,1,0.0959,1.1075,False,True,True,False,37.17985
TC3_int_inf,2026-04-25 12:00:00,2026-04-24 12:00:00,2026-04-26 11:00:00,20.9251,69.7776,1598.4262,197.2615,1.1129,0.9815,0.0844,0.08,5.63,1,0.0822,1.0472000000000001,False,True,True,False,45.351350000000004
TC3_int_inf,2026-04-26 12:00:00,2026-04-25 12:00:00,2026-04-27 11:00:00,22.2213,74.6908,1613.3018,210.2396,1.2611,1.1025,0.0999,0.0939,5.6747,1,0.0969,1.1818,False,True,True,False,48.45605
TC3_int_inf,2026-04-27 00:00:00,2026-04-26 00:00:00,2026-04-27 23:00:00,25.23,84.1597,1605.9381,234.9295,1.1653,1.0015,0.0849,0.0757,5.6312,1,0.08030000000000001,1.0834000000000001,False,True,True,False,54.69485
TC3_int_inf,2026-04-27 12:00:00,2026-04-26 12:00:00,2026-04-28 11:00:00,24.6146,82.4703,1612.0467,230.5553,1.1931,1.0284,0.0903,0.0811,5.6562,1,0.0857,1.11075,False,True,True,False,53.542449999999995
TC3_int_inf,2026-04-28 00:00:00,2026-04-27 00:00:00,2026-04-28 23:00:00,23.8191,79.6364,1607.3416,223.1878,1.1544,1.0002,0.086,0.0782,5.6444,1,0.0821,1.0773000000000001,False,True,True,False,51.72775
TC3_int_inf,2026-04-29 00:00:00,2026-04-28 00:00:00,2026-04-29 23:00:00,25.9333,85.8874,1595.5965,239.3893,1.044,0.8944,0.0692,0.0619,5.5908,1,0.06555,0.9692000000000001,False,True,True,False,55.91035
TC3_int_inf,2026-04-30 00:00:00,2026-04-29 00:00:00,2026-04-30 23:00:00,25.4402,83.8416,1586.987,234.1069,1.0258,0.8821,0.0728,0.0673,5.5635,1,0.07005,0.9539500000000001,False,True,True,False,54.6409
TC3_int_inf,2026-05-01 12:00:00,2026-04-30 12:00:00,2026-05-02 11:00:00,20.3847,69.1375,1624.8495,195.5623,1.3359,1.1796,0.1278,0.1181,5.7263,1,0.12295,1.2577500000000001,False,True,True,False,44.7611
TC3_int_inf,2026-05-02 12:00:00,2026-05-01 12:00:00,2026-05-03 11:00:00,25.7832,85.8899,1604.6864,239.3957,0.9089,0.7787,0.0792,0.071,5.6236,1,0.0751,0.8438,False,True,True,False,55.83655
TC3_int_inf,2026-05-03 00:00:00,2026-05-02 00:00:00,2026-05-03 23:00:00,18.7454,63.701,1625.2851,181.0511,1.0825,0.9652,0.1113,0.1139,5.7377,1,0.1126,1.02385,False,True,True,False,41.2232
TC3_int_inf,2026-05-07 00:00:00,2026-05-06 00:00:00,2026-05-07 23:00:00,34.0608,112.2144,1600.2071,305.6588,0.983,0.8032,0.0658,0.0556,5.56,1,0.0607,0.8931,False,True,True,False,73.13759999999999
TC3_int_inf,2026-05-07 12:00:00,2026-05-06 12:00:00,2026-05-08 11:00:00,26.0286,87.7435,1624.2619,244.165,1.1721,1.0009,0.1049,0.0958,5.6907,1,0.10035,1.0865,False,True,True,False,56.88605
TC3_int_inf,2026-05-09 00:00:00,2026-05-08 00:00:00,2026-05-09 23:00:00,30.2464,100.9401,1614.8117,277.6637,1.0815,0.9018,0.09,0.0808,5.6329,1,0.0854,0.9916499999999999,False,True,True,False,65.59325
TC3_int_inf,2026-05-09 12:00:00,2026-05-08 12:00:00,2026-05-10 11:00:00,27.8914,93.1158,1611.6112,257.8983,1.0841,0.9168,0.0902,0.0841,5.6355,1,0.08715,1.00045,False,True,True,False,60.5036
TC3_int_inf,2026-05-10 00:00:00,2026-05-09 00:00:00,2026-05-10 23:00:00,28.0757,93.7035,1611.4342,259.3928,1.0691,0.9031,0.0882,0.082,5.6338,1,0.08510000000000001,0.9861,False,True,True,False,60.8896
TC3_int_inf,2026-05-10 12:00:00,2026-05-09 12:00:00,2026-05-11 11:00:00,26.5838,88.6468,1607.6118,246.4834,1.0226,0.8717,0.084,0.0786,5.6291,1,0.08130000000000001,0.9471499999999999,False,True,True,False,57.6153
TC3_int_inf,2026-05-11 00:00:00,2026-05-10 00:00:00,2026-05-11 23:00:00,27.1793,90.8828,1613.0174,252.2062,1.0392,0.8824,0.0867,0.0808,5.6446,1,0.08374999999999999,0.9607999999999999,False,True,True,False,59.03105
TC3_int_inf,2026-05-11 12:00:00,2026-05-10 12:00:00,2026-05-12 11:00:00,27.4889,91.7959,1611.3757,254.5366,1.0341,0.8766,0.0858,0.0794,5.637,1,0.0826,0.95535,False,True,True,False,59.6424
TC3_sup_inf,2026-03-08 12:00:00,2026-03-07 12:00:00,2026-03-09 11:00:00,52.8495,52.8495,,289.5497,5.41,4.4725,0.0,0.0,,1,0.0,4.94125,False,True,True,False,52.8495
TC3_sup_inf,2026-03-09 00:00:00,2026-03-08 00:00:00,2026-03-09 23:00:00,72.5104,58.9729,791.7853,319.674,1.5004,1.2133,0.0819,0.0791,5.4898,1,0.0805,1.3568500000000001,False,True,True,False,65.74165
TC3_sup_inf,2026-03-09 12:00:00,2026-03-08 12:00:00,2026-03-10 11:00:00,117.5168,100.8111,853.4741,508.6464,1.7193,1.1959,0.0837,0.0771,5.7834,1,0.0804,1.4576,False,True,True,False,109.16395
TC3_sup_inf,2026-03-10 00:00:00,2026-03-09 00:00:00,2026-03-10 23:00:00,121.8464,103.7332,848.732,520.8113,1.6298,1.1218,0.0754,0.0665,5.7387,1,0.07095,1.3758,False,True,True,False,112.7898
TC3_sup_inf,2026-03-11 00:00:00,2026-03-10 00:00:00,2026-03-11 23:00:00,127.2591,107.8966,847.3908,537.9244,1.6264,1.1028,0.0725,0.0624,5.7141,1,0.06745,1.3646,False,True,True,False,117.57785000000001
TC3_sup_inf,2026-03-12 00:00:00,2026-03-11 00:00:00,2026-03-12 23:00:00,89.581,71.0584,778.7234,377.2152,1.9209,1.4872,0.13,0.1182,5.3522,1,0.1241,1.70405,False,True,True,False,80.31970000000001
TC3_sup_inf,2026-03-12 12:00:00,2026-03-11 12:00:00,2026-03-13 11:00:00,473.6965,391.072,944.8232,1262.2141,0.0,0.0,-0.0,-0.0,5.3961,1,-0.0,0.0,False,False,True,False,432.38425
TC3_sup_inf,2026-03-13 00:00:00,2026-03-12 00:00:00,2026-03-13 23:00:00,111.2473,90.728,808.9975,465.6725,1.7168,1.2383,0.1252,0.092,5.4994,1,0.1086,1.47755,False,True,True,False,100.98765
TC3_sup_inf,2026-03-13 12:00:00,2026-03-12 12:00:00,2026-03-14 11:00:00,101.2762,83.0096,809.1941,431.7066,1.2323,0.9139,0.0976,0.0687,5.5286,1,0.08315,1.0731,False,True,True,False,92.1429
TC3_sup_inf,2026-03-14 00:00:00,2026-03-13 00:00:00,2026-03-14 23:00:00,23.0049,18.9599,782.4818,110.2671,1.1965,1.1176,0.0857,0.1013,5.5669,1,0.0935,1.15705,False,True,True,False,20.9824
TC3_sup_inf,2026-03-15 00:00:00,2026-03-14 00:00:00,2026-03-15 23:00:00,41.5627,33.8658,781.0316,191.8234,1.4422,1.2766,0.0976,0.0985,5.5028,1,0.09805,1.3594,False,True,True,False,37.71425
TC3_sup_inf,2026-03-16 12:00:00,2026-03-15 12:00:00,2026-03-17 11:00:00,57.1387,47.1241,796.7931,260.7765,1.5944,1.3455,0.0959,0.0906,5.5685,1,0.09325,1.4699499999999999,False,True,True,False,52.1314
TC3_sup_inf,2026-03-17 12:00:00,2026-03-16 12:00:00,2026-03-18 11:00:00,60.7716,50.807,809.1807,279.3529,1.6659,1.3874,0.0869,0.0865,5.6445,1,0.0867,1.52665,False,True,True,False,55.7893
TC3_sup_inf,2026-03-18 00:00:00,2026-03-17 00:00:00,2026-03-18 23:00:00,101.9846,84.4938,818.218,438.3115,1.5646,1.1541,0.0808,0.0597,5.5883,1,0.07025,1.35935,False,True,True,False,93.2392
TC3_sup_inf,2026-03-19 00:00:00,2026-03-18 00:00:00,2026-03-19 23:00:00,92.1294,76.5547,816.7567,402.5669,1.6188,1.2288,0.1025,0.0875,5.6063,1,0.095,1.4238,False,True,True,False,84.34205
TC3_sup_inf,2026-03-19 12:00:00,2026-03-18 12:00:00,2026-03-20 11:00:00,67.998,56.4104,805.8397,307.1484,1.622,1.3238,0.1035,0.0954,5.6002,1,0.09945,1.4729,False,True,True,False,62.2042
TC3_sup_inf,2026-03-20 00:00:00,2026-03-19 00:00:00,2026-03-20 23:00:00,69.8696,58.1691,809.4553,315.7578,1.6228,1.3161,0.1034,0.0945,5.62,1,0.09895000000000001,1.4694500000000001,False,True,True,False,64.01935
TC3_sup_inf,2026-03-20 12:00:00,2026-03-19 12:00:00,2026-03-21 11:00:00,68.3876,57.0284,810.1836,310.1799,1.6081,1.3096,0.1015,0.0934,5.6293,1,0.09745000000000001,1.45885,False,True,True,False,62.708
TC3_sup_inf,2026-03-22 00:00:00,2026-03-21 00:00:00,2026-03-22 23:00:00,72.7733,61.1084,817.6003,330.0247,1.6193,1.2994,0.104,0.097,5.668,1,0.1005,1.4593500000000001,False,True,True,False,66.94085000000001
TC3_sup_inf,2026-03-23 00:00:00,2026-03-22 00:00:00,2026-03-23 23:00:00,35.7514,30.5177,815.7907,173.8838,1.4655,1.313,0.0859,0.0892,5.7651,1,0.08755,1.38925,False,True,True,False,33.13455
TC3_sup_inf,2026-03-24 00:00:00,2026-03-23 00:00:00,2026-03-24 23:00:00,-3.1523,-2.636,783.0582,-15.9354,1.1123,1.1229,0.0885,0.1333,5.6488,1,0.1109,1.1176,False,True,True,False,-2.89415
TC3_sup_inf,2026-03-25 00:00:00,2026-03-24 00:00:00,2026-03-25 23:00:00,22.8636,19.1811,796.4427,111.5095,1.0744,1.0027,0.0731,0.0804,5.6666,1,0.07675,1.0385499999999999,False,True,True,False,21.022350000000003
TC3_sup_inf,2026-03-26 00:00:00,2026-03-25 00:00:00,2026-03-26 23:00:00,16.5835,13.3691,762.8336,78.5311,1.2664,1.2069,0.1269,0.1409,5.4455,1,0.13390000000000002,1.23665,False,True,True,False,14.9763
TC3_sup_inf,2026-03-27 00:00:00,2026-03-26 00:00:00,2026-03-27 23:00:00,260.6402,191.0958,776.5922,831.2219,2.6413,1.3273,0.1902,0.1624,4.9046,1,0.1763,1.9843000000000002,False,True,True,False,225.868
TC3_sup_inf,2026-03-27 12:00:00,2026-03-26 12:00:00,2026-03-28 11:00:00,403.9602,319.0336,882.9298,1141.1839,5.7281,1.8159,0.2282,0.1752,5.2098,1,0.2017,3.7720000000000002,False,True,True,False,361.4969
TC3_sup_inf,2026-03-28 12:00:00,2026-03-27 12:00:00,2026-03-29 11:00:00,492.9242,394.1718,920.8031,1266.7504,5.2106,1.2603,0.1733,0.0827,5.212,1,0.128,3.23545,False,True,True,False,443.548
TC3_sup_inf,2026-04-04 12:00:00,2026-04-03 12:00:00,2026-04-05 11:00:00,335.5776,209.3317,680.342,884.5871,1.4756,0.6944,0.1256,0.0667,4.1458,1,0.09614999999999999,1.085,False,True,True,False,272.45465
TC3_sup_inf,2026-04-08 00:00:00,2026-04-07 00:00:00,2026-04-08 23:00:00,314.501,200.9332,691.2624,860.4446,1.5314,0.7428,0.1273,0.068,4.2547,1,0.09765,1.1371,False,True,True,False,257.71709999999996
TC3_sup_inf,2026-04-08 12:00:00,2026-04-07 12:00:00,2026-04-09 11:00:00,280.3213,181.9712,693.0475,803.1751,1.5804,0.8207,0.132,0.0776,4.3358,1,0.1048,1.20055,False,True,True,False,231.14625
TC3_sup_inf,2026-04-09 00:00:00,2026-04-08 00:00:00,2026-04-09 23:00:00,221.4386,146.4417,689.1954,684.7493,1.5983,0.9433,0.1307,0.1052,4.436,1,0.11795,1.2708,False,True,True,False,183.94015000000002
TC3_sup_inf,2026-04-09 12:00:00,2026-04-08 12:00:00,2026-04-10 11:00:00,284.7011,180.6952,678.7788,799.179,1.5023,0.7838,0.1089,0.0657,4.2377,1,0.08729999999999999,1.1430500000000001,False,True,True,False,232.69815
TC3_sup_inf,2026-04-10 00:00:00,2026-04-09 00:00:00,2026-04-10 23:00:00,253.6713,170.0972,708.2333,765.2703,1.4823,0.8034,0.1108,0.0647,4.488,1,0.08775,1.14285,False,True,True,False,211.88425
TC3_sup_inf,2026-04-11 00:00:00,2026-04-10 00:00:00,2026-04-11 23:00:00,163.0912,111.7852,696.371,553.678,1.411,0.9435,0.1172,0.1004,4.6125,1,0.10880000000000001,1.17725,False,True,True,False,137.4382
TC3_sup_inf,2026-04-11 12:00:00,2026-04-10 12:00:00,2026-04-12 11:00:00,220.6289,148.9777,703.4625,693.7134,1.4785,0.8647,0.1255,0.0804,4.5296,1,0.10295,1.1716,False,True,True,False,184.80329999999998
TC3_sup_inf,2026-04-12 12:00:00,2026-04-11 12:00:00,2026-04-13 11:00:00,171.577,119.4791,710.1792,584.205,1.5892,1.0336,0.1356,0.0992,4.6842,1,0.1174,1.3114,False,True,True,False,145.52805
TC3_sup_inf,2026-04-14 00:00:00,2026-04-13 00:00:00,2026-04-14 23:00:00,159.6735,112.2867,713.3693,555.6937,1.5228,1.0164,0.118,0.0861,4.7331,1,0.10205,1.2696,False,True,True,False,135.9801
TC3_sup_inf,2026-04-16 12:00:00,2026-04-15 12:00:00,2026-04-17 11:00:00,163.705,115.8251,719.0304,569.8124,1.5676,1.033,0.1092,0.0813,4.7611,1,0.09525,1.3003,False,True,True,False,139.76505
TC3_sup_inf,2026-04-17 00:00:00,2026-04-16 00:00:00,2026-04-17 23:00:00,173.3362,123.8123,729.0368,601.0292,1.6161,1.0348,0.1152,0.0819,4.8044,1,0.09855,1.32545,False,True,True,False,148.57425
TC3_sup_inf,2026-04-17 12:00:00,2026-04-16 12:00:00,2026-04-18 11:00:00,165.9719,119.0419,729.6477,582.4927,1.606,1.0461,0.1163,0.0842,4.826,1,0.10025,1.32605,False,True,True,False,142.5069
TC3_sup_inf,2026-04-18 00:00:00,2026-04-17 00:00:00,2026-04-18 23:00:00,191.337,136.7627,735.3356,649.7736,1.6409,1.0028,0.1189,0.0792,4.8032,1,0.09905,1.32185,False,True,True,False,164.04985
TC3_sup_inf,2026-04-18 12:00:00,2026-04-17 12:00:00,2026-04-19 11:00:00,193.166,140.4958,748.8514,663.4079,0.0,0.0,0.0,0.0,4.8871,1,0.0,0.0,False,False,True,False,166.83089999999999
TC3_sup_inf,2026-04-19 12:00:00,2026-04-18 12:00:00,2026-04-20 11:00:00,159.7784,116.3036,738.4391,571.7081,1.6437,1.0813,0.1177,0.0838,4.8992,1,0.10075,1.3624999999999998,False,True,True,False,138.041
TC3_sup_inf,2026-04-20 12:00:00,2026-04-19 12:00:00,2026-04-21 11:00:00,374.9005,259.3225,765.3904,1014.1205,0.0,0.0,0.0,0.0,4.5783,1,0.0,0.0,False,False,True,False,317.1115
TC3_sup_inf,2026-04-21 00:00:00,2026-04-20 00:00:00,2026-04-21 23:00:00,174.9373,126.0504,735.9454,609.6165,1.5111,0.9598,0.1064,0.0716,4.8461,1,0.089,1.2354500000000002,False,True,True,False,150.49385
TC3_sup_inf,2026-04-22 00:00:00,2026-04-21 00:00:00,2026-04-22 23:00:00,173.9116,125.2292,735.1277,606.4735,1.487,0.9473,0.108,0.0727,4.8432,1,0.09035,1.2171500000000002,False,True,True,False,149.5704
TC3_sup_inf,2026-04-23 12:00:00,2026-04-22 12:00:00,2026-04-24 11:00:00,228.2028,163.5194,748.8877,743.5641,1.5103,0.8382,0.1036,0.0565,4.8044,1,0.08005,1.17425,False,True,True,False,195.8611
TC3_sup_inf,2026-04-25 00:00:00,2026-04-24 00:00:00,2026-04-25 23:00:00,155.8265,112.8912,733.6403,558.1185,1.5772,1.0504,0.1252,0.0955,4.8769,1,0.11035,1.3138,False,True,True,False,134.35885000000002
TC3_sup_inf,2026-04-25 12:00:00,2026-04-24 12:00:00,2026-04-26 11:00:00,183.0544,130.7535,732.1739,627.4378,1.5717,0.9815,0.1201,0.08,4.802,1,0.10005,1.2766000000000002,False,True,True,False,156.90395
TC3_sup_inf,2026-04-26 00:00:00,2026-04-25 00:00:00,2026-04-26 23:00:00,163.5537,117.7289,731.4756,577.3347,1.6549,1.0831,0.1306,0.092,4.8439,1,0.1113,1.369,False,True,True,False,140.6413
TC3_sup_inf,2026-04-27 00:00:00,2026-04-26 00:00:00,2026-04-27 23:00:00,189.0908,136.037,739.3967,647.1018,1.6345,1.0015,0.1192,0.0757,4.835,1,0.09745000000000001,1.318,False,True,True,False,162.5639
TC3_sup_inf,2026-04-27 12:00:00,2026-04-26 12:00:00,2026-04-28 11:00:00,178.3455,128.9926,739.8471,620.8007,1.6364,1.0284,0.1204,0.0811,4.8636,1,0.10075,1.3324,False,True,True,False,153.66905
TC3_sup_inf,2026-04-28 00:00:00,2026-04-27 00:00:00,2026-04-28 23:00:00,181.8506,131.4734,740.6863,630.1393,1.6058,1.0002,0.1176,0.0782,4.8607,1,0.0979,1.303,False,True,True,False,156.66199999999998
TC3_sup_inf,2026-04-28 12:00:00,2026-04-27 12:00:00,2026-04-29 11:00:00,-398.2636,-312.4512,562.8848,-3476.2426,0.0,0.0,0.0,0.0,5.1788,1,0.0,0.0,False,False,True,False,-355.3574
TC3_sup_inf,2026-04-29 00:00:00,2026-04-28 00:00:00,2026-04-29 23:00:00,191.5266,135.8277,729.6456,646.33,1.4586,0.8944,0.0987,0.0619,4.7656,1,0.0803,1.1764999999999999,False,True,True,False,163.67714999999998
TC3_sup_inf,2026-04-30 00:00:00,2026-04-29 00:00:00,2026-04-30 23:00:00,197.9036,139.1857,725.6007,658.6441,1.4561,0.8821,0.1001,0.0673,4.7243,1,0.0837,1.1691,False,True,True,False,168.54465
TC3_sup_inf,2026-04-30 12:00:00,2026-04-29 12:00:00,2026-05-01 11:00:00,-5.2385,-3.7688,672.933,-22.8296,0.0,0.0,0.0,0.0,4.8598,1,0.0,0.0,False,False,True,False,-4.50365
TC3_sup_inf,2026-05-01 00:00:00,2026-04-30 00:00:00,2026-05-01 23:00:00,212.0314,148.8188,728.539,693.154,1.556,0.9105,0.1103,0.0623,4.7108,1,0.0863,1.23325,False,True,True,False,180.4251
TC3_sup_inf,2026-05-02 00:00:00,2026-05-01 00:00:00,2026-05-02 23:00:00,176.6678,127.2139,736.027,614.0532,1.3963,0.8831,0.1191,0.0831,4.8425,1,0.1011,1.1397,False,True,True,False,151.94085
TC3_sup_inf,2026-05-02 12:00:00,2026-05-01 12:00:00,2026-05-03 11:00:00,198.9352,140.7608,730.3326,664.3688,1.2926,0.7787,0.1201,0.071,4.7527,1,0.09555,1.03565,False,True,True,False,169.848
TC3_sup_inf,2026-05-03 00:00:00,2026-05-02 00:00:00,2026-05-03 23:00:00,124.2955,91.602,735.5518,469.4597,1.3423,0.9652,0.1191,0.1139,4.9673,1,0.11649999999999999,1.15375,False,True,True,False,107.94875
TC3_sup_inf,2026-05-04 00:00:00,2026-05-03 00:00:00,2026-05-04 23:00:00,160.8646,115.4396,728.3607,568.2831,1.3474,0.8891,0.0997,0.0736,4.8297,1,0.08665,1.11825,False,True,True,False,138.1521
TC3_sup_inf,2026-05-06 00:00:00,2026-05-05 00:00:00,2026-05-06 23:00:00,413.4377,304.3548,825.707,1112.4324,0.0,0.0,0.0,0.0,4.8505,1,0.0,0.0,False,False,True,False,358.89625
TC3_sup_inf,2026-05-07 00:00:00,2026-05-06 00:00:00,2026-05-07 23:00:00,216.9208,152.1825,729.7315,704.9252,1.3893,0.8032,0.1027,0.0556,4.7073,1,0.07915,1.09625,False,True,True,False,184.55165
TC3_sup_inf,2026-05-07 12:00:00,2026-05-06 12:00:00,2026-05-08 11:00:00,141.5393,102.9807,732.0049,517.6909,1.4502,1.0009,0.1255,0.0958,4.9008,1,0.11065,1.22555,False,True,True,False,122.25999999999999
TC3_sup_inf,2026-05-09 00:00:00,2026-05-08 00:00:00,2026-05-09 23:00:00,178.9243,127.5857,729.5969,615.4673,1.4276,0.9018,0.1184,0.0808,4.7949,1,0.0996,1.1647,False,True,True,False,153.255
TC3_sup_inf,2026-05-09 12:00:00,2026-05-08 12:00:00,2026-05-10 11:00:00,170.3735,121.2824,725.6009,591.2382,1.4188,0.9168,0.1155,0.0841,4.7888,1,0.0998,1.1678,False,True,True,False,145.82795
TC3_sup_inf,2026-05-10 00:00:00,2026-05-09 00:00:00,2026-05-10 23:00:00,164.9302,117.5478,724.7026,576.6215,1.379,0.9031,0.1109,0.082,4.7958,1,0.09645000000000001,1.14105,False,True,True,False,141.239
TC3_sup_inf,2026-05-10 12:00:00,2026-05-09 12:00:00,2026-05-11 11:00:00,166.9467,118.62,723.1322,580.8381,1.3362,0.8717,0.1081,0.0786,4.7806,1,0.09335,1.10395,False,True,True,False,142.78334999999998
TC3_sup_inf,2026-05-11 00:00:00,2026-05-10 00:00:00,2026-05-11 23:00:00,165.3091,118.0763,726.4155,578.7021,1.3499,0.8824,0.1096,0.0808,4.8062,1,0.0952,1.11615,False,True,True,False,141.6927
TC3_sup_inf,2026-05-11 12:00:00,2026-05-10 12:00:00,2026-05-12 11:00:00,173.05,123.3964,727.697,599.4258,1.367,0.8766,0.113,0.0794,4.7963,1,0.09620000000000001,1.1218,False,True,True,False,148.22320000000002
TC3_sup_int,2026-03-08 12:00:00,2026-03-07 12:00:00,2026-03-09 11:00:00,90.2073,90.2073,,250.4798,5.41,4.599,0.0,0.0,,1,0.0,5.0045,False,True,True,False,90.2073
TC3_sup_int,2026-03-09 00:00:00,2026-03-08 00:00:00,2026-03-09 23:00:00,33.7589,116.3051,1672.8713,315.6769,1.5004,1.2169,0.0819,0.0769,5.8143,1,0.0794,1.35865,False,True,True,False,75.032
TC3_sup_int,2026-03-09 12:00:00,2026-03-08 12:00:00,2026-03-10 11:00:00,56.6502,205.1461,1797.8318,515.9968,1.7193,1.1884,0.0837,0.0733,6.1043,1,0.0785,1.45385,False,True,True,False,130.89815
TC3_sup_int,2026-03-10 00:00:00,2026-03-09 00:00:00,2026-03-10 23:00:00,60.109,216.6502,1795.243,539.6713,1.6298,1.1034,0.0754,0.0622,6.0743,1,0.0688,1.3666,False,True,True,False,138.3796
TC3_sup_int,2026-03-11 00:00:00,2026-03-10 00:00:00,2026-03-11 23:00:00,59.471,213.0381,1783.1807,532.2906,1.6264,1.1083,0.0725,0.0608,6.0374,1,0.06665,1.36735,False,True,True,False,136.25455
TC3_sup_int,2026-03-12 00:00:00,2026-03-11 00:00:00,2026-03-12 23:00:00,43.4365,145.0551,1637.042,384.0407,1.9209,1.4794,0.13,0.1119,5.6335,1,0.12095,1.70015,False,True,True,False,94.2458
TC3_sup_int,2026-03-12 12:00:00,2026-03-11 12:00:00,2026-03-13 11:00:00,-111.566,-377.0518,1385.2522,-1623.4511,0.0,0.0,-0.0,-0.0,5.6669,1,-0.0,0.0,False,False,True,False,-244.3089
TC3_sup_int,2026-03-16 00:00:00,2026-03-15 00:00:00,2026-03-16 23:00:00,35.5245,121.6952,1666.3155,328.7649,1.5683,1.2597,0.0885,0.0737,5.781,1,0.0811,1.4140000000000001,False,True,True,False,78.60985
TC3_sup_int,2026-03-16 12:00:00,2026-03-15 12:00:00,2026-03-17 11:00:00,27.8334,95.5295,1656.7319,264.0254,1.5944,1.3424,0.0959,0.0884,5.7936,1,0.09215000000000001,1.4684,False,True,True,False,61.68145
TC3_sup_int,2026-03-17 12:00:00,2026-03-16 12:00:00,2026-03-18 11:00:00,30.6304,106.0261,1675.5579,290.3631,1.6659,1.3764,0.0869,0.0828,5.8425,1,0.08485000000000001,1.52115,False,True,True,False,68.32825
TC3_sup_int,2026-03-18 00:00:00,2026-03-17 00:00:00,2026-03-18 23:00:00,45.932,158.6682,1697.4933,415.1971,1.5646,1.1758,0.0808,0.061,5.8267,1,0.07089999999999999,1.3702,False,True,True,False,102.30010000000001
TC3_sup_int,2026-03-18 12:00:00,2026-03-17 12:00:00,2026-03-19 11:00:00,30.2824,104.6402,1672.0746,286.914,1.759,1.457,0.12,0.1114,5.8324,1,0.1157,1.608,False,True,True,False,67.4613
TC3_sup_int,2026-03-19 12:00:00,2026-03-18 12:00:00,2026-03-20 11:00:00,32.5284,111.7992,1666.8553,304.6381,1.622,1.3263,0.1035,0.0936,5.8008,1,0.09855,1.47415,False,True,True,False,72.1638
TC3_sup_int,2026-03-20 00:00:00,2026-03-19 00:00:00,2026-03-20 23:00:00,33.3929,115.1612,1673.9661,312.8829,1.6228,1.3189,0.1034,0.0928,5.8203,1,0.09809999999999999,1.47085,False,True,True,False,74.27705
TC3_sup_int,2026-03-20 12:00:00,2026-03-19 12:00:00,2026-03-21 11:00:00,32.3161,111.4641,1672.4174,303.8134,1.6081,1.3157,0.1015,0.0926,5.8214,1,0.09705,1.4619,False,True,True,False,71.8901
TC3_sup_int,2026-03-21 00:00:00,2026-03-20 00:00:00,2026-03-21 23:00:00,32.2304,111.2447,1673.4222,303.2733,1.5987,1.3085,0.1011,0.092,5.8254,1,0.09655,1.4536,False,True,True,False,71.73755
TC3_sup_int,2026-03-22 00:00:00,2026-03-21 00:00:00,2026-03-22 23:00:00,35.3214,122.6331,1688.4742,331.0292,1.6193,1.2985,0.104,0.0948,5.8591,1,0.09939999999999999,1.4588999999999999,False,True,True,False,78.97725
TC3_sup_int,2026-03-23 00:00:00,2026-03-22 00:00:00,2026-03-23 23:00:00,21.5341,75.5762,1683.3384,212.566,1.4655,1.2791,0.0859,0.0846,5.9253,1,0.08524999999999999,1.3723,False,True,True,False,48.55515
TC3_sup_int,2026-03-24 00:00:00,2026-03-23 00:00:00,2026-03-24 23:00:00,5.6371,19.4054,1624.1743,57.3694,1.1123,1.0741,0.0885,0.1194,5.8134,1,0.10395,1.0932,False,True,True,False,12.52125
TC3_sup_int,2026-03-25 00:00:00,2026-03-24 00:00:00,2026-03-25 23:00:00,13.7284,47.5322,1647.4044,137.0435,1.0744,0.9863,0.0731,0.0777,5.8464,1,0.0754,1.0303499999999999,False,True,True,False,30.630300000000002
TC3_sup_int,2026-03-26 00:00:00,2026-03-25 00:00:00,2026-03-26 23:00:00,11.2396,37.4708,1582.1657,109.0051,1.2664,1.1838,0.1269,0.1335,5.6296,1,0.1302,1.2250999999999999,False,True,True,False,24.355199999999996
TC3_sup_int,2026-03-26 12:00:00,2026-03-25 12:00:00,2026-03-27 11:00:00,25.8393,86.0528,1604.329,239.8157,1.3333,1.1419,0.1278,0.1153,5.622,1,0.12154999999999999,1.2376,False,True,True,False,55.94605
TC3_sup_int,2026-03-27 00:00:00,2026-03-26 00:00:00,2026-03-27 23:00:00,128.2344,403.5843,1663.9722,862.9474,2.6413,1.2772,0.1902,0.1442,5.2651,1,0.16720000000000002,1.95925,False,True,True,False,265.90935
TC3_sup_int,2026-04-01 00:00:00,2026-03-31 00:00:00,2026-04-01 23:00:00,161.861,485.4479,1628.2171,973.6694,3.7743,1.5749,0.0786,0.1041,4.9889,1,0.09135,2.6746,False,True,True,False,323.65445
TC3_sup_int,2026-04-04 00:00:00,2026-04-03 00:00:00,2026-04-04 23:00:00,-12.1591,-37.3002,1419.9538,-116.0636,1.3119,1.403,0.1191,0.1284,5.1802,1,0.12375,1.35745,False,True,True,False,-24.72965
TC3_sup_int,2026-04-04 12:00:00,2026-04-03 12:00:00,2026-04-05 11:00:00,88.6331,265.498,1531.3241,634.9087,1.4756,0.9149,0.1256,0.0818,5.036,1,0.10369999999999999,1.1952500000000001,False,True,True,False,177.06555
TC3_sup_int,2026-04-06 00:00:00,2026-04-05 00:00:00,2026-04-06 23:00:00,87.0032,261.0415,1531.6105,626.563,1.5095,0.9434,0.1314,0.085,5.0451,1,0.10819999999999999,1.22645,False,True,True,False,174.02235
TC3_sup_int,2026-04-06 12:00:00,2026-04-05 12:00:00,2026-04-07 11:00:00,86.142,258.3334,1529.7041,621.4586,1.5053,0.9454,0.1328,0.0857,5.0431,1,0.10925,1.2253500000000002,False,True,True,False,172.2377
TC3_sup_int,2026-04-08 00:00:00,2026-04-07 00:00:00,2026-04-08 23:00:00,82.0115,247.5691,1534.1238,600.9222,1.5314,0.9806,0.1273,0.0844,5.0784,1,0.10585,1.256,False,True,True,False,164.7903
TC3_sup_int,2026-04-10 00:00:00,2026-04-09 00:00:00,2026-04-10 23:00:00,67.0707,209.8897,1568.851,525.8182,1.4823,1.0159,0.1108,0.0754,5.2713,1,0.09309999999999999,1.2490999999999999,False,True,True,False,138.4802
TC3_sup_int,2026-04-10 12:00:00,2026-04-09 12:00:00,2026-04-11 11:00:00,67.6985,211.4364,1566.6653,529.0024,1.3738,0.9389,0.1123,0.0713,5.2606,1,0.09179999999999999,1.15635,False,True,True,False,139.56745
TC3_sup_int,2026-04-11 12:00:00,2026-04-10 12:00:00,2026-04-12 11:00:00,59.4157,185.4164,1553.3437,474.2358,1.4785,1.0589,0.1255,0.0891,5.2595,1,0.1073,1.2687,False,True,True,False,122.41605000000001
TC3_sup_int,2026-04-13 12:00:00,2026-04-12 12:00:00,2026-04-14 11:00:00,46.1633,147.4713,1570.1519,389.6268,1.5066,1.1553,0.1138,0.0882,5.3883,1,0.101,1.33095,False,True,True,False,96.8173
TC3_sup_int,2026-04-14 00:00:00,2026-04-13 00:00:00,2026-04-14 23:00:00,37.8625,121.938,1570.1595,329.3515,1.5228,1.2226,0.118,0.0964,5.4343,1,0.10719999999999999,1.3727,False,True,True,False,79.90025
TC3_sup_int,2026-04-15 12:00:00,2026-04-14 12:00:00,2026-04-16 11:00:00,112.6242,365.5731,1694.1099,805.7191,0.0,0.0,0.0,0.0,5.442,1,0.0,0.0,False,False,True,False,239.09865000000002
TC3_sup_int,2026-04-16 12:00:00,2026-04-15 12:00:00,2026-04-17 11:00:00,43.0528,139.471,1587.4577,371.0378,1.5676,1.2195,0.1092,0.0899,5.465,1,0.09955,1.39355,False,True,True,False,91.2619
TC3_sup_int,2026-04-17 00:00:00,2026-04-16 00:00:00,2026-04-17 23:00:00,46.8854,152.8168,1603.1241,401.8986,1.6161,1.2274,0.1152,0.0912,5.4974,1,0.1032,1.42175,False,True,True,False,99.8511
TC3_sup_int,2026-04-19 00:00:00,2026-04-18 00:00:00,2026-04-19 23:00:00,55.5388,181.6168,1621.7735,466.0215,1.613,1.1631,0.1071,0.0769,5.5127,1,0.092,1.38805,False,True,True,False,118.57780000000001
TC3_sup_int,2026-04-19 12:00:00,2026-04-18 12:00:00,2026-04-20 11:00:00,47.1257,154.7373,1615.37,406.2788,1.6437,1.244,0.1177,0.0928,5.5381,1,0.10525,1.4438499999999999,False,True,True,False,100.9315
TC3_sup_int,2026-04-20 00:00:00,2026-04-19 00:00:00,2026-04-20 23:00:00,52.2267,172.0455,1628.5924,445.0788,1.577,1.1569,0.1116,0.0835,5.5545,1,0.09755,1.36695,False,True,True,False,112.1361
TC3_sup_int,2026-04-22 00:00:00,2026-04-21 00:00:00,2026-04-22 23:00:00,52.9855,172.7881,1613.3644,446.7167,1.487,1.0894,0.108,0.0801,5.4984,1,0.09405,1.2882,False,True,True,False,112.8868
TC3_sup_int,2026-04-23 00:00:00,2026-04-22 00:00:00,2026-04-23 23:00:00,61.679,202.8953,1640.8857,511.3074,1.5496,1.0754,0.1167,0.0827,5.5432,1,0.0997,1.3125,False,True,True,False,132.28715
TC3_sup_int,2026-04-23 12:00:00,2026-04-22 12:00:00,2026-04-24 11:00:00,77.9879,255.2242,1657.1367,615.5677,1.5103,0.9539,0.1036,0.0603,5.5075,1,0.08195,1.2321,False,True,True,False,166.60604999999998
TC3_sup_int,2026-04-24 12:00:00,2026-04-23 12:00:00,2026-04-25 11:00:00,91.4951,128.5765,720.2158,345.2901,0.0,0.0,0.0,-0.0,2.3619,1,0.0,0.0,False,False,True,False,110.0358
TC3_sup_int,2026-04-25 00:00:00,2026-04-24 00:00:00,2026-04-25 23:00:00,51.9568,168.43,1602.2354,437.0736,1.5772,1.1646,0.1252,0.0963,5.4661,1,0.11075,1.3709,False,True,True,False,110.1934
TC3_sup_int,2026-04-25 12:00:00,2026-04-24 12:00:00,2026-04-26 11:00:00,59.2352,191.7294,1610.852,487.76,1.5717,1.1129,0.1201,0.0844,5.4552,1,0.10225000000000001,1.3423,False,True,True,False,125.4823
TC3_sup_int,2026-04-27 00:00:00,2026-04-26 00:00:00,2026-04-27 23:00:00,57.7255,187.9142,1617.7855,479.6052,1.6345,1.1653,0.1192,0.0849,5.487,1,0.10205,1.3999000000000001,False,True,True,False,122.81985
TC3_sup_int,2026-04-27 12:00:00,2026-04-26 12:00:00,2026-04-28 11:00:00,53.8946,175.5149,1612.5778,452.712,1.6364,1.1931,0.1204,0.0903,5.4906,1,0.10535,1.4147500000000002,False,True,True,False,114.70475
TC3_sup_int,2026-04-28 00:00:00,2026-04-27 00:00:00,2026-04-28 23:00:00,56.1886,183.3104,1618.9614,469.6899,1.6058,1.1544,0.1176,0.086,5.4996,1,0.1018,1.3801,False,True,True,False,119.7495
TC3_sup_int,2026-04-28 12:00:00,2026-04-27 12:00:00,2026-04-29 11:00:00,239.2859,345.5474,827.6302,773.9563,0.0,0.0,0.0,-0.0,2.358,1,0.0,0.0,False,False,True,False,292.41665
TC3_sup_int,2026-04-29 00:00:00,2026-04-28 00:00:00,2026-04-29 23:00:00,57.372,185.768,1608.625,474.993,1.4586,1.044,0.0987,0.0692,5.4579,1,0.08395,1.2513,False,True,True,False,121.57
TC3_sup_int,2026-04-30 00:00:00,2026-04-29 00:00:00,2026-04-30 23:00:00,60.2199,194.5299,1609.1448,493.7104,1.4561,1.0258,0.1001,0.0728,5.444,1,0.08645,1.24095,False,True,True,False,127.3749
TC3_sup_int,2026-05-02 12:00:00,2026-05-01 12:00:00,2026-05-03 11:00:00,60.9121,195.6317,1600.9091,496.0432,1.2926,0.9089,0.1201,0.0792,5.4124,1,0.09965,1.1007500000000001,False,True,True,False,128.2719
TC3_sup_int,2026-05-03 00:00:00,2026-05-02 00:00:00,2026-05-03 23:00:00,36.5798,119.503,1590.7488,323.457,1.3423,1.0825,0.1191,0.1113,5.5129,1,0.1152,1.2124000000000001,False,True,True,False,78.0414
TC3_sup_int,2026-05-05 00:00:00,2026-05-04 00:00:00,2026-05-05 23:00:00,46.2697,149.6948,1590.3243,394.7457,1.4122,1.0786,0.1077,0.0837,5.457,1,0.09570000000000001,1.2454,False,True,True,False,97.98225
TC3_sup_int,2026-05-06 12:00:00,2026-05-05 12:00:00,2026-05-07 11:00:00,40.7326,132.0669,1585.2157,353.5942,1.4756,1.1633,0.1109,0.0925,5.4703,1,0.1017,1.31945,False,True,True,False,86.39975
TC3_sup_int,2026-05-07 00:00:00,2026-05-06 00:00:00,2026-05-07 23:00:00,59.6345,192.1507,1604.1862,488.657,1.3893,0.983,0.1027,0.0658,5.4304,1,0.08424999999999999,1.18615,False,True,True,False,125.8926
TC3_sup_int,2026-05-07 12:00:00,2026-05-06 12:00:00,2026-05-08 11:00:00,36.3157,118.218,1584.6783,320.3361,1.4502,1.1721,0.1255,0.1049,5.4933,1,0.1152,1.31115,False,True,True,False,77.26685
TC3_sup_int,2026-05-08 12:00:00,2026-05-07 12:00:00,2026-05-09 11:00:00,45.7241,147.777,1587.8434,390.3316,1.424,1.0913,0.1175,0.0918,5.4515,1,0.10464999999999999,1.25765,False,True,True,False,96.75054999999999
TC3_sup_int,2026-05-09 00:00:00,2026-05-08 00:00:00,2026-05-09 23:00:00,47.7714,154.2313,1589.3125,405.1262,1.4276,1.0815,0.1184,0.09,5.4452,1,0.1042,1.25455,False,True,True,False,101.00135
TC3_sup_int,2026-05-09 12:00:00,2026-05-08 12:00:00,2026-05-10 11:00:00,46.3673,149.449,1584.5209,394.1807,1.4188,1.0841,0.1155,0.0902,5.4365,1,0.10285,1.2514500000000002,False,True,True,False,97.90815
TC3_sup_int,2026-05-10 00:00:00,2026-05-09 00:00:00,2026-05-10 23:00:00,43.8035,141.3921,1582.9012,375.5261,1.379,1.0691,0.1109,0.0882,5.4452,1,0.09955,1.22405,False,True,True,False,92.5978
TC3_sup_int,2026-05-10 12:00:00,2026-05-09 12:00:00,2026-05-11 11:00:00,46.118,148.5932,1583.5829,392.2122,1.3362,1.0226,0.1081,0.084,5.4347,1,0.09605,1.1794,False,True,True,False,97.3556
TC3_sup_int,2026-05-11 00:00:00,2026-05-10 00:00:00,2026-05-11 23:00:00,45.0049,145.2699,1584.744,384.5384,1.3499,1.0392,0.1096,0.0867,5.4448,1,0.09815,1.19455,False,True,True,False,95.1374
TC3_sup_int,2026-05-11 12:00:00,2026-05-10 12:00:00,2026-05-12 11:00:00,48.0316,154.997,1588.9487,406.8699,1.367,1.0341,0.113,0.0858,5.4425,1,0.0994,1.20055,False,True,True,False,101.5143
TC5_int_inf,2026-01-04 12:00:00,2026-01-03 12:00:00,2026-01-05 11:00:00,78.6012,54.4599,481.3435,214.3179,0.034,0.0296,0.0066,0.0101,2.2893,1,0.00835,0.0318,False,False,True,False,66.53055
TC5_int_inf,2026-01-06 00:00:00,2026-01-05 00:00:00,2026-01-06 23:00:00,144.0211,268.9515,1353.2306,822.6222,0.0439,0.0223,0.0089,0.0047,6.1439,1,0.0068000000000000005,0.033100000000000004,False,False,True,False,206.4863
TC5_int_inf,2026-01-08 12:00:00,2026-01-07 12:00:00,2026-01-09 11:00:00,326.7839,44.3729,108.5383,176.8095,0.087,0.0778,0.1396,0.0456,0.4353,1,0.0926,0.0824,False,False,True,False,185.57840000000002
TC5_int_inf,2026-01-10 00:00:00,2026-01-09 00:00:00,2026-01-10 23:00:00,17.9435,33.1636,1229.9983,133.9941,0.0989,0.091,0.0424,0.0447,6.117,1,0.04355,0.09495,False,False,True,False,25.55355
TC5_int_inf,2026-01-10 12:00:00,2026-01-09 12:00:00,2026-01-11 11:00:00,-112.6773,-125.8818,667.8917,-623.9241,0.0272,0.0374,0.0053,0.0086,3.6842,1,0.00695,0.0323,False,False,True,False,-119.27955
TC5_int_inf,2026-01-14 00:00:00,2026-01-13 00:00:00,2026-01-14 23:00:00,228.5372,403.4623,1343.199,1066.5424,0.0866,0.0313,0.0444,0.0174,5.7543,1,0.0309,0.05895,False,False,True,False,315.99975
TC5_int_inf,2026-01-16 00:00:00,2026-01-15 00:00:00,2026-01-16 23:00:00,109.7161,193.4196,1250.177,644.7279,0.0808,0.0497,0.039,0.043,5.8148,1,0.040999999999999995,0.06525,False,False,True,False,151.56785
TC5_int_inf,2026-01-17 00:00:00,2026-01-16 00:00:00,2026-01-17 23:00:00,121.5614,216.8708,1274.7964,703.6271,0.0693,0.0401,0.0306,0.0625,5.8798,1,0.04655,0.0547,False,False,True,False,169.2161
TC5_int_inf,2026-01-18 00:00:00,2026-01-17 00:00:00,2026-01-18 23:00:00,152.9195,279.2605,1330.5375,844.3803,0.0684,0.0339,0.0307,0.0257,6.0035,1,0.028200000000000003,0.05115,False,False,True,False,216.08999999999997
TC5_int_inf,2026-01-20 12:00:00,2026-01-19 12:00:00,2026-01-21 11:00:00,-179.441,-125.508,392.1848,-621.7629,0.0281,0.0386,0.0056,0.0284,2.2934,1,0.017,0.033350000000000005,False,False,True,False,-152.4745
TC5_int_inf,2026-01-21 12:00:00,2026-01-20 12:00:00,2026-01-22 11:00:00,-353.5954,-363.9087,468.8314,-2510.391,0.0,0.0,0.0,0.0,3.2807,1,0.0,0.0,False,False,True,False,-358.75205
TC5_int_inf,2026-01-23 12:00:00,2026-01-22 12:00:00,2026-01-24 11:00:00,-66.4555,-33.8462,317.0548,-148.8042,0.0332,0.0361,0.0063,0.0714,1.6836,1,0.03885,0.03465,False,False,True,False,-50.150850000000005
TC5_int_inf,2026-01-26 12:00:00,2026-01-25 12:00:00,2026-01-27 11:00:00,-109.0042,-190.7967,1049.9101,-1031.874,0.0,0.0,0.0,0.0,5.7737,1,0.0,0.0,False,False,True,False,-149.90044999999998
TC5_int_inf,2026-01-27 12:00:00,2026-01-26 12:00:00,2026-01-28 11:00:00,-46.5459,-78.1915,1063.2084,-364.0058,0.0394,0.0479,0.0111,0.0274,5.5569,1,0.01925,0.043649999999999994,False,False,True,False,-62.368700000000004
TC5_int_inf,2026-01-29 12:00:00,2026-01-28 12:00:00,2026-01-30 11:00:00,-127.416,-50.875,235.4916,-228.6106,0.0245,0.0278,0.003,0.0442,1.3154,1,0.023600000000000003,0.02615,False,False,True,False,-89.1455
TC5_int_inf,2026-01-31 00:00:00,2026-01-30 00:00:00,2026-01-31 23:00:00,35.5961,61.5693,1166.0514,240.1871,0.0361,0.0309,0.0125,0.0542,5.7231,1,0.03335,0.0335,False,False,True,False,48.5827
TC5_int_inf,2026-02-02 12:00:00,2026-02-01 12:00:00,2026-02-03 11:00:00,94.7237,162.038,1201.2861,560.2618,0.0,0.0,0.0,-0.0,5.6474,1,0.0,0.0,False,False,True,False,128.38085
TC5_int_inf,2026-02-03 12:00:00,2026-02-02 12:00:00,2026-02-04 11:00:00,-127.7246,-232.4562,1073.0913,-1331.117,0.0602,0.1082,0.0243,0.1073,5.9955,1,0.0658,0.0842,False,False,True,False,-180.0904
TC5_int_inf,2026-02-07 00:00:00,2026-02-06 00:00:00,2026-02-07 23:00:00,99.3244,188.6028,1337.5057,632.1929,0.0896,0.0557,0.0642,0.2492,6.2672,1,0.1567,0.07264999999999999,False,False,True,False,143.96359999999999
TC5_int_inf,2026-02-08 12:00:00,2026-02-07 12:00:00,2026-02-09 11:00:00,-105.2784,-178.7364,1021.7747,-950.9493,0.0392,0.0616,0.0163,0.0473,5.6014,1,0.0318,0.0504,False,False,True,False,-142.00740000000002
TC5_int_inf,2026-02-09 00:00:00,2026-02-08 00:00:00,2026-02-09 23:00:00,29.5937,27.2669,618.4499,110.9805,0.0405,0.0378,0.0195,0.0497,3.049,1,0.0346,0.039150000000000004,False,False,True,False,28.4303
TC5_int_inf,2026-02-10 00:00:00,2026-02-09 00:00:00,2026-02-10 23:00:00,273.9354,497.0052,1413.5618,1193.4849,0.0942,0.0269,0.0602,0.0856,5.8732,1,0.07289999999999999,0.06055000000000001,False,False,True,False,385.4703
TC5_int_inf,2026-02-11 00:00:00,2026-02-10 00:00:00,2026-02-11 23:00:00,91.6574,169.1022,1292.9697,579.8623,0.1025,0.0669,0.0624,0.0719,6.0918,1,0.06715,0.0847,False,False,True,False,130.3798
TC5_int_inf,2026-02-13 00:00:00,2026-02-12 00:00:00,2026-02-13 23:00:00,62.3762,114.9028,1265.5917,420.1514,0.1047,0.0784,0.0647,0.0854,6.0904,1,0.07505,0.09154999999999999,False,False,True,False,88.6395
TC5_int_inf,2026-02-14 00:00:00,2026-02-13 00:00:00,2026-02-14 23:00:00,6.5607,11.768,1183.6058,48.8345,0.0741,0.072,0.0514,0.1376,5.9371,1,0.0945,0.07305,False,False,True,False,9.16435
TC5_int_inf,2026-02-16 12:00:00,2026-02-15 12:00:00,2026-02-17 11:00:00,373.0883,307.3158,672.2116,900.8089,0.0372,0.0172,0.0136,0.0267,2.6141,1,0.02015,0.0272,False,False,True,False,340.20205
TC5_int_inf,2026-02-18 12:00:00,2026-02-17 12:00:00,2026-02-19 11:00:00,135.5324,247.3631,1315.6432,775.1843,0.0613,0.0328,0.078,0.0289,6.0089,1,0.05345,0.04705,False,False,True,False,191.44774999999998
TC5_int_inf,2026-02-19 00:00:00,2026-02-18 00:00:00,2026-02-19 23:00:00,253.5158,264.222,803.559,812.4493,0.0,0.0,-0.0,0.0,3.3849,1,0.0,0.0,False,False,True,False,258.8689
TC5_int_inf,2026-02-19 12:00:00,2026-02-18 12:00:00,2026-02-20 11:00:00,84.2656,149.9838,1241.2487,525.9988,0.0578,0.0396,0.0232,0.156,5.8793,1,0.0896,0.0487,False,False,True,False,117.1247
TC5_int_inf,2026-02-20 00:00:00,2026-02-19 00:00:00,2026-02-20 23:00:00,16.5718,7.6497,306.8895,31.9089,0.0258,0.0253,0.0057,0.0209,1.5278,1,0.0133,0.02555,False,False,True,False,12.11075
TC5_int_inf,2026-02-20 12:00:00,2026-02-19 12:00:00,2026-02-21 11:00:00,124.484,225.8145,1298.6063,725.1885,0.0544,0.0308,0.0338,0.0239,5.9773,1,0.02885,0.0426,False,False,True,False,175.14925
TC5_int_inf,2026-02-21 12:00:00,2026-02-20 12:00:00,2026-02-22 11:00:00,-36.4174,-34.6642,607.4098,-152.5601,0.0,0.0,-0.0,0.0,3.1494,1,0.0,0.0,False,False,True,False,-35.540800000000004
TC5_int_inf,2026-02-23 12:00:00,2026-02-22 12:00:00,2026-02-24 11:00:00,113.3198,189.0815,1186.0226,633.4456,0.0404,0.0251,0.0163,0.1001,5.5023,1,0.058199999999999995,0.03275,False,False,True,False,151.20065
TC5_int_inf,2026-02-24 12:00:00,2026-02-23 12:00:00,2026-02-25 11:00:00,201.3053,265.4671,988.3673,815.1394,0.0313,0.016,0.0078,0.0124,4.3134,1,0.0101,0.02365,False,False,True,False,233.3862
TC5_int_inf,2026-02-26 00:00:00,2026-02-25 00:00:00,2026-02-26 23:00:00,105.411,190.5308,1278.2296,637.2284,0.0943,0.0583,0.0802,0.1983,5.9635,1,0.13924999999999998,0.07629999999999999,False,False,True,False,147.9709
TC5_int_inf,2026-02-28 00:00:00,2026-02-27 00:00:00,2026-02-28 23:00:00,82.0393,144.1809,1223.7737,509.1299,0.0557,0.0387,0.0374,0.0698,5.8058,1,0.0536,0.0472,False,False,True,False,113.1101
TC5_int_inf,2026-03-03 00:00:00,2026-03-02 00:00:00,2026-03-03 23:00:00,97.5293,174.9048,1261.7057,595.7035,0.0457,0.0294,0.0233,0.0333,5.9196,1,0.028300000000000002,0.03755,False,False,True,False,136.21705
TC5_int_inf,2026-03-03 12:00:00,2026-03-02 12:00:00,2026-03-04 11:00:00,-462.2333,-303.9094,252.1147,-1923.5369,0.0179,0.0384,0.0048,0.0446,2.037,1,0.0247,0.028149999999999998,False,False,True,False,-383.07135
TC5_int_inf,2026-03-06 00:00:00,2026-03-05 00:00:00,2026-03-06 23:00:00,-406.3558,-422.5301,437.9527,-3176.1943,0.0,0.0,0.0,-0.0,3.2728,1,0.0,0.0,False,False,True,False,-414.44295
TC5_int_inf,2026-03-06 12:00:00,2026-03-05 12:00:00,2026-03-07 11:00:00,296.2343,4.342,11.5468,18.1871,0.4179,0.4133,0.0558,0.0744,0.0473,1,0.06509999999999999,0.41559999999999997,False,True,True,False,150.28815
TC5_int_inf,2026-03-07 12:00:00,2026-03-06 12:00:00,2026-03-08 11:00:00,473.8491,478.1897,857.0612,1170.2978,0.0624,0.0187,0.0216,0.0157,3.1153,1,0.01865,0.04055,False,False,True,False,476.0194
TC5_int_inf,2026-03-11 00:00:00,2026-03-10 00:00:00,2026-03-11 23:00:00,499.5757,265.6065,455.6421,815.4399,0.0,0.0,0.0,0.0,1.6275,1,0.0,0.0,False,False,True,False,382.5911
TC5_int_inf,2026-03-11 12:00:00,2026-03-10 12:00:00,2026-03-12 11:00:00,99.6045,161.2087,1140.2303,557.9377,0.0376,0.025,0.0116,0.1336,5.3417,1,0.0726,0.0313,False,False,True,False,130.4066
TC5_int_inf,2026-03-12 12:00:00,2026-03-11 12:00:00,2026-03-13 11:00:00,264.9071,396.3065,1160.2356,1055.543,0.0413,0.0152,0.0217,0.012,4.85,1,0.01685,0.02825,False,False,True,False,330.6068
TC5_int_inf,2026-03-14 12:00:00,2026-03-13 12:00:00,2026-03-15 11:00:00,18.8228,13.1657,465.7934,54.539,0.0186,0.018,0.0037,0.0533,2.315,1,0.0285,0.018299999999999997,False,False,True,False,15.994250000000001
TC5_int_inf,2026-03-17 00:00:00,2026-03-16 00:00:00,2026-03-17 23:00:00,313.4843,196.2118,497.1899,651.9246,0.0338,0.0206,0.0086,0.0349,2.0118,1,0.02175,0.0272,False,False,True,False,254.84805
TC5_int_inf,2026-03-20 12:00:00,2026-03-19 12:00:00,2026-03-21 11:00:00,-240.3541,-301.9475,659.9442,-1905.8058,0.0,0.0,-0.0,0.0,4.088,1,0.0,0.0,False,False,True,False,-271.1508
TC5_int_inf,2026-03-21 12:00:00,2026-03-20 12:00:00,2026-03-22 11:00:00,-234.6844,-69.1743,155.8309,-318.2769,0.0411,0.0489,0.0254,0.0748,0.9599,1,0.050100000000000006,0.045,False,False,True,False,-151.92935
TC5_int_inf,2026-03-22 00:00:00,2026-03-21 00:00:00,2026-03-22 23:00:00,126.6701,214.9014,1216.1949,698.8135,0.0533,0.031,0.0277,0.0938,5.5893,1,0.06075,0.04215,False,False,True,False,170.78575
TC5_int_inf,2026-03-22 12:00:00,2026-03-21 12:00:00,2026-03-23 11:00:00,-73.7243,-45.5292,382.0821,-203.1877,0.0349,0.0392,0.011,0.2889,2.0409,1,0.14995,0.03705,False,False,True,False,-59.62675
TC5_int_inf,2026-03-26 12:00:00,2026-03-25 12:00:00,2026-03-27 11:00:00,-243.2634,-200.3995,431.337,-1098.0916,0.0,0.0,-0.0,0.0,2.6796,1,0.0,0.0,False,False,True,False,-221.83145
TC5_int_inf,2026-03-28 12:00:00,2026-03-27 12:00:00,2026-03-29 11:00:00,28.5228,43.9709,1033.9542,175.2952,0.0646,0.0578,0.1221,0.0955,5.1015,1,0.10880000000000001,0.061200000000000004,False,False,True,False,36.24685
TC5_int_inf,2026-03-29 00:00:00,2026-03-28 00:00:00,2026-03-29 23:00:00,17.8224,27.4233,1023.9188,111.5953,0.0,0.0,0.0,-0.0,5.0926,1,0.0,0.0,False,False,True,False,22.62285
TC5_int_inf,2026-04-02 00:00:00,2026-04-01 00:00:00,2026-04-02 23:00:00,121.2444,122.1907,719.9867,442.9175,0.0,0.0,0.0,-0.0,3.3216,1,0.0,0.0,False,False,True,False,121.71755
TC5_int_inf,2026-04-02 12:00:00,2026-04-01 12:00:00,2026-04-03 11:00:00,172.5187,304.6268,1301.6511,895.5718,0.0427,0.0198,0.0206,0.0593,5.794,1,0.03995,0.03125,False,False,True,False,238.57274999999998
TC5_int_inf,2026-04-03 12:00:00,2026-04-02 12:00:00,2026-04-04 11:00:00,48.6208,72.552,1015.3713,279.2497,0.0371,0.0309,0.0062,0.1122,4.9358,1,0.059199999999999996,0.034,False,False,True,False,60.586400000000005
TC5_int_inf,2026-04-06 00:00:00,2026-04-05 00:00:00,2026-04-06 23:00:00,191.4427,236.4391,920.4736,750.1786,0.0436,0.024,0.0154,0.0328,4.0443,1,0.024100000000000003,0.0338,False,False,True,False,213.9409
TC5_int_inf,2026-04-07 12:00:00,2026-04-06 12:00:00,2026-04-08 11:00:00,92.3622,51.7968,393.2039,204.5077,0.0404,0.0355,0.0123,0.2677,1.8516,1,0.13999999999999999,0.03795,False,False,True,False,72.0795
TC5_int_inf,2026-04-08 12:00:00,2026-04-07 12:00:00,2026-04-09 11:00:00,258.1407,171.9216,514.7192,587.5882,0.0428,0.0278,0.0136,0.0432,2.1614,1,0.0284,0.0353,False,False,True,False,215.03115
TC5_int_inf,2026-04-13 12:00:00,2026-04-12 12:00:00,2026-04-14 11:00:00,296.5617,441.765,1173.6902,1122.1614,0.0508,0.0167,0.019,0.0223,4.8032,1,0.02065,0.03375,False,False,True,False,369.16335
TC5_int_inf,2026-04-15 12:00:00,2026-04-14 12:00:00,2026-04-16 11:00:00,272.4541,468.5,1338.73,1157.9208,0.0657,0.0202,0.0407,0.024,5.5679,1,0.032350000000000004,0.042949999999999995,False,False,True,False,370.47704999999996
TC5_int_inf,2026-04-17 00:00:00,2026-04-16 00:00:00,2026-04-17 23:00:00,445.1195,101.2233,191.0862,376.2735,0.0,0.0,0.0,0.0,0.7082,1,0.0,0.0,False,False,True,False,273.1714
TC5_int_inf,2026-04-19 00:00:00,2026-04-18 00:00:00,2026-04-19 23:00:00,-234.8847,-153.3207,345.018,-788.2549,0.0314,0.0462,0.006,0.1092,2.1257,1,0.057600000000000005,0.0388,False,False,True,False,-194.1027
TC5_int_inf,2026-04-19 12:00:00,2026-04-18 12:00:00,2026-04-20 11:00:00,263.9849,405.0765,1189.4915,1068.9964,0.0432,0.0156,0.011,0.0123,4.9754,1,0.01165,0.029400000000000003,False,False,True,False,334.5307
TC5_int_inf,2026-04-22 12:00:00,2026-04-21 12:00:00,2026-04-23 11:00:00,82.8132,122.8344,1033.3835,444.9082,0.0339,0.0249,0.0088,0.1395,4.8998,1,0.07415000000000001,0.0294,False,False,True,False,102.8238
TC5_int_inf,2026-05-03 00:00:00,2026-05-02 00:00:00,2026-05-03 23:00:00,63.3333,105.8945,1149.5057,391.4269,0.0441,0.0338,0.0209,0.1055,5.5279,1,0.06319999999999999,0.03895,False,False,True,False,84.6139
TC5_int_inf,2026-05-05 00:00:00,2026-05-04 00:00:00,2026-05-05 23:00:00,482.5418,184.9802,326.5829,622.6651,0.0305,0.0192,0.0059,0.0366,1.1801,1,0.02125,0.024849999999999997,False,False,True,False,333.761
TC5_int_inf,2026-05-09 12:00:00,2026-05-08 12:00:00,2026-05-10 11:00:00,192.9944,77.4458,299.343,296.3106,0.0323,0.0266,0.0059,0.2213,1.3138,1,0.11359999999999999,0.02945,False,False,True,False,135.2201
TC5_int_inf,2026-05-10 00:00:00,2026-05-09 00:00:00,2026-05-10 23:00:00,126.312,208.3867,1182.4033,682.7195,0.0533,0.0315,0.0203,0.0644,5.4354,1,0.04235,0.0424,False,False,True,False,167.34935
TC5_int_inf,2026-05-10 12:00:00,2026-05-09 12:00:00,2026-05-11 11:00:00,123.2176,66.5322,386.2338,257.9727,0.0318,0.0269,0.0095,0.0356,1.7794,1,0.02255,0.02935,False,False,True,False,94.8749
TC5_int_inf,2026-05-11 00:00:00,2026-05-10 00:00:00,2026-05-11 23:00:00,259.7353,425.2719,1266.4555,1098.8686,0.0438,0.015,0.0154,0.0225,5.3125,1,0.01895,0.0294,False,False,True,False,342.5036
TC5_int_inf,2026-05-11 12:00:00,2026-05-10 12:00:00,2026-05-12 11:00:00,65.0737,42.0375,444.655,167.9886,0.0299,0.0269,0.0066,0.1717,2.1356,1,0.08915,0.0284,False,False,True,False,53.5556
TC5_sup_inf,2026-01-21 12:00:00,2026-01-20 12:00:00,2026-01-22 11:00:00,-38.0741,-16.1365,548.4266,-141.6033,0.0,0.0,0.0,0.0,5.6108,1,0.0,0.0,False,False,True,False,-27.1053
TC5_sup_inf,2026-01-26 00:00:00,2026-01-25 00:00:00,2026-01-26 23:00:00,200.902,74.2691,521.1685,521.8197,0.0,0.0,0.0,0.0,4.8802,1,0.0,0.0,False,False,True,False,137.58554999999998
TC5_sup_inf,2026-02-28 12:00:00,2026-02-27 12:00:00,2026-03-01 11:00:00,-316.3377,-135.1472,489.3669,-1631.5286,0.0,0.0,0.0,0.0,5.6152,1,0.0,0.0,False,False,True,False,-225.74245
TC5_sup_inf,2026-03-05 12:00:00,2026-03-04 12:00:00,2026-03-06 11:00:00,373.1131,153.5834,611.852,900.5199,0.8516,0.3926,0.0912,0.065,5.3946,1,0.0781,0.6221,False,True,True,False,263.34825
TC5_sup_inf,2026-03-06 12:00:00,2026-03-05 12:00:00,2026-03-07 11:00:00,172.8499,74.2626,600.1004,521.7819,0.601,0.4133,0.0267,0.0744,5.676,1,0.05055,0.50715,False,True,True,False,123.55625
TC5_sup_inf,2026-04-16 12:00:00,2026-04-15 12:00:00,2026-04-17 11:00:00,44.9614,15.2408,452.6928,123.5691,0.0,0.0,0.0,-0.0,4.4874,1,0.0,0.0,False,False,True,False,30.1011
TC5_sup_inf,2026-04-25 12:00:00,2026-04-24 12:00:00,2026-04-26 11:00:00,426.2161,129.4357,458.227,800.7933,0.0,0.0,0.0,0.0,3.9675,1,0.0,0.0,False,False,True,False,277.8259
TC5_sup_int,2026-01-15 12:00:00,2026-01-14 12:00:00,2026-01-16 11:00:00,-92.813,-120.4551,789.7851,-592.7484,0.0,0.0,-0.0,-0.0,4.285,1,-0.0,0.0,False,False,True,False,-106.63405
TC5_sup_int,2026-01-21 12:00:00,2026-01-20 12:00:00,2026-01-22 11:00:00,443.4385,331.6356,628.0219,946.5975,0.0,0.0,0.0,0.0,2.33,1,0.0,0.0,False,False,True,False,387.53705
TC5_sup_int,2026-01-30 00:00:00,2026-01-29 00:00:00,2026-01-30 23:00:00,-42.2144,-41.3394,621.9816,-183.5,0.0,0.0,0.0,0.0,3.2397,1,0.0,0.0,False,False,True,False,-41.7769
TC5_sup_int,2026-02-09 12:00:00,2026-02-08 12:00:00,2026-02-10 11:00:00,-497.9728,-173.9082,125.2229,-919.2353,0.0,0.0,0.0,-0.0,1.0696,1,0.0,0.0,False,False,True,False,-335.9405
TC5_sup_int,2026-02-21 12:00:00,2026-02-20 12:00:00,2026-02-22 11:00:00,-114.9109,-178.6351,927.4759,-950.2801,0.0,0.0,0.0,-0.0,5.1258,1,0.0,0.0,False,False,True,False,-146.773
TC5_sup_int,2026-03-05 12:00:00,2026-03-04 12:00:00,2026-03-06 11:00:00,141.4952,227.657,1164.0956,729.5703,0.8516,0.4797,0.0912,0.0729,5.2946,1,0.08205000000000001,0.6656500000000001,False,True,True,False,184.5761
TC5_sup_int,2026-03-06 12:00:00,2026-03-05 12:00:00,2026-03-07 11:00:00,84.6105,144.1832,1188.654,509.1365,0.601,0.4179,0.0267,0.0558,5.6288,1,0.04125,0.50945,False,True,True,False,114.39685
