freq,amplitude
0.00025,70620.395
0.0005,1147.0403939158673
0.00075,1201.4840265271407
0.001,655.0183649912692
0.00125,622.2423589143949
0.0015,416.88001727487443
0.00175,863.4918200011286
0.002,381.5404090256424
0.0022500000000000003,523.1589944347119
0.0025,255.08519932592193
0.00275,246.0824890869642
0.003,153.6602623619803
0.0032500000000000003,279.43323618210474
0.0035,169.27873758996657
0.00375,237.25976936692268
0.004,156.79671395157155
0.00425,213.27044466043614
0.0045000000000000005,154.53421208087508
0.00475,139.1069530967635
0.005,77.86459535702322
0.00525,189.27851372783311
0.0055,106.39398833082194
0.00575,164.7374776495002
0.006,98.1747866561679
0.00625,117.15465731236604
0.006500000000000001,158.1173566848725
0.00675,225.2464743949976
0.007,162.00516203244436
0.00725,460.6084421260149
0.0075,142.09572346879781
0.00775,12.124585824507777
0.008,41.048144325271615
0.00825,82.51184082361048
0.0085,81.81086176516214
0.00875,60.344928879692844
0.009000000000000001,35.116852246724314
0.00925,57.891896310693504
0.0095,54.091018954717185
0.00975,50.79954490609703
0.01,39.275110041680875
0.01025,41.92442881714795
0.0105,46.71722901090494
0.010750000000000001,34.519922253579814
0.011,34.063725712308965
0.01125,52.39103044550496
0.0115,31.254492363046314
0.01175,45.80377588532881
0.012,42.048410338242455
0.01225,22.912027558943663
0.0125,39.785879605679966
0.012750000000000001,45.81666567057608
0.013000000000000001,39.20691130793726
0.01325,36.47321050427351
0.0135,22.232545756047994
0.01375,27.107665988715834
0.014,16.499521184191153
0.01425,64.48398047343208
0.0145,53.9247959198119
0.014750000000000001,39.963447910154095
0.015,31.77544008933894
0.01525,35.816046598122576
0.0155,32.75147132242064
0.01575,29.55418716258151
0.016,36.57710593909151
0.01625,32.6166991588629
0.0165,31.0696811956779
0.01675,31.72184867669314
0.017,32.70210881428613
0.01725,32.12408074783518
0.0175,28.512011672094932
0.017750000000000002,28.196255395460348
0.018000000000000002,31.385034920848003
0.01825,30.110347917431902
0.0185,26.868980180678033
0.01875,27.999563760571558
0.019,28.996392072458466
0.01925,27.25842751372994
0.0195,25.859704381373582
0.01975,24.28040341848451
0.02,25.801127318576924
0.02025,25.65838202959762
0.0205,22.66773538629003
0.02075,23.23157374077033
0.021,22.262003625620732
0.02125,23.204173884351054
0.021500000000000002,25.851143022562287
0.021750000000000002,25.306185490660127
0.022,23.61487426948934
0.02225,24.163889391558268
0.0225,21.84346387257483
0.02275,21.09408015994699
0.023,20.97794800649615
0.02325,21.593900342542675
0.0235,20.082822231717557
0.02375,18.87520036720495
0.024,21.38254681237544
0.02425,21.746826076101968
0.0245,17.911673166705125
0.02475,18.75341471822776
0.025,21.808014103362886
0.02525,18.337126255171498
0.025500000000000002,17.43985119578492
0.025750000000000002,21.730279990572384
0.026000000000000002,18.387976304325285
0.02625,19.638575953749086
0.0265,19.400934510419948
0.02675,19.209974982330365
0.027,18.9457032091491
0.02725,18.81854396751136
0.0275,16.956599861502735
0.02775,17.496627643344823
0.028,18.339442430693634
0.02825,18.74377230469956
0.0285,18.84944126420755
0.02875,16.889552743536534
0.029,17.923950380639475
0.02925,17.11791975897863
0.029500000000000002,15.343651410338827
0.029750000000000002,16.927992415865756
0.03,16.536596914636043
0.03025,16.647731673513945
0.0305,16.707544011292075
0.03075,15.649227831351224
0.031,15.944047992794438
0.03125,16.298122689006487
0.0315,13.950283098897286
0.03175,14.691553483588576
0.032,16.263570997740423
0.03225,15.364514040762504
0.0325,16.75738744228628
0.03275,15.986222739297826
0.033,15.983137334970841
0.03325,16.202834368476168
0.0335,14.461916550826466
0.03375,15.851455494905785
0.034,13.722065794727516
0.03425,16.01118369400782
0.0345,14.59835648360518
0.03475,14.996350081124808
0.035,16.152599042614128
0.035250000000000004,14.0688884641591
0.035500000000000004,14.230790654339494
0.035750000000000004,14.534037149783796
0.036000000000000004,14.626688468970595
0.03625,14.127767539941836
0.0365,13.717441735483828
0.03675,13.257982123603982
0.037,12.89283713040104
0.03725,13.476723786114528
0.0375,13.163638591794191
0.03775,14.728120572346032
0.038,12.667108120493086
0.03825,13.806942227192899
0.0385,15.485185189604989
0.03875,13.267193008793118
0.039,14.690919534048687
0.03925,13.334329406473215
0.0395,12.515778878547096
0.03975,14.264122775296215
0.04,10.48309975866293
0.04025,11.023483418343112
0.0405,11.904737260660076
0.04075,10.2534563490983
0.041,11.859212355750955
0.04125,10.623332752253724
0.0415,12.232568495708696
0.04175,13.838192523235573
0.042,13.103968652284323
0.04225,12.773053904883582
0.0425,12.698250426198848
0.04275,12.671923757543084
0.043000000000000003,11.75998215200622
0.043250000000000004,10.967598738802167
0.043500000000000004,11.013591067807457
0.043750000000000004,13.347348337744707
0.044,12.128337730467837
0.04425,11.981921092861302
0.0445,11.268533176057497
0.04475,10.634032521800355
0.045,11.356610397319496
0.04525,11.393884505252265
0.0455,11.888425267517068
0.04575,10.26817879207957
0.046,10.54971042309632
0.04625,12.425130314152124
0.0465,11.318296268086888
0.04675,10.789037236245358
0.047,13.654407069226798
0.04725,12.357557687081368
0.0475,11.509042886501812
0.04775,10.937283337274778
0.048,9.5838616532996
0.04825,12.353174559957857
0.0485,8.444135019737221
0.04875,9.03730238190567
0.049,11.01894621643064
0.04925,11.023122160614786
0.0495,9.13603446555411
0.04975,8.959228489606927
0.05,9.897072868907726
0.05025,11.73584142095186
0.0505,10.476121840954908
0.05075,9.7287757285525
0.051000000000000004,10.829403144838189
0.051250000000000004,9.943961853425058
0.051500000000000004,11.009583382173458
0.051750000000000004,9.810822063656074
0.052000000000000005,10.23911482591026
0.05225,11.442042519210952
0.0525,8.402330636443477
0.05275,10.220369517347327
0.053,9.006045716219893
0.05325,9.83878912232907
0.0535,10.221203146656368
0.05375,7.7021086674130474
0.054,8.212879971389585
0.05425,8.96864531649468
0.0545,9.608410165536839
0.05475,10.365477365859972
0.055,8.703032040162135
0.05525,7.30746438500619
0.0555,9.818149699927949
0.05575,10.213166080380557
0.056,8.744033516996442
0.05625,11.201177885103286
0.0565,8.719636956304058
0.05675,8.37511857774266
0.057,7.512672020702496
0.05725,9.356061040701197
0.0575,9.117055885390817
0.05775,9.217255985236871
0.058,9.819757543351503
0.05825,10.379741518485849
0.0585,7.889955320504798
0.058750000000000004,7.176807355913659
0.059000000000000004,8.95312466647365
0.059250000000000004,6.957484142829837
0.059500000000000004,9.236388385704085
0.059750000000000004,8.655452630767856
0.06,8.145442716508613
0.06025,8.379109149215203
0.0605,7.909477809015412
0.06075,6.834553881435614
0.061,8.033349526209491
0.06125,8.72779317555005
0.0615,7.965679517262236
0.06175,9.257263615626751
0.062,7.569032488941063
0.06225,9.07526812896268
0.0625,8.020469090647113
0.06275,9.460521172447525
0.063,7.834653321131104
0.06325,8.380203563222858
0.0635,9.922281388265448
0.06375,7.479915230705829
0.064,7.9086469761383995
0.06425,7.222408659625074
0.0645,7.34240038627953
0.06475,6.784355170561112
0.065,8.605227652960052
0.06525,6.633438440110402
0.0655,7.776332477171641
0.06575,8.360748760530507
0.066,6.908142524987162
0.06625,6.983637470361771
0.0665,7.585155932201866
0.06675,7.046245942039315
0.067,6.706628725566315
0.06725,7.444550712231603
0.0675,7.455381955915273
0.06775,6.2988785690404345
0.068,8.11553013236498
0.06825,7.0898963035287625
0.0685,7.342316034008579
0.06875,8.274455089506892
0.069,7.423786582815952
0.06925,7.500256641172332
0.0695,6.531447728305261
0.06975,7.306690788660108
0.07,6.563777751561829
0.07025,5.929835723983126
0.07050000000000001,6.739791122311307
0.07075000000000001,5.72191298635023
0.07100000000000001,4.873895763103565
0.07125000000000001,6.448572150524003
0.07150000000000001,7.743535147793259
0.07175000000000001,7.283864948611991
0.07200000000000001,8.320290301874916
0.07225,6.892258777316313
0.0725,7.452505444601772
0.07275,6.644783961967888
0.073,7.59871752723155
0.07325,5.991141191871901
0.0735,7.352625556924594
0.07375,6.333998681868352
0.074,8.276582842409983
0.07425,6.276192487174997
0.0745,6.87868513733618
0.07475,5.520550803691217
0.075,7.401609506545458
0.07525,6.046825816203506
0.0755,7.779626971480052
0.07575,6.351130804067006
0.076,8.088143470642628
0.07625,5.566789612421645
0.0765,5.524929677889194
0.07675,6.796438583418766
0.077,6.600239052326575
0.07725,9.173045371870833
0.0775,7.58449028221994
0.07775,7.706760447445302
0.078,6.641810863603098
0.07825,7.014135506082598
0.0785,7.692698363901934
0.07875,6.5308456950860725
0.079,6.311957975497757
0.07925,7.953129105197177
0.0795,4.292723239039001
0.07975,4.122139895454065
0.08,4.967613118647323
0.08025,3.890425337150662
0.0805,4.435305393749387
0.08075,5.702553431732348
0.081,7.087791479426031
0.08125,6.6545337585585065
0.0815,5.825873470939299
0.08175,7.836768409199396
0.082,7.444583915359066
0.08225,6.899722056250426
0.0825,7.683105244493583
0.08275,7.2994829159122
0.083,6.176332924451082
0.08325,4.803305120063676
0.0835,6.163188417235852
0.08375,6.688286979555241
0.084,5.456065572591711
0.08425,4.812611419852798
0.0845,6.351638883903428
0.08475,5.469232839252676
0.085,6.825446078561477
0.08525,4.799525705057964
0.0855,4.038704570587969
0.08575,5.01808655735338
0.08600000000000001,5.85192312001915
0.08625000000000001,4.89432149933617
0.08650000000000001,6.2117508386582045
0.08675000000000001,6.229594931341808
0.08700000000000001,5.451069510587108
0.08725000000000001,7.260944657849389
0.08750000000000001,4.513618675166234
0.08775000000000001,7.407898102105938
0.088,3.7758141204083224
0.08825,3.706715355974504
0.0885,5.318993605638554
0.08875,6.571167576110035
0.089,3.891183118656181
0.08925,5.456724371332647
0.0895,7.385859140283849
0.08975,6.02499017288982
0.09,4.878792861596231
0.09025,6.508542772116905
0.0905,5.265718737323177
0.09075,4.504437179955461
0.091,6.97905231400306
0.09125,5.842192057205629
0.0915,6.083534365546043
0.09175,6.119160745248924
0.092,5.4764005228973796
0.09225,4.323622123363956
0.0925,5.471433814034634
0.09275,6.183685121114248
0.093,3.9169277138429313
0.09325,7.478464108087094
0.0935,6.492553796679447
0.09375,5.076141289078277
0.094,5.747883035305646
0.09425,5.118319907593993
0.0945,5.015900891733313
0.09475,4.529007351042719
0.095,7.189335167551923
0.09525,4.51734246033316
0.0955,4.855086585162302
0.09575,4.842255442040129
0.096,4.034590452948397
0.09625,5.233817816530017
0.0965,4.596385334294432
0.09675,4.2617285008451296
0.097,5.958768675345535
0.09725,4.3624854382688385
0.0975,4.774923277792289
0.09775,4.563353144212321
0.098,4.006765717762797
0.09825,4.098130985162465
0.0985,6.843419166985967
0.09875,6.022492535596822
0.099,4.838665278300959
0.09925,6.0600790116429515
0.0995,5.2838231398348965
0.09975,8.301823263387051
0.1,4.762345681328105
0.10025,4.619704915507895
0.1005,5.2836092541940385
0.10075,4.450901693796979
0.101,6.25010809416738
0.10125,5.0938871420337275
0.1015,3.4615444047232304
0.10175000000000001,7.162241165571998
0.10200000000000001,5.16490859388809
0.10225000000000001,5.616560537662638
0.10250000000000001,5.937109392754149
0.10275000000000001,4.8730623353682505
0.10300000000000001,4.960118493395118
0.10325000000000001,4.3737150916682275
0.10350000000000001,4.84190626986076
0.10375000000000001,4.684786497090193
0.10400000000000001,5.011681099192544
0.10425,5.562981927118647
0.1045,5.08171093540381
0.10475,4.086634303311731
0.105,4.658569785088346
0.10525,6.509176585927514
0.1055,6.028201446859099
0.10575,4.568384696445917
0.106,4.305538716714574
0.10625,4.812498725634376
0.1065,5.2517138593994765
0.10675,5.927170657030019
0.107,4.096355840232301
0.10725,3.874497601859864
0.1075,3.3577997003033153
0.10775,7.000345981754789
0.108,6.162060382468193
0.10825,2.865134924782916
0.1085,6.178063523601346
0.10875,6.094145328192608
0.109,3.152656954276769
0.10925,4.01400087970723
0.1095,3.6722792891926526
0.10975,4.96929069402986
0.11,4.654940945287407
0.11025,4.6039770494358985
0.1105,5.0692784902332475
0.11075,5.382108217475138
0.111,4.7614529354109
0.11125,4.433072616352646
0.1115,5.786380733002462
0.11175,3.9161020516271754
0.112,5.310302239022529
0.11225,4.564257999912383
0.1125,2.9749153266301884
0.11275,4.976587900924691
0.113,4.422713442027333
0.11325,4.75347017558893
0.1135,3.571667695719135
0.11375,5.19656060125112
0.114,4.5366902403594445
0.11425,4.788715434578919
0.1145,5.316797692262116
0.11475,4.4421453934494135
0.115,4.315246479754981
0.11525,6.541863677046433
0.1155,3.761366840751666
0.11575,3.243760692686655
0.116,6.723046814751552
0.11625,4.248701940475328
0.1165,4.13018859106067
0.11675,4.988072300006852
0.117,4.118561656068417
0.11725000000000001,4.406682385837259
0.11750000000000001,3.8768264536115913
0.11775000000000001,5.078939375503728
0.11800000000000001,3.8764918685787193
0.11825000000000001,2.7822146064053896
0.11850000000000001,4.44707541564718
0.11875000000000001,4.56982628615153
0.11900000000000001,4.742814930799999
0.11925000000000001,3.5303407261251754
0.11950000000000001,4.832493063960363
0.11975000000000001,4.1443200340719
0.12,3.8280976924949783
0.12025,4.593547051316475
0.1205,4.505804676912801
0.12075,4.7731714431314
0.121,4.777535624890432
0.12125,5.686731182197593
0.1215,4.423227492467676
0.12175,3.7946451261269596
0.122,5.941001510062199
0.12225,4.245652862745919
0.1225,3.0434881114851624
0.12275,4.045172082052937
0.123,3.8805643026659253
0.12325,5.814015453394584
0.1235,4.344388361791437
0.12375,4.504967186988263
0.124,3.7900392783366303
0.12425,5.51490092272654
0.1245,3.772640809172808
0.12475,2.937091418679477
0.125,4.731932493747559
0.12525,5.947483578452957
0.1255,5.016185152711288
0.12575,3.340912064909608
0.126,3.9276819780772803
0.12625,4.588148972990497
0.1265,3.0873967883686166
0.12675,4.5677236618934565
0.127,2.1848518450320795
0.12725,5.618882015439264
0.1275,4.083884383099946
0.12775,5.668013809915741
0.128,4.045400810312406
0.12825,4.0145650793904935
0.1285,4.001371805407172
0.12875,5.725185728706267
0.129,3.997025696052386
0.12925,6.007894251557749
0.1295,6.023075587078703
0.12975,3.919969460248747
0.13,4.462338850975174
0.13025,4.352749385590047
0.1305,4.692316463948436
0.13075,4.653444555860901
0.131,3.889426563269354
0.13125,5.361999987910539
0.1315,3.2976485745503474
0.13175,4.006460518941393
0.132,3.7012765200472524
0.13225,4.261605818609189
0.1325,3.6168219223261446
0.13275,2.6774829268413307
0.133,2.1173362762353065
0.13325,3.5621003538881886
0.1335,4.547551226476591
0.13375,4.56013637109693
0.134,4.624783064400445
0.13425,4.627625906505105
0.1345,4.180090112237859
0.13475,3.712226386139773
0.135,3.7492542909298656
0.13525,2.7415824150013495
0.1355,4.101993334180844
0.13575,2.247571666649156
0.136,3.018466137385732
0.13625,3.063396072934513
0.1365,3.0910421447068854
0.13675,3.702416569596041
0.137,5.5377634854897035
0.13725,5.666115369528756
0.1375,1.7908621137247793
0.13775,4.290767978146545
0.138,2.7232013412854124
0.13825,4.369530704430744
0.1385,2.237738265779753
0.13875,5.662157289251628
0.139,2.7326437367233436
0.13925,3.749083239228121
0.1395,2.660856457143525
0.13975,6.708076151252428
0.14,2.4829051818209837
0.14025,5.533584421739783
0.1405,5.655846158038497
0.14075000000000001,3.77768463138051
0.14100000000000001,0.7269244980629929
0.14125000000000001,4.117192776254147
0.14150000000000001,2.6126609501579807
0.14175000000000001,4.373953832520592
0.14200000000000002,2.5249786661844555
0.14225000000000002,4.662370168153979
0.14250000000000002,3.43497709196302
0.14275000000000002,3.6591383706657012
0.14300000000000002,4.670621752140586
0.14325000000000002,5.906111997279656
0.14350000000000002,4.456578400093985
0.14375000000000002,4.2708760009828906
0.14400000000000002,3.8676605330408624
0.14425,4.6501148388148765
0.1445,2.7957094462784964
0.14475,3.218844833715151
0.145,3.732776175602554
0.14525,4.596123995330867
0.1455,4.150232691228572
0.14575,4.245825135014562
0.146,5.997567982233255
0.14625,4.885957529306356
0.1465,4.66753186845053
0.14675,3.399912971394975
0.147,3.58586786314989
0.14725,2.9276834617890324
0.1475,4.224814667010774
0.14775,2.808927692618195
0.148,3.6485099770042795
0.14825,1.198613940118697
0.1485,3.491924817471973
0.14875,2.381273676461613
0.149,2.7555375001652935
0.14925,3.1557034664418766
0.1495,3.9302138226914725
0.14975,3.459541113439364
0.15,3.197485961182722
0.15025,2.4145282568570194
0.1505,2.8170220274601956
0.15075,2.922676386110469
0.151,3.094822862723282
0.15125,5.3467689445628155
0.1515,3.4689055291186532
0.15175,3.663462617369581
0.152,2.8367702365938423
0.15225,3.906059611113663
0.1525,3.9973669885297585
0.15275,2.1176472756303477
0.153,3.619434514589883
0.15325,3.272080158684327
0.1535,5.849888528680135
0.15375,3.676369528648708
0.154,3.543441472750157
0.15425,4.346170099402374
0.1545,3.442849344951025
0.15475,4.050942647518366
0.155,4.186717631901941
0.15525,3.716450876454539
0.1555,2.6577754636840862
0.15575,6.264552767686998
0.156,2.4224933944060236
0.15625,2.9355288802515225
0.1565,2.418842162508818
0.15675,5.519311364884949
0.157,2.972079169577278
0.15725,3.7935853911127886
0.1575,2.543564723460558
0.15775,3.4351684791791612
0.158,4.048368230715555
0.15825,3.7488242640651923
0.1585,3.3838668992041314
0.15875,4.778547684411702
0.159,4.056335262481814
0.15925,3.4004033422690885
0.1595,4.257926866004019
0.15975,4.278857067943986
0.16,3.353564519160847
0.16025,3.9300823602739814
0.1605,3.461868795104211
0.16075,2.3504588032039675
0.161,3.7079576998576633
0.16125,3.12362834521665
0.1615,4.643364408144899
0.16175,2.708498109055973
0.162,2.195624016819735
0.16225,3.3055760756764494
0.1625,3.8962233037225467
0.16275,3.935483013965351
0.163,4.599583314515677
0.16325,2.7436300273153207
0.1635,3.363376834390296
0.16375,2.69212658576735
0.164,4.137425908894245
0.16425,4.211333815377491
0.1645,3.037099850913439
0.16475,2.5290218383835765
0.165,4.417428079765571
0.16525,5.951419574449609
0.1655,2.260316545992829
0.16575,3.190899373444795
0.166,5.0326674759283625
0.16625,3.487045723980048
0.1665,5.630726307076802
0.16675,3.616947212847333
0.167,2.890017218948394
0.16725,3.388401257771792
0.1675,4.3134322515728085
0.16775,5.110581913200515
0.168,3.551144845435008
0.16825,3.073055103606966
0.1685,2.203865526013296
0.16875,3.4725594210829196
0.169,2.8032879993622846
0.16925,3.7762547220582845
0.1695,2.0036633586567234
0.16975,2.505628583878169
0.17,2.9508935036757045
0.17025,4.031710806174132
0.1705,5.040144694428662
0.17075,4.678833897214577
0.171,2.8985026435310024
0.17125,1.9193116404689812
0.1715,1.5405785235805403
0.17175,3.614861633252614
0.17200000000000001,2.767350853422544
0.17225000000000001,1.2329961787884292
0.17250000000000001,2.5365487106917293
0.17275000000000001,2.8573864532639335
0.17300000000000001,2.6286244374915895
0.17325000000000002,3.5261277139242364
0.17350000000000002,3.759553013483339
0.17375000000000002,3.389804349356243
0.17400000000000002,4.1147068100864805
0.17425000000000002,2.418383642507641
0.17450000000000002,2.0115259862950086
0.17475000000000002,3.69546042926842
0.17500000000000002,3.3331647803250353
0.17525000000000002,2.429706592220864
0.17550000000000002,4.44007359399777
0.17575000000000002,1.4381661230704588
0.176,2.323450494108119
0.17625,3.719951982758136
0.1765,2.9158700192416185
0.17675,3.409260458024972
0.177,2.7710791422023036
0.17725,2.874558595307957
0.1775,2.433357383061801
0.17775,2.870477385401934
0.178,3.524056401077502
0.17825,3.5956411076234653
0.1785,2.0510439316902493
0.17875,2.877035238400043
0.179,2.2149590897406752
0.17925,2.2561298379491554
0.1795,1.294215604355999
0.17975,1.3341746735610254
0.18,2.615671273573632
0.18025,4.05753914741663
0.1805,3.5837149162634208
0.18075,0.9288186844342734
0.181,3.6130388626512464
0.18125,2.884255690817825
0.1815,3.488460098121618
0.18175,4.265221364487968
0.182,3.4952830596383904
0.18225,0.564616226499121
0.1825,3.5300063040847207
0.18275,4.058611479970068
0.183,2.6599697185630222
0.18325,2.786465579118507
0.1835,2.531005006163968
0.18375,3.3770681631071136
0.184,2.167266743932039
0.18425,1.5444909639081834
0.1845,4.03672020903603
0.18475,3.61910948914788
0.185,2.087055304131307
0.18525,3.124168154672163
0.1855,2.2797940648498414
0.18575,2.389866424446336
0.186,2.591258866873272
0.18625,2.5878554572535597
0.1865,1.2498633053738217
0.18675,2.4344455226593382
0.187,3.4735112479543697
0.18725,1.953120740400191
0.1875,4.7719823294332855
0.18775,3.4096614296223504
0.188,3.2357148697679294
0.18825,3.3559827932072626
0.1885,2.6800219182890768
0.18875,2.8380494600623503
0.189,2.4003958572158894
0.18925,3.8704199127290053
0.1895,3.66142332443148
0.18975,3.369885601035138
0.19,4.654853715895448
0.19025,1.4011785780625854
0.1905,1.1910790696734503
0.19075,2.6083719421977345
0.191,3.2261227528274024
0.19125,3.3914221423435857
0.1915,2.6004666967227674
0.19175,3.745218812619373
0.192,3.084568259419719
0.19225,4.061069788832737
0.1925,2.608735892573601
0.19275,3.2298476220684615
0.193,2.6854453343153812
0.19325,3.000412436044948
0.1935,3.328154044731636
0.19375,2.8397342849565574
0.194,3.185560789154791
0.19425,2.0028650568618804
0.1945,2.320740683269077
0.19475,3.399243627187271
0.195,4.538421441071293
0.19525,2.5045455135326584
0.1955,2.6509170931286055
0.19575,2.9151891057093415
0.196,0.8341770644602287
0.19625,3.1297079937596823
0.1965,2.1700499767667045
0.19675,2.252441511638976
0.197,3.5001440442731653
0.19725,3.357099084731734
0.1975,3.3863323853798226
0.19775,3.2950772476081176
0.198,1.6969164487951507
0.19825,1.4566508968970944
0.1985,3.8649158162124246
0.19875,2.534404080028973
0.199,1.5698491121643001
0.19925,2.674551399660622
0.1995,2.495028653753705
0.19975,1.9255872160611234
0.2,2.3151614613374694
0.20025,3.724910975559959
0.2005,2.842321297096847
0.20075,1.961022929258467
0.201,2.9723748374928975
0.20125,2.5538746193718658
0.2015,2.232151738765897
0.20175,3.9089065486406547
0.202,3.2881607105200845
0.20225,3.2780112389552754
0.2025,2.2740681627248183
0.20275,3.2491034192190558
0.203,1.7308460457841108
0.20325000000000001,2.7396345055512654
0.20350000000000001,3.59030234360507
0.20375000000000001,3.863197411687409
0.20400000000000001,1.6872225833977246
0.20425000000000001,2.7619705741141476
0.20450000000000002,3.6151558283377927
0.20475000000000002,2.7123412435420753
0.20500000000000002,2.9208454281331995
0.20525000000000002,4.031687569302797
0.20550000000000002,2.8727332595024775
0.20575000000000002,2.90964177580435
0.20600000000000002,3.464494374387036
0.20625000000000002,2.91122421557964
0.20650000000000002,2.865843678345809
0.20675000000000002,4.668662532291155
0.20700000000000002,2.2483674902911837
0.20725000000000002,2.2772287975146157
0.20750000000000002,3.0946828517571268
0.20775000000000002,2.745761844509386
0.20800000000000002,3.040821424601286
0.20825,2.1254615649104034
0.2085,1.944114047934528
0.20875,4.00565777754285
0.209,2.8585177090786664
0.20925,2.830124868983461
0.2095,2.340392211265683
0.20975,3.1727273400354803
0.21,4.20814070702957
0.21025,3.38050359657473
0.2105,3.007601651154303
0.21075,1.5052869066723327
0.211,2.0369040994528884
0.21125,2.6384778931708137
0.2115,1.7377855678216618
0.21175,2.910286478375618
0.212,2.7125593401056816
0.21225,2.1882267604097603
0.2125,2.3080983335491028
0.21275,3.0531612854891566
0.213,2.5008483848873246
0.21325,2.3521856417372606
0.2135,2.4018893100630687
0.21375,3.013225277125299
0.214,1.5426219226755626
0.21425,1.5483146061542876
0.2145,1.885738374835325
0.21475,2.7131274303967747
0.215,2.8843328003075173
0.21525,0.5783530879523792
0.2155,2.335304087085703
0.21575,2.4805590366222066
0.216,3.44233422196865
0.21625,3.6028840850661457
0.2165,2.1292140998790283
0.21675,3.428857538210571
0.217,2.330356859940826
0.21725,2.740641708455661
0.2175,1.773445046967579
0.21775,2.0729458373808485
0.218,3.1217022819051334
0.21825,2.2228899486606717
0.2185,3.1899477196109385
0.21875,3.2181289736579592
0.219,3.2472406624136707
0.21925,0.8117910094845072
0.2195,2.1954894678624113
0.21975,2.309511089023123
0.22,1.591931989159371
0.22025,2.3674380189722988
0.2205,3.2748129494761558
0.22075,1.9506624863645499
0.221,2.1972440560713067
0.22125,2.580719566931759
0.2215,2.4510709872822685
0.22175,2.112157273075565
0.222,4.12480338966162
0.22225,2.5642315795511497
0.2225,3.2219801577803837
0.22275,3.799695827732186
0.223,2.188926904479698
0.22325,1.4478368415226652
0.2235,2.996229641855967
0.22375,2.884086695866965
0.224,3.316835430544312
0.22425,3.659068709551486
0.2245,2.396699663576816
0.22475,3.1115031585475785
0.225,3.2233142689021532
0.22525,2.64153887472638
0.2255,2.0878881610117546
0.22575,3.0835592768590137
0.226,2.4115429064107117
0.22625,4.599484783049463
0.2265,2.640914970002554
0.22675,2.42280839213739
0.227,1.1885495277550193
0.22725,2.2402360139341266
0.2275,1.3089286260380824
0.22775,1.7581667022036669
0.228,1.9443903160087657
0.22825,1.912754565765556
0.2285,3.785757518566756
0.22875,3.0160672473202044
0.229,3.2849797322270313
0.22925,1.7190116310082448
0.2295,2.3066542656264244
0.22975,1.7462759394079006
0.23,2.9036533933847406
0.23025,3.7820539804715874
0.2305,3.4642360359417705
0.23075,1.7959367049410506
0.231,2.708213564459743
0.23125,1.2565710546289062
0.2315,2.505959519184452
0.23175,3.642131076279995
0.232,2.4106320754371526
0.23225,3.7598077747390755
0.2325,1.5203800736494797
0.23275,3.2055627755608986
0.233,2.018948022445471
0.23325,2.4144187453550696
0.2335,1.622097641879507
0.23375,2.0163563898761985
0.234,2.416398200095682
0.23425,2.322391292412915
0.23450000000000001,2.0052928488740527
0.23475000000000001,2.0644941116092568
0.23500000000000001,2.248757863249077
0.23525000000000001,2.3010756187059416
0.23550000000000001,0.6761106019046471
0.23575000000000002,2.8946768880963543
0.23600000000000002,1.3887876342640264
0.23625000000000002,1.8740768818064912
0.23650000000000002,3.1804099695833927
0.23675000000000002,3.070328714479114
0.23700000000000002,3.7603068665733685
0.23725000000000002,2.769392677488601
0.23750000000000002,2.8775851595143807
0.23775000000000002,1.5938726945666397
0.23800000000000002,1.8332821177927234
0.23825000000000002,3.5544371510401658
0.23850000000000002,2.4518821796126757
0.23875000000000002,3.08356501247981
0.23900000000000002,4.496885034319188
0.23925000000000002,3.1177132115976836
0.23950000000000002,1.7549573321587812
0.23975000000000002,2.4518914000842678
0.24,2.788244923711388
0.24025,1.958824502011531
0.2405,3.1793345632579615
0.24075,1.243687161778798
0.241,2.407529844347317
0.24125,2.4131152738354738
0.2415,3.266663665724232
0.24175,3.5247295311429063
0.242,2.526282742520602
0.24225,1.9747649080452523
0.2425,0.7679407260853713
0.24275,2.8031984006028683
0.243,3.166067040590346
0.24325,2.003419921006146
0.2435,2.70094965061431
0.24375,2.7461384245718072
0.244,2.6486852261438063
0.24425,0.9612348351814216
0.2445,2.5528151718889855
0.24475,1.5510485223982815
0.245,2.2698050089380732
0.24525,4.794596389301245
0.2455,1.6156359571404
0.24575,3.4001032939750893
0.246,1.6054120290945146
0.24625,1.6789261498951256
0.2465,2.0438028084203297
0.24675,2.038591191683596
0.247,2.308905920352003
0.24725,1.9315594654631185
0.2475,2.965413283371903
0.24775,2.167918836108056
0.248,2.263993422715452
0.24825,2.2049942446023265
0.2485,2.523642167871476
0.24875,4.141389541260807
0.249,2.7638852219649053
0.24925,1.7416916080026155
0.2495,1.6513391999694604
0.24975,1.7459649241679076
0.25,3.3677256385123404
0.25025000000000003,3.609510908695392
0.2505,2.91654018554493
0.25075000000000003,2.6866784455114776
0.251,2.2224780236337853
0.25125000000000003,1.637113279824842
0.2515,1.8108549109160976
0.25175000000000003,2.495912072075453
0.252,1.7317975812892128
0.25225000000000003,2.5690451514694885
0.2525,2.8853460181230792
0.25275000000000003,3.9289608946073717
0.253,1.8849054795377056
0.25325000000000003,1.3005417188781059
0.2535,2.8048816274173145
0.25375000000000003,3.5030485435917837
0.254,2.9135475421896255
0.25425000000000003,2.0404652273718664
0.2545,3.260907588533602
0.25475000000000003,2.61241434018505
0.255,3.009721418802813
0.25525000000000003,2.24095238622283
0.2555,1.6716978445102175
0.25575000000000003,3.3132738032381566
0.256,2.8170026687209946
0.25625,2.894337597068339
0.2565,2.0579659037006475
0.25675,3.9527515200520984
0.257,2.4494011088792496
0.25725,2.78019686706266
0.2575,2.4329340992286217
0.25775,2.910864796522102
0.258,1.9138415759611072
0.25825,3.2065919807953693
0.2585,1.6349421803926543
0.25875,2.7760050751984764
0.259,1.7493117911439864
0.25925,1.8246009983781126
0.2595,0.8902807406393133
0.25975,0.7587503289447588
0.26,1.694923515741054
0.26025,1.572714927720754
0.2605,1.701999203362789
0.26075,3.0864461185029044
0.261,1.9311247102702516
0.26125,1.9445062077553166
0.2615,2.1550870727623166
0.26175,1.164183122149957
0.262,3.1740388078442145
0.26225,2.3153965561455436
0.2625,2.849320423089851
0.26275,1.6557818520067333
0.263,1.6179305933820785
0.26325,2.075872533118144
0.2635,2.235177716011392
0.26375,2.9598162305953566
0.264,3.573557819980704
0.26425,3.1934729185618775
0.2645,1.1867707281148854
0.26475,3.5987291871726206
0.265,2.33206042702111
0.26525,1.632882151015575
0.2655,2.2044447639655522
0.26575,4.17082831620267
0.266,1.79416643686377
0.26625,2.2693852124727423
0.2665,2.22882335500042
0.26675,1.8860654596320203
0.267,1.9225524625976886
0.26725,3.5902631907300786
0.2675,2.606518789084802
0.26775,2.6903256185603506
0.268,2.035605300173694
0.26825,2.9565634614943845
0.2685,2.167369876625859
0.26875,2.689475833975737
0.269,2.3311467299130784
0.26925,1.1219779353449972
0.2695,1.0775358560783943
0.26975,2.1969976783765013
0.27,1.554025807464319
0.27025,3.9015557162738936
0.2705,1.7792188353017562
0.27075,2.6611787967464933
0.271,2.8872876349775973
0.27125,3.474082705662661
0.2715,2.2249560928331955
0.27175,1.9080682340258548
0.272,2.12760321883945
0.27225,0.8255724610808582
0.2725,1.918397483465747
0.27275,1.7512537608771763
0.273,1.9079325601915853
0.27325,1.256019236008645
0.2735,2.373361951638761
0.27375,3.084230731254803
0.274,1.8524245699686028
0.27425,2.0369474734418302
0.2745,3.3444198352460166
0.27475,2.677848622678715
0.275,1.847265358012541
0.27525,2.395711755494052
0.2755,2.747977334689584
0.27575,0.9582475972431685
0.276,2.133841277926094
0.27625,2.522439852222539
0.2765,2.8627037451492736
0.27675,3.2121346996026348
0.277,1.9614329287785879
0.27725,1.5307954661088072
0.2775,1.2132401049995745
0.27775,3.137184179611817
0.278,2.6765279664408412
0.27825,3.0215137704573887
0.2785,2.159932054675144
0.27875,1.998883122671723
0.279,1.813664606551448
0.27925,1.638475213965309
0.2795,3.1361031380226243
0.27975,1.7379484522647077
0.28,2.279398891406463
0.28025,2.0179043549744233
0.2805,2.1212447906356617
0.28075,2.3331260376776473
0.281,2.0798241490510065
0.28125,1.6687434996358148
0.28150000000000003,1.573111442022132
0.28175,1.9358085696874487
0.28200000000000003,2.6641837207431327
0.28225,1.958334921625738
0.28250000000000003,1.2634905695681002
0.28275,2.34557439369311
0.28300000000000003,1.7391919704909258
0.28325,2.4808502313436422
0.28350000000000003,1.2111795097183717
0.28375,2.2455966340494915
0.28400000000000003,0.6997595844271038
0.28425,1.5342661003257059
0.28450000000000003,2.480720718974778
0.28475,2.5332900091630974
0.28500000000000003,1.7993754890937912
0.28525,2.46488496332296
0.28550000000000003,1.8387283193589081
0.28575,2.031449117973978
0.28600000000000003,3.1151157874799233
0.28625,1.755174658318834
0.28650000000000003,2.5846180457822454
0.28675,0.5987853952337308
0.28700000000000003,2.172787510009937
0.28725,0.12663396288169446
0.28750000000000003,2.9802353822565415
0.28775,2.5558868168790547
0.28800000000000003,2.2802399447495922
0.28825,3.3545978476186114
0.2885,2.91931050959992
0.28875,1.421916773944596
0.289,0.3624619559916087
0.28925,2.5164927926952196
0.2895,3.766520462277389
0.28975,1.6673492074278629
0.29,1.795749169056286
0.29025,2.224305492325131
0.2905,1.878597294988035
0.29075,1.7423760141269493
0.291,1.8041190067039867
0.29125,1.2871694545974044
0.2915,2.8641329955780677
0.29175,2.0046993650632503
0.292,2.4430044558365913
0.29225,2.0799255296025394
0.2925,1.7291239768986375
0.29275,2.2329208283450903
0.293,1.3443619563722953
0.29325,3.783429159556054
0.2935,0.6283890748664914
0.29375,0.9984433813148417
0.294,0.8743725410679613
0.29425,2.1421334228642808
0.2945,1.9763305459358917
0.29475,2.218279279292631
0.295,1.35516000072945
0.29525,3.1976319712678456
0.2955,1.3970883035801516
0.29575,1.8594048943250614
0.296,1.3720577388195763
0.29625,3.064022989507969
0.2965,1.3861745879182181
0.29675,2.2165194728362634
0.297,1.6163904064042203
0.29725,2.3895735603178982
0.2975,3.1937325936292207
0.29775,2.1417610639625435
0.298,2.057205749989219
0.29825,2.5952335531982826
0.2985,2.101120138065697
0.29875,0.9978813341108704
0.299,3.3609653565054725
0.29925,2.416282157459037
0.2995,2.341722185058978
0.29975,2.0882706984215904
0.3,1.526537964353246
0.30025,2.068895718403651
0.3005,0.8776907771830676
0.30075,2.6137603358699
0.301,1.577963179799935
0.30125,2.713687550236865
0.3015,1.773763890209468
0.30175,0.7001934258982659
0.302,3.2024029036259116
0.30225,2.3614286561414253
0.3025,1.8060708985206664
0.30275,1.296717218091582
0.303,2.5711712070124304
0.30325,1.375683802077819
0.3035,2.2536558119493186
0.30375,1.4243040914235674
0.304,2.0146994623135757
0.30425,1.0958579702786833
0.3045,2.3454556747421407
0.30475,1.3227839317652363
0.305,1.6827535735470085
0.30525,1.5329739642151847
0.3055,1.4989945017390844
0.30575,1.5663061756513663
0.306,2.966371568990894
0.30625,2.466142052519609
0.3065,1.698566676441565
0.30675,2.2363502445010455
0.307,2.3128696260695514
0.30725,2.017811400119628
0.3075,1.4678965102588357
0.30775,2.101674900120994
0.308,1.2460468724266733
0.30825,3.0872343942673854
0.3085,2.835691444030564
0.30875,2.2219358533764058
0.309,2.219805171727098
0.30925,2.005076074099011
0.3095,1.975100594536687
0.30975,1.9089293158230127
0.31,1.8350920892966534
0.31025,1.8578215213161235
0.3105,2.364668969551666
0.31075,3.6771715822263067
0.311,3.2831871767724827
0.31125,1.5807017077900478
0.3115,0.7598184760199201
0.31175,0.6544536646278263
0.312,1.8552829021944073
0.31225,1.0939719532555419
0.3125,0.8115802695152238
0.31275000000000003,2.369444618697948
0.313,1.6453268835754942
0.31325000000000003,1.9069714328163114
0.3135,2.1341350238821977
0.31375000000000003,3.57971943524318
0.314,1.843418295512482
0.31425000000000003,1.8647577975410017
0.3145,1.3638110489340098
0.31475000000000003,1.5452732545416787
0.315,0.9834767579975617
0.31525000000000003,2.3878285992239916
0.3155,2.2902445294429663
0.31575000000000003,2.0069498964388846
0.316,1.805453088426964
0.31625000000000003,1.5234930400497602
0.3165,2.0060179022116524
0.31675000000000003,2.6677245832593335
0.317,2.1586160702528843
0.31725000000000003,1.228106173306459
0.3175,1.806336711704521
0.31775000000000003,1.205739877931916
0.318,2.8338798602122646
0.31825000000000003,2.079374467151885
0.3185,1.7637834193926005
0.31875000000000003,2.1659820420357967
0.319,1.2450905763191011
0.31925000000000003,1.0943906496318763
0.3195,1.6133086963642247
0.31975000000000003,2.921056826242838
0.32,2.962585811654319
0.32025,1.6023966642908658
0.3205,3.277009705496128
0.32075,1.9422675018485058
0.321,1.8834107168835896
0.32125,2.5973336941385567
0.3215,2.3324763899069554
0.32175,1.8971759023458836
0.322,2.366722587749187
0.32225,1.7978273679716705
0.3225,1.2053952528303722
0.32275,1.9639486344142112
0.323,2.8028016244532212
0.32325,2.8768560823100495
0.3235,2.2651786935539326
0.32375,2.900271996362666
0.324,1.5258529346368521
0.32425,2.385248725428603
0.3245,2.284387345326815
0.32475,2.200390930696249
0.325,2.380773801475593
0.32525,1.4438608679447484
0.3255,2.5414552561276316
0.32575,1.946068401779876
0.326,2.6591536001889113
0.32625,0.970826070475593
0.3265,2.343123551190334
0.32675,2.694833605567094
0.327,2.5207762117273247
0.32725,2.1575597528986292
0.3275,2.6480059249951657
0.32775,1.6511012941974617
0.328,1.6584188636456658
0.32825,0.7763247854825021
0.3285,1.225079586820776
0.32875,2.1707186832621734
0.329,2.20863135715088
0.32925,2.4578461271802183
0.3295,1.4355451451536314
0.32975,2.270717912797334
0.33,2.493638396927826
0.33025,1.6769921968127386
0.3305,1.024226030802866
0.33075,2.9560452551378407
0.331,1.368178213539513
0.33125,2.105839750650825
0.3315,1.7895282075389616
0.33175,2.070234479801402
0.332,1.5168700131245407
0.33225,1.2342709519362105
0.3325,3.0855415335778336
0.33275,1.9987103858256596
0.333,2.334568908101663
0.33325,1.8717672907864256
0.3335,1.7315011543160865
0.33375,2.4590890565735584
0.334,1.677147612088388
0.33425,2.3633807109220077
0.3345,2.8618794305005415
0.33475,2.189011397381498
0.335,1.4898096838761739
0.33525,1.7203490707275224
0.3355,1.3055309703086264
0.33575,1.868793500487412
0.336,1.6093338866451308
0.33625,2.377657402750419
0.3365,1.5781366839373292
0.33675,2.0539238509708917
0.337,1.981044357726118
0.33725,1.2484871992934348
0.3375,2.4662082643036354
0.33775,1.1824825530068785
0.338,1.5196168018480276
0.33825,1.024980845932781
0.3385,1.0649366132450893
0.33875,2.2661640473930045
0.339,1.303764534443869
0.33925,2.0451600021579357
0.3395,1.8806438393137244
0.33975,0.2587316363445546
0.34,0.8591978723718149
0.34025,1.0928462054229104
0.3405,1.0617771767694884
0.34075,1.3242384164052992
0.341,1.2826003558854278
0.34125,3.025065703383111
0.3415,2.306740080988472
0.34175,1.6075062021979418
0.342,1.0441760123371888
0.34225,1.5541599391887606
0.3425,0.5506434248692408
0.34275,2.119456811295192
0.343,2.0545159471037886
0.34325,1.973378536595748
0.3435,2.762452728106979
0.34375,1.8506517164989797
0.34400000000000003,2.405988438216198
0.34425,2.709547875324193
0.34450000000000003,2.763772930467719
0.34475,1.8118634009388968
0.34500000000000003,0.7786029311285926
0.34525,2.3456532870970985
0.34550000000000003,2.0973396444198356
0.34575,2.131019968453835
0.34600000000000003,1.7660525257114688
0.34625,2.1529625164213724
0.34650000000000003,1.2713726139732462
0.34675,2.297814113479797
0.34700000000000003,1.8978894242001354
0.34725,1.0999973614384297
0.34750000000000003,2.4683305669642217
0.34775,2.7922961774822115
0.34800000000000003,1.7379566277282144
0.34825,1.4648972294001552
0.34850000000000003,2.1859960548811395
0.34875,1.3355120650542527
0.34900000000000003,2.5903563373799625
0.34925,0.7684629119524286
0.34950000000000003,2.1924655040189953
0.34975,3.1522616662710408
0.35000000000000003,1.9801761522476682
0.35025,3.0122361451232633
0.35050000000000003,2.0920944546475737
0.35075,1.1075282794093237
0.35100000000000003,0.5361738652989674
0.35125,2.5437806661586224
0.35150000000000003,2.241722316340918
0.35175,2.233487639604497
0.352,2.3295211476316715
0.35225,2.008491102086992
0.3525,2.1323031147742766
0.35275,2.068441425874739
0.353,1.2728733612700418
0.35325,2.072967285870694
0.3535,1.567218315841047
0.35375,1.4639652949913766
0.354,2.666392333730688
0.35425,2.993494233243623
0.3545,2.8560640971717475
0.35475,2.748714506348731
0.355,1.9498490572854754
0.35525,1.4440397709100863
0.3555,2.079090035136344
0.35575,1.4781743633117148
0.356,2.076009899078587
0.35625,0.7420595863555866
0.3565,2.172585734537334
0.35675,2.292156507078565
0.357,2.6217262805370782
0.35725,1.963176074033789
0.3575,2.115767956557565
0.35775,1.7318501655706144
0.358,1.9195289495947119
0.35825,0.8915189409750452
0.3585,2.3570529909729103
0.35875,1.4017622607175206
0.359,1.1862068520711198
0.35925,2.565142200141508
0.3595,1.2451678722609905
0.35975,2.230007004434438
0.36,1.4200451147395976
0.36025,1.8606598908822791
0.3605,0.7836234486224419
0.36075,2.5627415728902347
0.361,1.2628952333784884
0.36125,1.775587502644949
0.3615,3.054666370562969
0.36175,1.94901077206852
0.362,2.5461184614413788
0.36225,2.0308362623439375
0.3625,2.230404558898006
0.36275,2.2123673484398454
0.363,1.498233276445853
0.36325,1.0737317885142554
0.3635,2.7602126369958175
0.36375,2.2516849768634994
0.364,1.7590842786372238
0.36425,1.2998357875412576
0.3645,2.701012333904758
0.36475,1.3640417888726923
0.365,2.399533216298262
0.36525,3.085573628700235
0.3655,1.6453753178838553
0.36575,2.398579230807376
0.366,1.7429402692411893
0.36625,3.005216588921495
0.3665,1.701587604719802
0.36675,0.9451136619523921
0.367,1.4599818200572516
0.36725,1.6988309430622965
0.3675,3.2504881917468778
0.36775,1.9252635828434204
0.368,1.1132535277201248
0.36825,1.5117473119955769
0.3685,2.025492058000353
0.36875,0.9830639549814902
0.369,1.7509799364711844
0.36925,1.4813233182968253
0.3695,1.650795398591693
0.36975,1.2691075381249814
0.37,2.116957283383121
0.37025,1.6194795210368715
0.3705,1.0989436624547335
0.37075,2.8516446541150837
0.371,1.814185005817332
0.37125,1.8599574357063888
0.3715,0.789200105952844
0.37175,1.088392530152633
0.372,1.7382587725180632
0.37225,2.018817228088382
0.3725,2.479309971676829
0.37275,1.4118031942884497
0.373,1.7686880137524825
0.37325,3.0799950302576233
0.3735,2.290881408178286
0.37375,1.6158092477960975
0.374,2.3605041848076755
0.37425,1.7723630632109306
0.3745,1.2496420194466296
0.37475,2.825179660869757
0.375,1.213455942893155
0.37525000000000003,2.4499218526421678
0.3755,0.8230633641217503
0.37575000000000003,1.960816960743636
0.376,1.477336306469639
0.37625000000000003,0.9769998043569426
0.3765,3.1095164996352316
0.37675000000000003,0.6128560315693068
0.377,1.7573752756803114
0.37725000000000003,1.4245818162974269
0.3775,2.8359119049340222
0.37775000000000003,1.9765143818748796
0.378,2.107372576088914
0.37825000000000003,3.079786857690018
0.3785,2.2156487507139206
0.37875000000000003,1.1651440853260704
0.379,1.0576358816370084
0.37925000000000003,1.090789083715629
0.3795,2.1456085409708523
0.37975000000000003,2.69680305321069
0.38,2.038687473854787
0.38025000000000003,2.8317503596446785
0.3805,1.0641404340989544
0.38075000000000003,1.4981027397453848
0.381,2.955648015362606
0.38125000000000003,1.793681759638272
0.3815,2.199535106825926
0.38175000000000003,1.4483766629452324
0.382,2.527493896827644
0.38225000000000003,1.710996950537649
0.3825,1.969069578645813
0.38275000000000003,1.5641025360009488
0.383,1.1302854081299996
0.38325000000000004,1.1888469148073355
0.3835,1.8629534891599833
0.38375000000000004,1.7795164714676426
0.384,1.1935175223589956
0.38425,2.601674140966742
0.3845,1.53795153687666
0.38475,0.6727267342173969
0.385,1.802261075207182
0.38525,1.8525524473419068
0.3855,1.1385405794618342
0.38575,2.130915110691654
0.386,2.4326195838875817
0.38625,1.9089135741797556
0.3865,2.039711019188191
0.38675,1.5008027988947013
0.387,1.5256518264021715
0.38725,2.5796957058214516
0.3875,2.2529131497235424
0.38775,1.3086966609921649
0.388,0.9292424586207403
0.38825,1.518230497887495
0.3885,2.4053633389951927
0.38875,0.07204879051367297
0.389,1.7729504100972004
0.38925,1.1765295131492457
0.3895,0.6191292597740637
0.38975,2.3888587527221015
0.39,1.8223973332400807
0.39025,2.022093473700989
0.3905,1.213012111340873
0.39075,2.31105587905727
0.391,2.055059119900363
0.39125,1.6539857231598531
0.3915,0.9861951828176737
0.39175,1.0435251691805791
0.392,1.7381818860815763
0.39225,1.7194922219508486
0.3925,1.4048707036917214
0.39275,2.450225053013093
0.393,2.322982859024471
0.39325,1.3949359559340024
0.3935,1.0494235623392383
0.39375,2.0318695048901922
0.394,1.511181948637687
0.39425,2.748618464722848
0.3945,1.5393106137165753
0.39475,2.474452761961378
0.395,1.4407670840535485
0.39525,2.2180570235296346
0.3955,0.6453281413401118
0.39575,2.8103332815908573
0.396,2.3048961462591344
0.39625,1.5800959748017505
0.3965,1.3539357976034336
0.39675,1.8467349234827655
0.397,2.028867042224707
0.39725,2.161467148217972
0.3975,2.1921144525699994
0.39775,2.011948390267908
0.398,1.7189805425196918
0.39825,1.3730874130810846
0.3985,1.1623533784048572
0.39875,2.388339326875297
0.399,1.9043742664945138
0.39925,2.4753382324105577
0.3995,1.343728638146821
0.39975,1.8221161355048172
0.4,1.0848155783365734
0.40025,1.6222987468875276
0.4005,1.9975372204079826
0.40075,1.7762813354771128
0.401,2.162870004949899
0.40125,1.82331071239006
0.4015,2.0308989393324137
0.40175,1.2012428942293871
0.402,2.3399525360601103
0.40225,1.7942950847057821
0.4025,1.2389073047335997
0.40275,2.2177125617170153
0.403,1.3307949376239
0.40325,1.697101879257252
0.4035,1.572803035559295
0.40375,1.9514315033835437
0.404,1.0069875717196912
0.40425,1.488295953533598
0.4045,1.6773161824342546
0.40475,2.3404306289090133
0.405,1.601017006164617
0.40525,1.1130334159851691
0.4055,1.3678817978937312
0.40575,1.8456975125077013
0.406,1.3476379915945804
0.40625,0.6276477001740084
0.40650000000000003,1.0648113379045585
0.40675,1.8855427623635979
0.40700000000000003,1.7057500783290434
0.40725,1.4528063043167347
0.40750000000000003,1.3534825772457426
0.40775,2.0505797243353894
0.40800000000000003,2.4862787809639517
0.40825,3.1151760886612587
0.40850000000000003,1.1122727001527957
0.40875,1.446797927059384
0.40900000000000003,0.7638693130524903
0.40925,0.9704057552803474
0.40950000000000003,1.4542227255819316
0.40975,1.54751362291359
0.41000000000000003,1.4942834175059327
0.41025,1.5383968184527008
0.41050000000000003,2.004242009934308
0.41075,1.8679215650413312
0.41100000000000003,1.8468472989593674
0.41125,1.3487751787151692
0.41150000000000003,1.9942510297167924
0.41175,1.6649243682557848
0.41200000000000003,2.2888968940276198
0.41225,2.055996442917727
0.41250000000000003,1.0152915020149236
0.41275,2.216832372565965
0.41300000000000003,1.8362413241170161
0.41325,2.071692841803681
0.41350000000000003,1.679598908681985
0.41375,2.0885485863341624
0.41400000000000003,1.318070893349608
0.41425,1.3265858881819192
0.41450000000000004,1.785890947952768
0.41475,1.798135391664647
0.41500000000000004,1.734174509762402
0.41525,2.0184491860608724
0.41550000000000004,2.307745253573923
0.41575,2.4265795752598196
0.41600000000000004,2.29272213010912
0.41625,0.40680617868526553
0.4165,2.527350740386123
0.41675,2.0323113533868016
0.417,2.5985794351329385
0.41725,1.7919863825459914
0.4175,1.4952403309709525
0.41775,1.709885834930225
0.418,2.0097465811643116
0.41825,1.6924496154620245
0.4185,1.3988398236408428
0.41875,1.931063692366765
0.419,0.8919606303207378
0.41925,0.5847805024680969
0.4195,2.139619660478374
0.41975,2.7500323391474457
0.42,1.8172279190926663
0.42025,2.5952122940086664
0.4205,1.0785382849756595
0.42075,1.516457451987428
0.421,1.8173972314597497
0.42125,0.5558164428053572
0.4215,1.878290800403398
0.42175,1.8079058436281703
0.422,1.9702072610515575
0.42225,1.7593953376381832
0.4225,2.18622569804744
0.42275,1.8647388566595688
0.423,1.6554653061814915
0.42325,0.9405820212143684
0.4235,0.6444479223016146
0.42375,2.4851584484857376
0.424,1.4287244027165826
0.42425,1.2299226313957357
0.4245,1.6079688022542202
0.42475,2.1551059503449417
0.425,1.871134713886243
0.42525,2.2753546832109524
0.4255,1.1026526717902743
0.42575,0.8521610948773465
0.426,1.4291353861209524
0.42625,2.198072824488508
0.4265,1.5488769321184896
0.42675,1.3799342444252762
0.427,2.122812911001869
0.42725,1.543649331706065
0.4275,1.5683202978995638
0.42775,2.2410494351522243
0.428,1.2206791400518315
0.42825,1.2537874794418031
0.4285,2.711714085527162
0.42875,1.4692696515249233
0.429,1.4441113601394324
0.42925,1.9205598935926056
0.4295,2.0971438882508475
0.42975,2.1392573809784206
0.43,1.821270256084144
0.43025,1.1102910381114242
0.4305,1.9587391844822228
0.43075,1.4126633579208585
0.431,2.7700343310964004
0.43125,2.1875990922934454
0.4315,2.0203704570265004
0.43175,1.6331950922143927
0.432,1.0650761986688335
0.43225,1.8252387589319357
0.4325,1.8249362460213134
0.43275,2.577160628135643
0.433,2.3380845833939983
0.43325,1.8859679372220122
0.4335,1.0252266278717677
0.43375,1.7356298453028958
0.434,1.065358663066682
0.43425,1.0234948725698831
0.4345,1.450234933735185
0.43475,1.6832485976255265
0.435,1.7762059304143536
0.43525,2.0948469261111913
0.4355,1.7766095575187937
0.43575,1.9669593870922484
0.436,1.6011738088505236
0.43625,1.6410726679304288
0.4365,0.4801639420097693
0.43675,2.129440499888367
0.437,1.7527372254309297
0.43725,2.000203563642616
0.4375,1.0258626873175964
0.43775000000000003,2.3335372891682713
0.438,0.9167468764438728
0.43825000000000003,0.8326054671111093
0.4385,1.1872606531353977
0.43875000000000003,1.6359904768038345
0.439,1.5458402414185999
0.43925000000000003,1.4042501754984227
0.4395,1.371301696770026
0.43975000000000003,2.6531128689204624
0.44,1.8863870977525035
0.44025000000000003,1.258872519525145
0.4405,1.8632787424684103
0.44075000000000003,1.5810892834524275
0.441,2.0751033374951176
0.44125000000000003,1.7460935359725092
0.4415,1.627082419601606
0.44175000000000003,1.0569351639585918
0.442,1.9511787129995108
0.44225000000000003,1.5540364467550536
0.4425,1.542812718686619
0.44275000000000003,2.1174030689756735
0.443,2.8960193500753313
0.44325000000000003,1.604024298053115
0.4435,1.9799219141137474
0.44375000000000003,2.0487511047375455
0.444,2.2568934053670238
0.44425000000000003,1.7969962862672288
0.4445,2.3901669513141472
0.44475000000000003,0.39947470966368115
0.445,1.046660224791804
0.44525000000000003,1.4564125173303335
0.4455,1.774773490568134
0.44575000000000004,0.6998994499799192
0.446,1.7093654621066035
0.44625000000000004,2.511713581007945
0.4465,1.291909934678014
0.44675000000000004,1.4903006386070399
0.447,1.885441264507424
0.44725000000000004,1.9537712691472855
0.4475,1.2280512528250955
0.44775000000000004,1.3423105096683703
0.448,1.4286981618682997
0.44825,2.6169354752073843
0.4485,1.378587881716512
0.44875,2.0809033321615185
0.449,1.1251523897053417
0.44925,1.4480768913157933
0.4495,1.5069085477754824
0.44975,1.33034756226259
0.45,1.6843515713321118
0.45025,2.9882467845076714
0.4505,2.6037196009119694
0.45075,2.2163323086358524
0.451,0.9343287009467335
0.45125,0.6751518984252352
0.4515,1.1707189904095932
0.45175,1.4089693305043505
0.452,0.7459371292804559
0.45225,2.359819455178448
0.4525,2.579541265391868
0.45275,1.0763496756864654
0.453,0.8345502150641869
0.45325,1.8806646631366217
0.4535,1.929381828875947
0.45375,2.6680862212475733
0.454,1.353848132178263
0.45425,1.3704903543909395
0.4545,1.7860266278816013
0.45475,1.526857590968701
0.455,2.6182829341350438
0.45525,0.892845250511056
0.4555,1.0990386632655458
0.45575,1.65880117670957
0.456,1.146815155216924
0.45625,1.6312761351404714
0.4565,1.2340101858757884
0.45675,2.637943092743381
0.457,1.5398887395053413
0.45725,2.2022044271319916
0.4575,1.4867282134598816
0.45775,0.817019420596078
0.458,2.404106523859817
0.45825,1.9388989242085826
0.4585,1.4258953779392078
0.45875,1.0715586386633082
0.459,2.439133700895934
0.45925,2.6557875177643244
0.4595,2.168834093307824
0.45975,2.8367220240516864
0.46,1.924323444180218
0.46025,1.2339696944571557
0.4605,0.9399234716847407
0.46075,1.627014797468743
0.461,1.9376220271993816
0.46125,1.7615454897982306
0.4615,0.30621167215930767
0.46175,1.6458394735523083
0.462,1.335329351724764
0.46225,1.0685768815566863
0.4625,1.2919732660595606
0.46275,1.3134982682832979
0.463,2.214489034744887
0.46325,1.4596272260283787
0.4635,1.8195536598504194
0.46375,1.2703668671497117
0.464,2.014785880146019
0.46425,2.595629356560013
0.4645,2.1634543040761867
0.46475,1.8176161107409412
0.465,1.3101679544193063
0.46525,1.9900534710763265
0.4655,1.9629015361700988
0.46575,1.6186319344433993
0.466,1.312028985555856
0.46625,1.0197427466747067
0.4665,1.1059311279510493
0.46675,1.2440832246536844
0.467,2.558402377046024
0.46725,2.164863822840557
0.4675,1.854349770881219
0.46775,1.7085503343821216
0.468,1.411124734460029
0.46825,0.9628186277612185
0.4685,1.403782964433822
0.46875,1.0890074477352587
0.46900000000000003,1.4986706066101596
0.46925,2.0067204804220733
0.46950000000000003,1.1822577209091496
0.46975,2.991748761401148
0.47000000000000003,1.4615462267967412
0.47025,1.6054614303036463
0.47050000000000003,1.7153537528462621
0.47075,1.774329724689353
0.47100000000000003,0.7783854387014949
0.47125,1.951374738644395
0.47150000000000003,1.7789978701817735
0.47175,1.8119272569891502
0.47200000000000003,1.547033159010372
0.47225,0.6548074992613545
0.47250000000000003,1.6294465826552214
0.47275,1.4701567076924522
0.47300000000000003,1.4652475341823088
0.47325,1.562053238273502
0.47350000000000003,2.6974310369700785
0.47375,2.177923612956756
0.47400000000000003,1.388403215995568
0.47425,1.8591495643390878
0.47450000000000003,1.384132199114964
0.47475,1.5795002482360316
0.47500000000000003,2.0639845162347816
0.47525,3.095813389659661
0.47550000000000003,1.31224824855378
0.47575,1.908180620067384
0.47600000000000003,2.3863020399986214
0.47625,1.5240811660879248
0.47650000000000003,1.6448122135518384
0.47675,1.6139003880038036
0.47700000000000004,1.5291549530894994
0.47725,1.172762297098194
0.47750000000000004,2.15392976684724
0.47775,2.7729723974284672
0.47800000000000004,2.384142693878641
0.47825,1.9117691581473388
0.47850000000000004,3.010681614994905
0.47875,2.114535869201998
0.47900000000000004,0.7726197583329156
0.47925,1.5471791949355937
0.47950000000000004,1.2313543538976754
0.47975,0.6337575298416811
0.48,1.3133160597917595
0.48025,2.1398003213349694
0.4805,1.7544160605237644
0.48075,1.177840377747635
0.481,0.35543521282474
0.48125,1.2469326777497924
0.4815,1.7286193130188674
0.48175,2.646093930737466
0.482,1.4823595271940002
0.48225,1.5486998021046283
0.4825,2.0838225193247766
0.48275,1.78449733982557
0.483,1.6320152994980246
0.48325,1.0214670081864647
0.4835,1.4235597326786045
0.48375,1.1831081503823928
0.484,2.218319614797368
0.48425,1.3990088520605561
0.4845,1.0225092000396847
0.48475,1.713318105040615
0.485,3.571342039225905
0.48525,2.59082651224162
0.4855,1.4041002154942592
0.48575,1.657027247733165
0.486,1.3502581839826224
0.48625,2.2683929374555056
0.4865,1.0543545413824615
0.48675,2.6695609264057523
0.487,1.4741884286900369
0.48725,1.3319898018447813
0.4875,1.659352830646112
0.48775,1.171749870479426
0.488,2.6278858822554074
0.48825,1.6265900462059955
0.4885,2.738097284425575
0.48875,2.7725431241882714
0.489,2.7039656433943744
0.48925,2.357229560016115
0.4895,0.4333911823531819
0.48975,1.8136878883214136
0.49,1.0543326437613558
0.49025,2.351921914887752
0.4905,1.9234812839818862
0.49075,1.4202557715704849
0.491,1.805365733592989
0.49125,0.9162364583083137
0.4915,1.9572055808290156
0.49175,1.655214776000422
0.492,2.3905448708969623
0.49225,1.9179627871188663
0.4925,2.2579644192425667
0.49275,1.3985233856935242
0.493,0.6057840870984983
0.49325,0.987456420710147
0.4935,1.7334130451232101
0.49375,1.2233437073295208
0.494,1.0273512472392858
0.49425,1.0876385054606932
0.4945,2.0400719285433007
0.49475,1.2549236738926228
0.495,1.523870776439715
0.49525,2.0242689686833817
0.4955,0.8211628641369522
0.49575,1.9084568941672653
0.496,1.2277498645857812
0.49625,2.2747721278147273
0.4965,1.842011100732446
0.49675,1.2593581742605924
0.497,1.2532450072619885
0.49725,0.7394412276922571
0.4975,2.187628442000627
0.49775,1.7184641806710734
0.498,1.4031868351456658
0.49825,1.1334328341484976
0.4985,1.531783704103122
0.49875,2.925230036914686
0.499,1.3382642335964174
0.49925,1.4326096893586746
0.4995,1.82950691132542
0.49975,1.6462114658762286
0.5,1.7764138591856948
